filename,issue_type,severity,details
,large_scene,distribution_characteristic,GF1_WFV1_E120.0_N36.3_20200423_L2A0004760887: images=152
,large_scene,distribution_characteristic,GF1_WFV2_E123.6_N29.3_20190910_L2A0004239231: images=182
,large_scene,distribution_characteristic,GF1_WFV3_E121.9_N35.6_20190805_L2A0004161897: images=165
,large_scene,distribution_characteristic,GF1_WFV3_E122.4_N37.3_20190805_L2A0004161911: images=152
,large_scene,distribution_characteristic,GF1_WFV4_E124.0_N35.2_20200407_L1A0004724410: images=138
,large_scene,distribution_characteristic,GF6_WFV_E132.4_N35.8_20200914_L1A1120035552-1: images=204
,object_dense_scene,distribution_characteristic,GF1_WFV1_E120.0_N36.3_20200423_L2A0004760887: objects/image=1.5987
,object_dense_scene,distribution_characteristic,GF1_WFV3_E119.6_N35.6_20200424_L2A0004760840: objects/image=1.3435
,object_dense_scene,distribution_characteristic,GF6_WFV_E131.2_N35.8_20200910_L1A1120034678-3: objects/image=1.4773
,object_dense_scene,distribution_characteristic,GF6_WFV_E131.8_N38.0_20200910_L1A1120034675-1: objects/image=1.6053
,object_dense_scene,distribution_characteristic,GF6_WFV_E132.4_N35.8_20200914_L1A1120035552-1: objects/image=1.8480
,object_dense_scene,distribution_characteristic,GF6_WFV_E132.4_N35.8_20200914_L1A1120035552-3: objects/image=1.8000
GF1_WFV1_E110.3_N19.6_20200703_L2A0004902371_12288_13824.png,bbox_touches_image_edge,suspicious_but_valid,boxes=1
GF1_WFV1_E110.3_N19.6_20200703_L2A0004902371_2560_4096.png,bbox_touches_image_edge,suspicious_but_valid,boxes=1
GF1_WFV1_E110.3_N19.6_20200703_L2A0004902371_6656_3072.png,bbox_touches_image_edge,suspicious_but_valid,boxes=1
GF1_WFV1_E120.0_N36.3_20200423_L2A0004760887_10752_8192.png,bbox_touches_image_edge,suspicious_but_valid,boxes=1
GF1_WFV1_E120.0_N36.3_20200423_L2A0004760887_10752_9216.png,bbox_touches_image_edge,suspicious_but_valid,boxes=1
GF1_WFV1_E120.0_N36.3_20200423_L2A0004760887_11264_9728.png,bbox_touches_image_edge,suspicious_but_valid,boxes=1
GF1_WFV1_E120.0_N36.3_20200423_L2A0004760887_13312_10240.png,bbox_touches_image_edge,suspicious_but_valid,boxes=1
GF1_WFV1_E120.0_N36.3_20200423_L2A0004760887_13312_10752.png,bbox_touches_image_edge,suspicious_but_valid,boxes=1
GF1_WFV1_E120.0_N36.3_20200423_L2A0004760887_15872_6656.png,bbox_touches_image_edge,suspicious_but_valid,boxes=1
GF1_WFV1_E120.0_N36.3_20200423_L2A0004760887_7680_13312.png,bbox_touches_image_edge,suspicious_but_valid,boxes=1
GF1_WFV1_E120.0_N36.3_20200423_L2A0004760887_8192_13312.png,bbox_touches_image_edge,suspicious_but_valid,boxes=1
GF1_WFV2_E111.6_N17.5_20200703_L2A0004902588_11776_11776.png,bbox_touches_image_edge,suspicious_but_valid,boxes=1
GF1_WFV2_E111.6_N17.5_20200703_L2A0004902588_9728_2048.png,bbox_touches_image_edge,suspicious_but_valid,boxes=1
GF1_WFV2_E118.9_N24.3_20200710_L2A0004922278_1024_11776.png,bbox_touches_image_edge,suspicious_but_valid,boxes=1
GF1_WFV2_E118.9_N24.3_20200710_L2A0004922278_12800_4608.png,bbox_touches_image_edge,suspicious_but_valid,boxes=1
GF1_WFV2_E118.9_N24.3_20200710_L2A0004922278_512_11776.png,bbox_touches_image_edge,suspicious_but_valid,boxes=1
GF1_WFV2_E118.9_N24.3_20200710_L2A0004922278_8704_13824.png,bbox_touches_image_edge,suspicious_but_valid,boxes=1
GF1_WFV2_E123.6_N29.3_20190910_L2A0004239231_11776_8192.png,bbox_touches_image_edge,suspicious_but_valid,boxes=1
GF1_WFV2_E123.6_N29.3_20190910_L2A0004239231_1536_4608.png,bbox_touches_image_edge,suspicious_but_valid,boxes=2
GF1_WFV2_E123.6_N29.3_20190910_L2A0004239231_1536_5120.png,bbox_touches_image_edge,suspicious_but_valid,boxes=1
GF1_WFV2_E123.6_N29.3_20190910_L2A0004239231_2048_0.png,bbox_touches_image_edge,suspicious_but_valid,boxes=1
GF1_WFV2_E123.6_N29.3_20190910_L2A0004239231_2048_1024.png,bbox_touches_image_edge,suspicious_but_valid,boxes=1
GF1_WFV2_E123.6_N29.3_20190910_L2A0004239231_2048_9216.png,bbox_touches_image_edge,suspicious_but_valid,boxes=1
GF1_WFV2_E123.6_N29.3_20190910_L2A0004239231_2560_3584.png,bbox_touches_image_edge,suspicious_but_valid,boxes=1
GF1_WFV2_E123.6_N29.3_20190910_L2A0004239231_2560_6144.png,bbox_touches_image_edge,suspicious_but_valid,boxes=1
GF1_WFV2_E123.6_N29.3_20190910_L2A0004239231_3584_0.png,bbox_touches_image_edge,suspicious_but_valid,boxes=1
GF1_WFV2_E123.6_N29.3_20190910_L2A0004239231_3584_512.png,bbox_touches_image_edge,suspicious_but_valid,boxes=1
GF1_WFV2_E123.6_N29.3_20190910_L2A0004239231_4608_1024.png,bbox_touches_image_edge,suspicious_but_valid,boxes=1
GF1_WFV2_E123.6_N29.3_20190910_L2A0004239231_8192_3072.png,bbox_touches_image_edge,suspicious_but_valid,boxes=1
GF1_WFV2_E123.6_N29.3_20190910_L2A0004239231_8704_11776.png,bbox_touches_image_edge,suspicious_but_valid,boxes=1
GF1_WFV3_E112.3_N21.4_20190806_L2A0004164428_0_12288.png,bbox_touches_image_edge,suspicious_but_valid,boxes=1
GF1_WFV3_E112.3_N21.4_20190806_L2A0004164428_10752_9216.png,bbox_touches_image_edge,suspicious_but_valid,boxes=1
GF1_WFV3_E112.3_N21.4_20190806_L2A0004164428_10752_9728.png,bbox_touches_image_edge,suspicious_but_valid,boxes=1
GF1_WFV3_E112.3_N21.4_20190806_L2A0004164428_12593_7168.png,bbox_touches_image_edge,suspicious_but_valid,boxes=1
GF1_WFV3_E112.3_N21.4_20190806_L2A0004164428_13105_4608.png,bbox_touches_image_edge,suspicious_but_valid,boxes=1
GF1_WFV3_E112.3_N21.4_20190806_L2A0004164428_5120_9728.png,bbox_touches_image_edge,suspicious_but_valid,boxes=1
GF1_WFV3_E112.3_N21.4_20190806_L2A0004164428_9216_10240.png,bbox_touches_image_edge,suspicious_but_valid,boxes=1
GF1_WFV3_E112.5_N22.2_20190806_L2A0004164434_10752_11264.png,bbox_touches_image_edge,suspicious_but_valid,boxes=1
GF1_WFV3_E113.4_N17.2_20200703_L2A0004902183_1024_9216.png,bbox_touches_image_edge,suspicious_but_valid,boxes=1
GF1_WFV3_E113.4_N17.2_20200703_L2A0004902183_7680_3584.png,bbox_touches_image_edge,suspicious_but_valid,boxes=1
GF1_WFV3_E119.6_N35.6_20200424_L2A0004760840_10752_10752.png,bbox_touches_image_edge,suspicious_but_valid,boxes=1
GF1_WFV3_E119.6_N35.6_20200424_L2A0004760840_10752_11264.png,bbox_touches_image_edge,suspicious_but_valid,boxes=1
GF1_WFV3_E119.6_N35.6_20200424_L2A0004760840_11264_4096.png,bbox_touches_image_edge,suspicious_but_valid,boxes=1
GF1_WFV3_E119.6_N35.6_20200424_L2A0004760840_11776_12288.png,bbox_touches_image_edge,suspicious_but_valid,boxes=1
GF1_WFV3_E119.6_N35.6_20200424_L2A0004760840_12800_4608.png,bbox_touches_image_edge,suspicious_but_valid,boxes=1
GF1_WFV3_E119.6_N35.6_20200424_L2A0004760840_12800_8192.png,bbox_touches_image_edge,suspicious_but_valid,boxes=1
GF1_WFV3_E119.6_N35.6_20200424_L2A0004760840_14187_4608.png,bbox_touches_image_edge,suspicious_but_valid,boxes=1
GF1_WFV3_E119.6_N35.6_20200424_L2A0004760840_14699_5120.png,bbox_touches_image_edge,suspicious_but_valid,boxes=1
GF1_WFV3_E119.6_N35.6_20200424_L2A0004760840_8192_12288.png,bbox_touches_image_edge,suspicious_but_valid,boxes=1
GF1_WFV3_E119.6_N35.6_20200424_L2A0004760840_8192_13824.png,bbox_touches_image_edge,suspicious_but_valid,boxes=1
GF1_WFV3_E119.6_N35.6_20200424_L2A0004760840_8704_9728.png,bbox_touches_image_edge,suspicious_but_valid,boxes=1
GF1_WFV3_E119.6_N35.6_20200424_L2A0004760840_9216_10752.png,bbox_touches_image_edge,suspicious_but_valid,boxes=1
GF1_WFV3_E119.6_N35.6_20200424_L2A0004760840_9216_8704.png,bbox_touches_image_edge,suspicious_but_valid,boxes=1
GF1_WFV3_E120.2_N22.2_20200710_L2A0004922264_10752_10240.png,bbox_touches_image_edge,suspicious_but_valid,boxes=1
GF1_WFV3_E120.2_N22.2_20200710_L2A0004922264_11264_10240.png,bbox_touches_image_edge,suspicious_but_valid,boxes=1
GF1_WFV3_E120.2_N22.2_20200710_L2A0004922264_11264_12288.png,bbox_touches_image_edge,suspicious_but_valid,boxes=1
GF1_WFV3_E120.2_N22.2_20200710_L2A0004922264_3072_512.png,bbox_touches_image_edge,suspicious_but_valid,boxes=1
GF1_WFV3_E120.2_N22.2_20200710_L2A0004922264_3584_10240.png,bbox_touches_image_edge,suspicious_but_valid,boxes=1
GF1_WFV3_E120.2_N22.2_20200710_L2A0004922264_3584_512.png,bbox_touches_image_edge,suspicious_but_valid,boxes=1
GF1_WFV3_E120.2_N22.2_20200710_L2A0004922264_4608_10752.png,bbox_touches_image_edge,suspicious_but_valid,boxes=1
GF1_WFV3_E120.2_N22.2_20200710_L2A0004922264_5120_7168.png,bbox_touches_image_edge,suspicious_but_valid,boxes=1
GF1_WFV3_E120.2_N22.2_20200710_L2A0004922264_6656_4096.png,bbox_touches_image_edge,suspicious_but_valid,boxes=1
GF1_WFV3_E120.2_N22.2_20200710_L2A0004922264_6656_4608.png,bbox_touches_image_edge,suspicious_but_valid,boxes=2
GF1_WFV3_E120.2_N22.2_20200710_L2A0004922264_6656_5120.png,bbox_touches_image_edge,suspicious_but_valid,boxes=1
GF1_WFV3_E120.2_N22.2_20200710_L2A0004922264_7168_4096.png,bbox_touches_image_edge,suspicious_but_valid,boxes=1
GF1_WFV3_E120.2_N22.2_20200710_L2A0004922264_7168_5120.png,bbox_touches_image_edge,suspicious_but_valid,boxes=1
GF1_WFV3_E120.2_N22.2_20200710_L2A0004922264_8704_11776.png,bbox_touches_image_edge,suspicious_but_valid,boxes=1
GF1_WFV3_E120.2_N22.2_20200710_L2A0004922264_8704_7168.png,bbox_touches_image_edge,suspicious_but_valid,boxes=1
GF1_WFV3_E121.9_N35.6_20190805_L2A0004161897_11264_14336.png,bbox_touches_image_edge,suspicious_but_valid,boxes=1
GF1_WFV3_E121.9_N35.6_20190805_L2A0004161897_11264_14636.png,bbox_touches_image_edge,suspicious_but_valid,boxes=2
GF1_WFV3_E121.9_N35.6_20190805_L2A0004161897_11776_13312.png,bbox_touches_image_edge,suspicious_but_valid,boxes=1
GF1_WFV3_E121.9_N35.6_20190805_L2A0004161897_13312_6144.png,bbox_touches_image_edge,suspicious_but_valid,boxes=1
GF1_WFV3_E121.9_N35.6_20190805_L2A0004161897_2048_4096.png,bbox_touches_image_edge,suspicious_but_valid,boxes=1
GF1_WFV3_E122.4_N37.3_20190805_L2A0004161911_4096_4608.png,bbox_touches_image_edge,suspicious_but_valid,boxes=1
GF1_WFV3_E122.4_N37.3_20190805_L2A0004161911_9728_5632.png,bbox_touches_image_edge,suspicious_but_valid,boxes=1
GF1_WFV3_E131.3_N17.2_20200630_L2A0004898201_6656_11264.png,bbox_touches_image_edge,suspicious_but_valid,boxes=1
GF1_WFV4_E109.8_N16.7_20200704_L2A0004904643_17920_13824.png,bbox_touches_image_edge,suspicious_but_valid,boxes=1
GF1_WFV4_E110.2_N18.4_20200704_L2A0004904642_17920_14336.png,bbox_touches_image_edge,suspicious_but_valid,boxes=1
GF1_WFV4_E114.1_N21.0_20190806_L2A0004164437_1024_8704.png,bbox_touches_image_edge,suspicious_but_valid,boxes=1
GF1_WFV4_E114.1_N21.0_20190806_L2A0004164437_1536_8704.png,bbox_touches_image_edge,suspicious_but_valid,boxes=1
GF1_WFV4_E114.4_N21.8_20190806_L2A0004164425_10240_14336.png,bbox_touches_image_edge,suspicious_but_valid,boxes=1
GF1_WFV4_E114.4_N21.8_20190806_L2A0004164425_1024_11264.png,bbox_touches_image_edge,suspicious_but_valid,boxes=1
GF1_WFV4_E114.5_N11.7_20200703_L2A0004902460_12288_2560.png,bbox_touches_image_edge,suspicious_but_valid,boxes=1
GF1_WFV4_E114.5_N11.7_20200703_L2A0004902460_13312_4608.png,bbox_touches_image_edge,suspicious_but_valid,boxes=1
GF1_WFV4_E124.0_N33.5_20131122_L1A0000115971_10464_9216.png,bbox_touches_image_edge,suspicious_but_valid,boxes=1
GF1_WFV4_E124.0_N33.5_20131122_L1A0000115971_6144_11264.png,bbox_touches_image_edge,suspicious_but_valid,boxes=1
GF1_WFV4_E124.0_N33.5_20131122_L1A0000115971_8704_1536.png,bbox_touches_image_edge,suspicious_but_valid,boxes=1
GF1_WFV4_E124.0_N35.2_20200407_L1A0004724410_0_12800.png,bbox_touches_image_edge,suspicious_but_valid,boxes=1
GF1_WFV4_E124.0_N35.2_20200407_L1A0004724410_11488_1536.png,bbox_touches_image_edge,suspicious_but_valid,boxes=1
GF1_WFV4_E124.0_N35.2_20200407_L1A0004724410_1536_11776.png,bbox_touches_image_edge,suspicious_but_valid,boxes=1
GF1_WFV4_E124.0_N35.2_20200407_L1A0004724410_3072_11264.png,bbox_touches_image_edge,suspicious_but_valid,boxes=1
GF1_WFV4_E124.0_N35.2_20200407_L1A0004724410_5632_0.png,bbox_touches_image_edge,suspicious_but_valid,boxes=1
GF1_WFV4_E124.1_N30.1_20190629_L2A0004085462_10752_12288.png,bbox_touches_image_edge,suspicious_but_valid,boxes=1
GF1_WFV4_E124.1_N33.5_20200812_L1A0004986999_9216_9728.png,bbox_touches_image_edge,suspicious_but_valid,boxes=1
GF1_WFV4_E124.1_N35.2_20191206_L1A0004447282_4608_5120.png,bbox_touches_image_edge,suspicious_but_valid,boxes=1
GF1_WFV4_E124.3_N33.5_20200926_L1A0005089385_5632_5632.png,bbox_touches_image_edge,suspicious_but_valid,boxes=1
GF1_WFV4_E124.3_N33.5_20200926_L1A0005089385_7168_1024.png,bbox_touches_image_edge,suspicious_but_valid,boxes=1
GF1_WFV4_E124.5_N35.2_20200922_L1A0005079948_3584_2048.png,bbox_touches_image_edge,suspicious_but_valid,boxes=2
GF1_WFV4_E124.5_N35.2_20200922_L1A0005079948_7168_2560.png,bbox_touches_image_edge,suspicious_but_valid,boxes=2
GF1_WFV4_E124.5_N35.2_20200922_L1A0005079948_8704_10240.png,bbox_touches_image_edge,suspicious_but_valid,boxes=1
GF1_WFV4_E124.5_N36.8_20190805_L2A0004161899_16481_6144.png,bbox_touches_image_edge,suspicious_but_valid,boxes=1
GF6_WFV_E131.2_N35.8_20200910_L1A1120034678-2_15360_13312.png,bbox_touches_image_edge,suspicious_but_valid,boxes=1
GF6_WFV_E131.2_N35.8_20200910_L1A1120034678-2_17408_10752.png,bbox_touches_image_edge,suspicious_but_valid,boxes=1
GF6_WFV_E131.2_N35.8_20200910_L1A1120034678-2_2048_6656.png,bbox_touches_image_edge,suspicious_but_valid,boxes=1
GF6_WFV_E131.2_N35.8_20200910_L1A1120034678-2_21904_4608.png,bbox_touches_image_edge,suspicious_but_valid,boxes=1
GF6_WFV_E131.2_N35.8_20200910_L1A1120034678-2_4608_2048.png,bbox_touches_image_edge,suspicious_but_valid,boxes=1
GF6_WFV_E131.2_N35.8_20200910_L1A1120034678-3_1536_16384.png,bbox_touches_image_edge,suspicious_but_valid,boxes=1
GF6_WFV_E131.2_N35.8_20200910_L1A1120034678-3_3072_4608.png,bbox_touches_image_edge,suspicious_but_valid,boxes=1
GF6_WFV_E131.4_N22.4_20200530_L1A1120002374-3_9216_15360.png,bbox_touches_image_edge,suspicious_but_valid,boxes=1
GF6_WFV_E131.4_N24.7_20190523_L1A1119882277-1_0_512.png,bbox_touches_image_edge,suspicious_but_valid,boxes=1
GF6_WFV_E131.4_N24.7_20190523_L1A1119882277-1_2048_512.png,bbox_touches_image_edge,suspicious_but_valid,boxes=1
GF6_WFV_E131.4_N24.7_20190523_L1A1119882277-1_8192_14336.png,bbox_touches_image_edge,suspicious_but_valid,boxes=1
GF6_WFV_E131.6_N24.7_20191111_L1A1119942463-1_6144_1024.png,bbox_touches_image_edge,suspicious_but_valid,boxes=1
GF6_WFV_E131.6_N24.9_20190302_L1A1119852281-2_22928_6144.png,bbox_touches_image_edge,suspicious_but_valid,boxes=1
GF6_WFV_E131.8_N31.4_20200918_L1A1120036753-2_12800_17285.png,bbox_touches_image_edge,suspicious_but_valid,boxes=1
GF6_WFV_E131.8_N38.0_20200910_L1A1120034675-1_0_17285.png,bbox_touches_image_edge,suspicious_but_valid,boxes=1
GF6_WFV_E131.8_N38.0_20200910_L1A1120034675-2_13312_4608.png,bbox_touches_image_edge,suspicious_but_valid,boxes=1
GF6_WFV_E131.8_N38.0_20200910_L1A1120034675-2_15360_13824.png,bbox_touches_image_edge,suspicious_but_valid,boxes=1
GF6_WFV_E131.8_N38.0_20200910_L1A1120034675-2_18944_11264.png,bbox_touches_image_edge,suspicious_but_valid,boxes=1
GF6_WFV_E131.8_N38.0_20200910_L1A1120034675-2_19456_12288.png,bbox_touches_image_edge,suspicious_but_valid,boxes=1
GF6_WFV_E131.8_N38.0_20200910_L1A1120034675-2_5120_13312.png,bbox_touches_image_edge,suspicious_but_valid,boxes=1
GF6_WFV_E131.8_N38.0_20200910_L1A1120034675-3_1536_5120.png,bbox_touches_image_edge,suspicious_but_valid,boxes=1
GF6_WFV_E131.9_N22.4_20190604_L1A1119887740-2_22016_3072.png,bbox_touches_image_edge,suspicious_but_valid,boxes=1
GF6_WFV_E131.9_N22.4_20190604_L1A1119887740-3_8192_9728.png,bbox_touches_image_edge,suspicious_but_valid,boxes=1
GF6_WFV_E131.9_N26.9_20190523_L1A1119882283-1_0_16777.png,bbox_touches_image_edge,suspicious_but_valid,boxes=1
GF6_WFV_E131.9_N26.9_20190523_L1A1119882283-1_0_16896.png,bbox_touches_image_edge,suspicious_but_valid,boxes=1
GF6_WFV_E131.9_N26.9_20190523_L1A1119882283-1_3584_13824.png,bbox_touches_image_edge,suspicious_but_valid,boxes=1
GF6_WFV_E132.4_N35.8_20200914_L1A1120035552-1_10240_14848.png,bbox_touches_image_edge,suspicious_but_valid,boxes=1
GF6_WFV_E132.4_N35.8_20200914_L1A1120035552-1_10752_13312.png,bbox_touches_image_edge,suspicious_but_valid,boxes=1
GF6_WFV_E132.4_N35.8_20200914_L1A1120035552-1_10752_5120.png,bbox_touches_image_edge,suspicious_but_valid,boxes=1
GF6_WFV_E132.4_N35.8_20200914_L1A1120035552-1_11776_13824.png,bbox_touches_image_edge,suspicious_but_valid,boxes=1
GF6_WFV_E132.4_N35.8_20200914_L1A1120035552-1_6656_1536.png,bbox_touches_image_edge,suspicious_but_valid,boxes=1
GF6_WFV_E132.4_N35.8_20200914_L1A1120035552-1_7168_512.png,bbox_touches_image_edge,suspicious_but_valid,boxes=1
GF6_WFV_E132.4_N35.8_20200914_L1A1120035552-1_8704_13312.png,bbox_touches_image_edge,suspicious_but_valid,boxes=3
GF6_WFV_E132.4_N35.8_20200914_L1A1120035552-1_8704_13824.png,bbox_touches_image_edge,suspicious_but_valid,boxes=1
GF6_WFV_E132.4_N35.8_20200914_L1A1120035552-1_9216_13824.png,bbox_touches_image_edge,suspicious_but_valid,boxes=1
GF6_WFV_E132.4_N35.8_20200914_L1A1120035552-1_9216_15872.png,bbox_touches_image_edge,suspicious_but_valid,boxes=1
GF6_WFV_E132.4_N35.8_20200914_L1A1120035552-1_9216_8704.png,bbox_touches_image_edge,suspicious_but_valid,boxes=1
GF6_WFV_E132.4_N35.8_20200914_L1A1120035552-1_9728_13824.png,bbox_touches_image_edge,suspicious_but_valid,boxes=1
GF6_WFV_E132.4_N35.8_20200914_L1A1120035552-3_10752_7168.png,bbox_touches_image_edge,suspicious_but_valid,boxes=1
GF6_WFV_E132.4_N35.8_20200914_L1A1120035552-3_11264_7680.png,bbox_touches_image_edge,suspicious_but_valid,boxes=1
GF6_WFV_E132.4_N35.8_20200914_L1A1120035552-3_11281_12800.png,bbox_touches_image_edge,suspicious_but_valid,boxes=1
GF6_WFV_E132.4_N35.8_20200914_L1A1120035552-3_11281_7680.png,bbox_touches_image_edge,suspicious_but_valid,boxes=1
GF6_WFV_E132.4_N35.8_20200914_L1A1120035552-3_11281_8192.png,bbox_touches_image_edge,suspicious_but_valid,boxes=1
GF6_WFV_E132.4_N35.8_20200914_L1A1120035552-3_11776_14336.png,bbox_touches_image_edge,suspicious_but_valid,boxes=1
GF6_WFV_E133.0_N38.0_20200914_L1A1120035551-1_11264_16777.png,bbox_touches_image_edge,suspicious_but_valid,boxes=1
GF6_WFV_E133.0_N38.0_20200914_L1A1120035551-1_11264_16896.png,bbox_touches_image_edge,suspicious_but_valid,boxes=1
GF6_WFV_E133.0_N38.0_20200914_L1A1120035551-1_7168_16777.png,bbox_touches_image_edge,suspicious_but_valid,boxes=1
GF6_WFV_E133.6_N33.6_20200305_L1A1119973496-1_0_512.png,bbox_touches_image_edge,suspicious_but_valid,boxes=1
GF6_WFV_E133.6_N33.6_20200305_L1A1119973496-1_12928_9216.png,bbox_touches_image_edge,suspicious_but_valid,boxes=1
GF6_WFV_E133.6_N33.6_20200305_L1A1119973496-1_3072_2048.png,bbox_touches_image_edge,suspicious_but_valid,boxes=1
GF6_WFV_E133.6_N33.6_20200305_L1A1119973496-2_7168_5120.png,bbox_touches_image_edge,suspicious_but_valid,boxes=1
GF6_WFV_E133.6_N33.6_20200305_L1A1119973496-2_9216_4608.png,bbox_touches_image_edge,suspicious_but_valid,boxes=1
GF6_WFV_E136.0_N26.9_20200913_L1A1120035638-1_10752_8192.png,bbox_touches_image_edge,suspicious_but_valid,boxes=1
GF6_WFV_E137.2_N26.9_20200521_L1A1119999497-2_20992_6144.png,bbox_touches_image_edge,suspicious_but_valid,boxes=1
GF6_WFV_E137.2_N31.4_20200913_L1A1120035633-1_11264_3584.png,bbox_touches_image_edge,suspicious_but_valid,boxes=1
GF6_WFV_E137.7_N29.1_20200521_L1A1119999499-2_21904_7168.png,bbox_touches_image_edge,suspicious_but_valid,boxes=1
GF6_WFV_E138.3_N31.4_20200521_L1A1119999493-1_8192_1536.png,bbox_touches_image_edge,suspicious_but_valid,boxes=1
GF1_WFV1_E110.3_N19.6_20200703_L2A0004902371_12288_13824.png,black_pixels_over_50_percent,suspicious_but_valid,black_ratio=0.622646
GF1_WFV1_E110.3_N19.6_20200703_L2A0004902371_13872_2048.png,black_pixels_over_50_percent,suspicious_but_valid,black_ratio=0.513496
GF1_WFV1_E110.3_N19.6_20200703_L2A0004902371_4608_0.png,black_pixels_over_50_percent,suspicious_but_valid,black_ratio=0.864002
GF1_WFV1_E120.0_N36.3_20200423_L2A0004760887_12288_14696.png,black_pixels_over_50_percent,suspicious_but_valid,black_ratio=0.768261
GF1_WFV1_E120.0_N36.3_20200423_L2A0004760887_14848_14696.png,black_pixels_over_50_percent,suspicious_but_valid,black_ratio=0.694752
GF1_WFV1_E120.0_N36.3_20200423_L2A0004760887_15360_11264.png,black_pixels_over_50_percent,suspicious_but_valid,black_ratio=0.605335
GF1_WFV1_E120.0_N36.3_20200423_L2A0004760887_15360_11776.png,black_pixels_over_50_percent,suspicious_but_valid,black_ratio=0.766556
GF1_WFV1_E120.0_N36.3_20200423_L2A0004760887_15485_10240.png,black_pixels_over_50_percent,suspicious_but_valid,black_ratio=0.527576
GF1_WFV1_E120.0_N36.3_20200423_L2A0004760887_15485_10752.png,black_pixels_over_50_percent,suspicious_but_valid,black_ratio=0.688511
GF1_WFV1_E120.0_N36.3_20200423_L2A0004760887_15485_11776.png,black_pixels_over_50_percent,suspicious_but_valid,black_ratio=0.984825
GF1_WFV1_E120.0_N36.3_20200423_L2A0004760887_15872_8192.png,black_pixels_over_50_percent,suspicious_but_valid,black_ratio=0.642395
GF1_WFV1_E120.0_N36.3_20200423_L2A0004760887_15872_8704.png,black_pixels_over_50_percent,suspicious_but_valid,black_ratio=0.802307
GF1_WFV1_E120.0_N36.3_20200423_L2A0004760887_15997_7168.png,black_pixels_over_50_percent,suspicious_but_valid,black_ratio=0.567322
GF1_WFV1_E120.0_N36.3_20200423_L2A0004760887_16509_5120.png,black_pixels_over_50_percent,suspicious_but_valid,black_ratio=0.931213
GF1_WFV1_E120.0_N36.3_20200423_L2A0004760887_4096_0.png,black_pixels_over_50_percent,suspicious_but_valid,black_ratio=0.708351
GF1_WFV1_E120.0_N36.3_20200423_L2A0004760887_6144_13824.png,black_pixels_over_50_percent,suspicious_but_valid,black_ratio=0.984303
GF1_WFV1_E120.0_N36.3_20200423_L2A0004760887_7680_13824.png,black_pixels_over_50_percent,suspicious_but_valid,black_ratio=0.523911
GF1_WFV2_E111.6_N17.5_20200703_L2A0004902588_12800_9728.png,black_pixels_over_50_percent,suspicious_but_valid,black_ratio=0.900463
GF1_WFV2_E112.0_N19.2_20200703_L2A0004902375_2048_0.png,black_pixels_over_50_percent,suspicious_but_valid,black_ratio=0.999996
GF1_WFV2_E112.0_N19.2_20200703_L2A0004902375_6656_14167.png,black_pixels_over_50_percent,suspicious_but_valid,black_ratio=0.918106
GF1_WFV2_E112.0_N19.2_20200703_L2A0004902375_7168_14167.png,black_pixels_over_50_percent,suspicious_but_valid,black_ratio=0.716141
GF1_WFV2_E112.0_N19.2_20200703_L2A0004902375_7680_14167.png,black_pixels_over_50_percent,suspicious_but_valid,black_ratio=0.513138
GF1_WFV2_E118.9_N24.3_20200710_L2A0004922278_0_10752.png,black_pixels_over_50_percent,suspicious_but_valid,black_ratio=0.685982
GF1_WFV2_E118.9_N24.3_20200710_L2A0004922278_12288_12800.png,black_pixels_over_50_percent,suspicious_but_valid,black_ratio=0.681503
GF1_WFV2_E118.9_N24.3_20200710_L2A0004922278_14019_3584.png,black_pixels_over_50_percent,suspicious_but_valid,black_ratio=0.577362
GF1_WFV2_E118.9_N24.3_20200710_L2A0004922278_14019_4096.png,black_pixels_over_50_percent,suspicious_but_valid,black_ratio=0.769836
GF1_WFV2_E118.9_N24.3_20200710_L2A0004922278_14019_4608.png,black_pixels_over_50_percent,suspicious_but_valid,black_ratio=0.953495
GF1_WFV2_E118.9_N24.3_20200710_L2A0004922278_6144_13824.png,black_pixels_over_50_percent,suspicious_but_valid,black_ratio=0.564034
GF1_WFV2_E123.6_N29.3_20190910_L2A0004239231_1024_5632.png,black_pixels_over_50_percent,suspicious_but_valid,black_ratio=0.75626
GF1_WFV2_E123.6_N29.3_20190910_L2A0004239231_1024_6144.png,black_pixels_over_50_percent,suspicious_but_valid,black_ratio=0.551014
GF1_WFV2_E123.6_N29.3_20190910_L2A0004239231_1536_3072.png,black_pixels_over_50_percent,suspicious_but_valid,black_ratio=0.780388
GF1_WFV2_E123.6_N29.3_20190910_L2A0004239231_1536_3584.png,black_pixels_over_50_percent,suspicious_but_valid,black_ratio=0.575745
GF1_WFV2_E123.6_N29.3_20190910_L2A0004239231_2048_0.png,black_pixels_over_50_percent,suspicious_but_valid,black_ratio=0.97702
GF1_WFV2_E123.6_N29.3_20190910_L2A0004239231_2048_1024.png,black_pixels_over_50_percent,suspicious_but_valid,black_ratio=0.597401
GF1_WFV2_E123.6_N29.3_20190910_L2A0004239231_2048_512.png,black_pixels_over_50_percent,suspicious_but_valid,black_ratio=0.801346
GF1_WFV2_E123.6_N29.3_20190910_L2A0004239231_4608_0.png,black_pixels_over_50_percent,suspicious_but_valid,black_ratio=0.889236
GF1_WFV2_E123.6_N29.3_20190910_L2A0004239231_5120_0.png,black_pixels_over_50_percent,suspicious_but_valid,black_ratio=0.999771
GF1_WFV2_E123.6_N29.3_20190910_L2A0004239231_512_8192.png,black_pixels_over_50_percent,suspicious_but_valid,black_ratio=0.729092
GF1_WFV2_E123.6_N29.3_20190910_L2A0004239231_512_8704.png,black_pixels_over_50_percent,suspicious_but_valid,black_ratio=0.523209
GF1_WFV2_E123.6_N29.3_20190910_L2A0004239231_6144_13824.png,black_pixels_over_50_percent,suspicious_but_valid,black_ratio=0.536861
GF1_WFV3_E112.3_N21.4_20190806_L2A0004164428_12800_10240.png,black_pixels_over_50_percent,suspicious_but_valid,black_ratio=0.676327
GF1_WFV3_E112.3_N21.4_20190806_L2A0004164428_13312_7680.png,black_pixels_over_50_percent,suspicious_but_valid,black_ratio=0.626213
GF1_WFV3_E112.3_N21.4_20190806_L2A0004164428_14129_4608.png,black_pixels_over_50_percent,suspicious_but_valid,black_ratio=0.952904
GF1_WFV3_E112.3_N21.4_20190806_L2A0004164428_512_7680.png,black_pixels_over_50_percent,suspicious_but_valid,black_ratio=0.976048
GF1_WFV3_E112.6_N13.8_20200703_L2A0004902372_15384_7168.png,black_pixels_over_50_percent,suspicious_but_valid,black_ratio=0.885178
GF1_WFV3_E113.4_N17.2_20200703_L2A0004902183_1024_6144.png,black_pixels_over_50_percent,suspicious_but_valid,black_ratio=0.625473
GF1_WFV3_E113.4_N17.2_20200703_L2A0004902183_15870_4608.png,black_pixels_over_50_percent,suspicious_but_valid,black_ratio=0.836613
GF1_WFV3_E119.6_N35.6_20200424_L2A0004760840_10240_14848.png,black_pixels_over_50_percent,suspicious_but_valid,black_ratio=0.556786
GF1_WFV3_E119.6_N35.6_20200424_L2A0004760840_13312_15201.png,black_pixels_over_50_percent,suspicious_but_valid,black_ratio=0.799442
GF1_WFV3_E119.6_N35.6_20200424_L2A0004760840_14699_9728.png,black_pixels_over_50_percent,suspicious_but_valid,black_ratio=0.998638
GF1_WFV3_E119.6_N35.6_20200424_L2A0004760840_15723_4096.png,black_pixels_over_50_percent,suspicious_but_valid,black_ratio=0.611671
GF1_WFV3_E119.6_N35.6_20200424_L2A0004760840_15723_5120.png,black_pixels_over_50_percent,suspicious_but_valid,black_ratio=0.994099
GF1_WFV3_E120.2_N22.2_20200710_L2A0004922264_2560_0.png,black_pixels_over_50_percent,suspicious_but_valid,black_ratio=0.812416
GF1_WFV3_E120.2_N22.2_20200710_L2A0004922264_2560_512.png,black_pixels_over_50_percent,suspicious_but_valid,black_ratio=0.573475
GF1_WFV3_E120.2_N22.2_20200710_L2A0004922264_4096_0.png,black_pixels_over_50_percent,suspicious_but_valid,black_ratio=0.60918
GF1_WFV3_E120.2_N22.2_20200710_L2A0004922264_8704_14848.png,black_pixels_over_50_percent,suspicious_but_valid,black_ratio=0.942768
GF1_WFV3_E121.9_N35.6_20190805_L2A0004161897_10240_15148.png,black_pixels_over_50_percent,suspicious_but_valid,black_ratio=0.638924
GF1_WFV3_E121.9_N35.6_20190805_L2A0004161897_1024_6656.png,black_pixels_over_50_percent,suspicious_but_valid,black_ratio=0.831055
GF1_WFV3_E121.9_N35.6_20190805_L2A0004161897_1024_7168.png,black_pixels_over_50_percent,suspicious_but_valid,black_ratio=0.581055
GF1_WFV3_E121.9_N35.6_20190805_L2A0004161897_11776_14848.png,black_pixels_over_50_percent,suspicious_but_valid,black_ratio=0.674805
GF1_WFV3_E121.9_N35.6_20190805_L2A0004161897_12288_13312.png,black_pixels_over_50_percent,suspicious_but_valid,black_ratio=0.919453
GF1_WFV3_E121.9_N35.6_20190805_L2A0004161897_12800_11264.png,black_pixels_over_50_percent,suspicious_but_valid,black_ratio=0.919777
GF1_WFV3_E121.9_N35.6_20190805_L2A0004161897_12929_10240.png,black_pixels_over_50_percent,suspicious_but_valid,black_ratio=0.677151
GF1_WFV3_E121.9_N35.6_20190805_L2A0004161897_13312_9216.png,black_pixels_over_50_percent,suspicious_but_valid,black_ratio=0.920692
GF1_WFV3_E121.9_N35.6_20190805_L2A0004161897_13824_6656.png,black_pixels_over_50_percent,suspicious_but_valid,black_ratio=0.678955
GF1_WFV3_E121.9_N35.6_20190805_L2A0004161897_13824_7168.png,black_pixels_over_50_percent,suspicious_but_valid,black_ratio=0.922646
GF1_WFV3_E121.9_N35.6_20190805_L2A0004161897_14465_4096.png,black_pixels_over_50_percent,suspicious_but_valid,black_ratio=0.685883
GF1_WFV3_E121.9_N35.6_20190805_L2A0004161897_6656_14336.png,black_pixels_over_50_percent,suspicious_but_valid,black_ratio=0.806332
GF1_WFV3_E121.9_N35.6_20190805_L2A0004161897_7168_14336.png,black_pixels_over_50_percent,suspicious_but_valid,black_ratio=0.555534
GF1_WFV3_E122.4_N37.3_20190805_L2A0004161911_10240_15134.png,black_pixels_over_50_percent,suspicious_but_valid,black_ratio=0.636078
GF1_WFV3_E122.4_N37.3_20190805_L2A0004161911_11776_14848.png,black_pixels_over_50_percent,suspicious_but_valid,black_ratio=0.681568
GF1_WFV3_E122.4_N37.3_20190805_L2A0004161911_12800_11264.png,black_pixels_over_50_percent,suspicious_but_valid,black_ratio=0.933281
GF1_WFV3_E122.4_N37.3_20190805_L2A0004161911_13312_9216.png,black_pixels_over_50_percent,suspicious_but_valid,black_ratio=0.938885
GF1_WFV3_E122.4_N37.3_20190805_L2A0004161911_3072_13312.png,black_pixels_over_50_percent,suspicious_but_valid,black_ratio=0.564194
GF1_WFV3_E122.4_N37.3_20190805_L2A0004161911_8192_1024.png,black_pixels_over_50_percent,suspicious_but_valid,black_ratio=0.552734
GF1_WFV4_E109.8_N16.7_20200704_L2A0004904643_1024_12800.png,black_pixels_over_50_percent,suspicious_but_valid,black_ratio=0.538918
GF1_WFV4_E109.8_N16.7_20200704_L2A0004904643_9216_14848.png,black_pixels_over_50_percent,suspicious_but_valid,black_ratio=0.771027
GF1_WFV4_E109.8_N16.7_20200704_L2A0004904643_9728_14848.png,black_pixels_over_50_percent,suspicious_but_valid,black_ratio=0.53574
GF1_WFV4_E114.1_N21.0_20190806_L2A0004164437_512_8704.png,black_pixels_over_50_percent,suspicious_but_valid,black_ratio=0.834965
GF1_WFV4_E114.4_N21.8_20190806_L2A0004164425_0_11264.png,black_pixels_over_50_percent,suspicious_but_valid,black_ratio=0.588867
GF1_WFV4_E114.4_N21.8_20190806_L2A0004164425_1024_12800.png,black_pixels_over_50_percent,suspicious_but_valid,black_ratio=0.51688
GF1_WFV4_E114.4_N21.8_20190806_L2A0004164425_17069_4608.png,black_pixels_over_50_percent,suspicious_but_valid,black_ratio=0.606445
GF1_WFV4_E124.1_N30.1_20190629_L2A0004085462_14848_16269.png,black_pixels_over_50_percent,suspicious_but_valid,black_ratio=0.593506
GF1_WFV4_E124.5_N36.8_20190805_L2A0004161899_1024_12800.png,black_pixels_over_50_percent,suspicious_but_valid,black_ratio=0.516632
GF1_WFV4_E124.5_N36.8_20190805_L2A0004161899_14848_13312.png,black_pixels_over_50_percent,suspicious_but_valid,black_ratio=0.655689
GF1_WFV4_E124.5_N36.8_20190805_L2A0004161899_15360_11264.png,black_pixels_over_50_percent,suspicious_but_valid,black_ratio=0.662483
GF1_WFV4_E124.5_N36.8_20190805_L2A0004161899_15360_11776.png,black_pixels_over_50_percent,suspicious_but_valid,black_ratio=0.908276
GF1_WFV4_E124.5_N36.8_20190805_L2A0004161899_16993_5120.png,black_pixels_over_50_percent,suspicious_but_valid,black_ratio=0.879665
GF1_WFV1_E120.0_N36.3_20200423_L2A0004760887_15485_11776.png,perceptual_near,suspicious_but_valid,other=GF1_WFV1_E120.0_N36.3_20200423_L2A0004760887_9216_11776.png; perceptual_distance=4
GF1_WFV1_E120.0_N36.3_20200423_L2A0004760887_15485_11776.png,perceptual_near,suspicious_but_valid,other=GF1_WFV3_E119.6_N35.6_20200424_L2A0004760840_15723_5120.png; perceptual_distance=4
GF1_WFV1_E120.0_N36.3_20200423_L2A0004760887_15485_11776.png,perceptual_near,suspicious_but_valid,other=GF1_WFV4_E124.5_N35.2_20200922_L1A0005079948_7680_12288.png; perceptual_distance=4
GF1_WFV1_E120.0_N36.3_20200423_L2A0004760887_15485_11776.png,perceptual_near,suspicious_but_valid,other=GF6_WFV_E131.9_N22.4_20190604_L1A1119887740-1_5120_0.png; perceptual_distance=4
GF1_WFV1_E120.0_N36.3_20200423_L2A0004760887_15485_11776.png,perceptual_near,suspicious_but_valid,other=GF6_WFV_E132.4_N35.8_20200914_L1A1120035552-1_10752_5120.png; perceptual_distance=4
GF1_WFV1_E120.0_N36.3_20200423_L2A0004760887_15485_11776.png,perceptual_near,suspicious_but_valid,other=GF6_WFV_E132.4_N35.8_20200914_L1A1120035552-2_10752_11264.png; perceptual_distance=2
GF1_WFV1_E120.0_N36.3_20200423_L2A0004760887_9216_11776.png,perceptual_near,suspicious_but_valid,other=GF1_WFV3_E119.6_N35.6_20200424_L2A0004760840_15723_5120.png; perceptual_distance=2
GF1_WFV1_E120.0_N36.3_20200423_L2A0004760887_9216_11776.png,perceptual_near,suspicious_but_valid,other=GF1_WFV4_E124.5_N35.2_20200922_L1A0005079948_7680_12288.png; perceptual_distance=2
GF1_WFV1_E120.0_N36.3_20200423_L2A0004760887_9216_11776.png,perceptual_near,suspicious_but_valid,other=GF6_WFV_E131.9_N22.4_20190604_L1A1119887740-1_5120_0.png; perceptual_distance=4
GF1_WFV1_E120.0_N36.3_20200423_L2A0004760887_9216_11776.png,perceptual_near,suspicious_but_valid,other=GF6_WFV_E132.4_N35.8_20200914_L1A1120035552-1_10752_5120.png; perceptual_distance=2
GF1_WFV1_E120.0_N36.3_20200423_L2A0004760887_9216_11776.png,perceptual_near,suspicious_but_valid,other=GF6_WFV_E132.4_N35.8_20200914_L1A1120035552-2_10752_11264.png; perceptual_distance=2
GF1_WFV2_E112.0_N19.2_20200703_L2A0004902375_2048_0.png,perceptual_near,suspicious_but_valid,other=GF6_WFV_E131.6_N24.9_20190302_L1A1119852281-2_0_14848.png; perceptual_distance=0
GF1_WFV2_E112.0_N19.2_20200703_L2A0004902375_2048_0.png,perceptual_near,suspicious_but_valid,other=GF6_WFV_E131.6_N24.9_20190302_L1A1119852281-2_1536_14336.png; perceptual_distance=0
GF1_WFV2_E112.0_N19.2_20200703_L2A0004902375_2048_0.png,perceptual_near,suspicious_but_valid,other=GF6_WFV_E131.6_N24.9_20190302_L1A1119852281-2_1536_14848.png; perceptual_distance=0
GF1_WFV2_E112.0_N19.2_20200703_L2A0004902375_2048_0.png,perceptual_near,suspicious_but_valid,other=GF6_WFV_E132.4_N35.8_20200914_L1A1120035552-1_10752_5632.png; perceptual_distance=0
GF1_WFV2_E112.0_N19.2_20200703_L2A0004902375_2048_0.png,perceptual_near,suspicious_but_valid,other=GF6_WFV_E132.4_N35.8_20200914_L1A1120035552-1_7680_1536.png; perceptual_distance=0
GF1_WFV2_E112.0_N19.2_20200703_L2A0004902375_2048_0.png,perceptual_near,suspicious_but_valid,other=GF6_WFV_E132.4_N35.8_20200914_L1A1120035552-1_7680_512.png; perceptual_distance=0
GF1_WFV2_E112.0_N19.2_20200703_L2A0004902375_2048_0.png,perceptual_near,suspicious_but_valid,other=GF6_WFV_E134.3_N40.2_20200918_L1A1120036758-1_10752_8704.png; perceptual_distance=0
GF1_WFV2_E112.0_N19.2_20200703_L2A0004902375_2048_0.png,perceptual_near,suspicious_but_valid,other=GF6_WFV_E134.3_N40.2_20200918_L1A1120036758-1_11264_8704.png; perceptual_distance=0
GF1_WFV2_E112.0_N19.2_20200703_L2A0004902375_2048_0.png,perceptual_near,suspicious_but_valid,other=GF6_WFV_E134.3_N40.2_20200918_L1A1120036758-1_12928_6144.png; perceptual_distance=0
GF1_WFV2_E112.0_N19.2_20200703_L2A0004902375_2048_0.png,perceptual_near,suspicious_but_valid,other=GF6_WFV_E134.3_N40.2_20200918_L1A1120036758-1_6144_10752.png; perceptual_distance=0
GF1_WFV2_E112.0_N19.2_20200703_L2A0004902375_2048_0.png,perceptual_near,suspicious_but_valid,other=GF6_WFV_E134.3_N40.2_20200918_L1A1120036758-1_6656_12800.png; perceptual_distance=0
GF1_WFV2_E112.0_N19.2_20200703_L2A0004902375_2048_0.png,perceptual_near,suspicious_but_valid,other=GF6_WFV_E134.3_N40.2_20200918_L1A1120036758-1_7680_16896.png; perceptual_distance=0
GF1_WFV2_E123.6_N29.3_20190910_L2A0004239231_1024_6144.png,perceptual_near,suspicious_but_valid,other=GF1_WFV2_E123.6_N29.3_20190910_L2A0004239231_512_8704.png; perceptual_distance=4
GF1_WFV2_E123.6_N29.3_20190910_L2A0004239231_1536_5120.png,perceptual_near,suspicious_but_valid,other=GF1_WFV2_E123.6_N29.3_20190910_L2A0004239231_2048_2560.png; perceptual_distance=4
GF1_WFV2_E123.6_N29.3_20190910_L2A0004239231_1536_5120.png,perceptual_near,suspicious_but_valid,other=GF1_WFV2_E123.6_N29.3_20190910_L2A0004239231_9728_3584.png; perceptual_distance=2
GF1_WFV2_E123.6_N29.3_20190910_L2A0004239231_2048_0.png,perceptual_near,suspicious_but_valid,other=GF1_WFV3_E112.3_N21.4_20190806_L2A0004164428_512_7680.png; perceptual_distance=0
GF1_WFV2_E123.6_N29.3_20190910_L2A0004239231_2048_2560.png,perceptual_near,suspicious_but_valid,other=GF1_WFV2_E123.6_N29.3_20190910_L2A0004239231_9728_3584.png; perceptual_distance=2
GF1_WFV2_E123.6_N29.3_20190910_L2A0004239231_4608_4096.png,perceptual_near,suspicious_but_valid,other=GF6_WFV_E131.4_N22.4_20200419_L1A1119988588-2_16896_15360.png; perceptual_distance=4
GF1_WFV2_E123.6_N29.3_20190910_L2A0004239231_5120_0.png,perceptual_near,suspicious_but_valid,other=GF1_WFV4_E124.6_N36.8_20191206_L1A0004447277_8704_512.png; perceptual_distance=4
GF1_WFV2_E123.6_N29.3_20190910_L2A0004239231_6144_13824.png,perceptual_near,suspicious_but_valid,other=GF1_WFV3_E122.4_N37.3_20190805_L2A0004161911_3072_13312.png; perceptual_distance=4
GF1_WFV2_E123.6_N29.3_20190910_L2A0004239231_7680_13824.png,perceptual_near,suspicious_but_valid,other=GF6_WFV_E132.4_N35.8_20200914_L1A1120035552-1_10240_512.png; perceptual_distance=4
GF1_WFV3_E113.4_N17.2_20200703_L2A0004902183_4608_4608.png,perceptual_near,suspicious_but_valid,other=GF6_WFV_E131.2_N35.8_20200910_L1A1120034678-2_15872_13824.png; perceptual_distance=4
GF1_WFV3_E119.6_N35.6_20200424_L2A0004760840_10240_14848.png,perceptual_near,suspicious_but_valid,other=GF1_WFV3_E121.9_N35.6_20190805_L2A0004161897_7168_14336.png; perceptual_distance=4
GF1_WFV3_E119.6_N35.6_20200424_L2A0004760840_10240_14848.png,perceptual_near,suspicious_but_valid,other=GF1_WFV3_E122.4_N37.3_20190805_L2A0004161911_3072_13312.png; perceptual_distance=4
GF1_WFV3_E119.6_N35.6_20200424_L2A0004760840_13312_13824.png,perceptual_near,suspicious_but_valid,other=GF1_WFV3_E121.9_N35.6_20190805_L2A0004161897_12288_11776.png; perceptual_distance=4
GF1_WFV3_E119.6_N35.6_20200424_L2A0004760840_13312_13824.png,perceptual_near,suspicious_but_valid,other=GF1_WFV3_E121.9_N35.6_20190805_L2A0004161897_12929_9216.png; perceptual_distance=4
GF1_WFV3_E119.6_N35.6_20200424_L2A0004760840_13312_13824.png,perceptual_near,suspicious_but_valid,other=GF1_WFV3_E121.9_N35.6_20190805_L2A0004161897_13312_7680.png; perceptual_distance=2
GF1_WFV3_E119.6_N35.6_20200424_L2A0004760840_13312_13824.png,perceptual_near,suspicious_but_valid,other=GF1_WFV3_E121.9_N35.6_20190805_L2A0004161897_13441_7168.png; perceptual_distance=4
GF1_WFV3_E119.6_N35.6_20200424_L2A0004760840_13312_13824.png,perceptual_near,suspicious_but_valid,other=GF1_WFV3_E122.4_N37.3_20190805_L2A0004161911_12288_11776.png; perceptual_distance=4
GF1_WFV3_E119.6_N35.6_20200424_L2A0004760840_15723_5120.png,perceptual_near,suspicious_but_valid,other=GF1_WFV4_E124.3_N33.5_20200926_L1A0005089385_9952_2560.png; perceptual_distance=4
GF1_WFV3_E119.6_N35.6_20200424_L2A0004760840_15723_5120.png,perceptual_near,suspicious_but_valid,other=GF1_WFV4_E124.5_N35.2_20200922_L1A0005079948_7680_12288.png; perceptual_distance=4
GF1_WFV3_E119.6_N35.6_20200424_L2A0004760840_15723_5120.png,perceptual_near,suspicious_but_valid,other=GF6_WFV_E131.9_N22.4_20190604_L1A1119887740-1_5120_0.png; perceptual_distance=4
GF1_WFV3_E119.6_N35.6_20200424_L2A0004760840_15723_5120.png,perceptual_near,suspicious_but_valid,other=GF6_WFV_E132.4_N35.8_20200914_L1A1120035552-1_10752_5120.png; perceptual_distance=0
GF1_WFV3_E119.6_N35.6_20200424_L2A0004760840_15723_5120.png,perceptual_near,suspicious_but_valid,other=GF6_WFV_E132.4_N35.8_20200914_L1A1120035552-2_10752_11264.png; perceptual_distance=2
GF1_WFV3_E120.2_N22.2_20200710_L2A0004922264_13824_5632.png,perceptual_near,suspicious_but_valid,other=GF1_WFV3_E121.9_N35.6_20190805_L2A0004161897_12288_11776.png; perceptual_distance=4
GF1_WFV3_E121.9_N35.6_20190805_L2A0004161897_10240_15148.png,perceptual_near,suspicious_but_valid,other=GF1_WFV3_E122.4_N37.3_20190805_L2A0004161911_10240_15134.png; perceptual_distance=4
GF1_WFV3_E121.9_N35.6_20190805_L2A0004161897_11776_13312.png,perceptual_near,suspicious_but_valid,other=GF1_WFV3_E121.9_N35.6_20190805_L2A0004161897_12288_11264.png; perceptual_distance=4
GF1_WFV3_E121.9_N35.6_20190805_L2A0004161897_11776_13312.png,perceptual_near,suspicious_but_valid,other=GF1_WFV3_E121.9_N35.6_20190805_L2A0004161897_12800_9216.png; perceptual_distance=4
GF1_WFV3_E121.9_N35.6_20190805_L2A0004161897_11776_13312.png,perceptual_near,suspicious_but_valid,other=GF1_WFV3_E121.9_N35.6_20190805_L2A0004161897_13953_4608.png; perceptual_distance=4
GF1_WFV3_E121.9_N35.6_20190805_L2A0004161897_11776_14848.png,perceptual_near,suspicious_but_valid,other=GF1_WFV3_E121.9_N35.6_20190805_L2A0004161897_12929_10240.png; perceptual_distance=4
GF1_WFV3_E121.9_N35.6_20190805_L2A0004161897_11776_14848.png,perceptual_near,suspicious_but_valid,other=GF1_WFV3_E122.4_N37.3_20190805_L2A0004161911_11776_14848.png; perceptual_distance=2
GF1_WFV3_E121.9_N35.6_20190805_L2A0004161897_12288_11264.png,perceptual_near,suspicious_but_valid,other=GF1_WFV3_E121.9_N35.6_20190805_L2A0004161897_12800_9216.png; perceptual_distance=0
GF1_WFV3_E121.9_N35.6_20190805_L2A0004161897_12288_11264.png,perceptual_near,suspicious_but_valid,other=GF1_WFV3_E121.9_N35.6_20190805_L2A0004161897_13312_7168.png; perceptual_distance=2
GF1_WFV3_E121.9_N35.6_20190805_L2A0004161897_12288_11264.png,perceptual_near,suspicious_but_valid,other=GF1_WFV3_E121.9_N35.6_20190805_L2A0004161897_13953_4608.png; perceptual_distance=2
GF1_WFV3_E121.9_N35.6_20190805_L2A0004161897_12288_11264.png,perceptual_near,suspicious_but_valid,other=GF1_WFV4_E124.5_N36.8_20190805_L2A0004161899_14336_13824.png; perceptual_distance=2
GF1_WFV3_E121.9_N35.6_20190805_L2A0004161897_12288_11776.png,perceptual_near,suspicious_but_valid,other=GF1_WFV3_E121.9_N35.6_20190805_L2A0004161897_12929_9216.png; perceptual_distance=4
GF1_WFV3_E121.9_N35.6_20190805_L2A0004161897_12288_11776.png,perceptual_near,suspicious_but_valid,other=GF1_WFV3_E121.9_N35.6_20190805_L2A0004161897_13441_7168.png; perceptual_distance=4
GF1_WFV3_E121.9_N35.6_20190805_L2A0004161897_12288_13312.png,perceptual_near,suspicious_but_valid,other=GF1_WFV3_E121.9_N35.6_20190805_L2A0004161897_12800_11264.png; perceptual_distance=2
GF1_WFV3_E121.9_N35.6_20190805_L2A0004161897_12288_13312.png,perceptual_near,suspicious_but_valid,other=GF1_WFV3_E121.9_N35.6_20190805_L2A0004161897_13312_9216.png; perceptual_distance=2
GF1_WFV3_E121.9_N35.6_20190805_L2A0004161897_12288_13312.png,perceptual_near,suspicious_but_valid,other=GF1_WFV3_E121.9_N35.6_20190805_L2A0004161897_13824_7168.png; perceptual_distance=4
GF1_WFV3_E121.9_N35.6_20190805_L2A0004161897_12800_10240.png,perceptual_near,suspicious_but_valid,other=GF1_WFV3_E122.4_N37.3_20190805_L2A0004161911_13422_7680.png; perceptual_distance=4
GF1_WFV3_E121.9_N35.6_20190805_L2A0004161897_12800_11264.png,perceptual_near,suspicious_but_valid,other=GF1_WFV3_E121.9_N35.6_20190805_L2A0004161897_13312_9216.png; perceptual_distance=2
GF1_WFV3_E121.9_N35.6_20190805_L2A0004161897_12800_9216.png,perceptual_near,suspicious_but_valid,other=GF1_WFV3_E121.9_N35.6_20190805_L2A0004161897_13312_7168.png; perceptual_distance=2
GF1_WFV3_E121.9_N35.6_20190805_L2A0004161897_12800_9216.png,perceptual_near,suspicious_but_valid,other=GF1_WFV3_E121.9_N35.6_20190805_L2A0004161897_13953_4608.png; perceptual_distance=2
GF1_WFV3_E121.9_N35.6_20190805_L2A0004161897_12800_9216.png,perceptual_near,suspicious_but_valid,other=GF1_WFV4_E124.5_N36.8_20190805_L2A0004161899_14336_13824.png; perceptual_distance=2
GF1_WFV3_E121.9_N35.6_20190805_L2A0004161897_12929_10240.png,perceptual_near,suspicious_but_valid,other=GF1_WFV3_E122.4_N37.3_20190805_L2A0004161911_11776_14848.png; perceptual_distance=4
GF1_WFV3_E121.9_N35.6_20190805_L2A0004161897_13312_7168.png,perceptual_near,suspicious_but_valid,other=GF1_WFV3_E121.9_N35.6_20190805_L2A0004161897_13953_4608.png; perceptual_distance=4
GF1_WFV3_E121.9_N35.6_20190805_L2A0004161897_13312_7168.png,perceptual_near,suspicious_but_valid,other=GF1_WFV4_E124.5_N36.8_20190805_L2A0004161899_14336_13824.png; perceptual_distance=4
GF1_WFV3_E121.9_N35.6_20190805_L2A0004161897_13312_9216.png,perceptual_near,suspicious_but_valid,other=GF1_WFV3_E121.9_N35.6_20190805_L2A0004161897_13824_7168.png; perceptual_distance=4
GF1_WFV3_E121.9_N35.6_20190805_L2A0004161897_13953_4608.png,perceptual_near,suspicious_but_valid,other=GF1_WFV4_E124.5_N36.8_20190805_L2A0004161899_14336_13824.png; perceptual_distance=4
GF1_WFV3_E121.9_N35.6_20190805_L2A0004161897_14465_4096.png,perceptual_near,suspicious_but_valid,other=GF1_WFV3_E122.4_N37.3_20190805_L2A0004161911_11776_14848.png; perceptual_distance=4
GF1_WFV3_E121.9_N35.6_20190805_L2A0004161897_7168_14336.png,perceptual_near,suspicious_but_valid,other=GF1_WFV3_E122.4_N37.3_20190805_L2A0004161911_3072_13312.png; perceptual_distance=4
GF1_WFV3_E121.9_N35.6_20190805_L2A0004161897_7168_14336.png,perceptual_near,suspicious_but_valid,other=GF1_WFV4_E109.8_N16.7_20200704_L2A0004904643_1024_12800.png; perceptual_distance=4
GF1_WFV3_E121.9_N35.6_20190805_L2A0004161897_7168_14336.png,perceptual_near,suspicious_but_valid,other=GF1_WFV4_E114.4_N21.8_20190806_L2A0004164425_1024_12800.png; perceptual_distance=4
GF1_WFV3_E121.9_N35.6_20190805_L2A0004161897_7168_14336.png,perceptual_near,suspicious_but_valid,other=GF1_WFV4_E124.5_N36.8_20190805_L2A0004161899_1024_12800.png; perceptual_distance=4
GF1_WFV3_E131.3_N17.2_20200630_L2A0004898201_6656_11264.png,perceptual_near,suspicious_but_valid,other=GF6_WFV_E132.0_N26.9_20190703_L1A1119896315-3_11264_4096.png; perceptual_distance=4
GF1_WFV4_E114.1_N21.0_20190806_L2A0004164437_11776_5632.png,perceptual_near,suspicious_but_valid,other=GF6_WFV_E132.0_N26.9_20190302_L1A1119852268-1_0_14848.png; perceptual_distance=4
GF1_WFV4_E114.4_N21.8_20190806_L2A0004164425_0_12288.png,perceptual_near,suspicious_but_valid,other=GF1_WFV4_E124.5_N36.8_20190805_L2A0004161899_0_12288.png; perceptual_distance=2
GF1_WFV4_E114.4_N21.8_20190806_L2A0004164425_1024_12800.png,perceptual_near,suspicious_but_valid,other=GF1_WFV4_E124.5_N36.8_20190805_L2A0004161899_1024_12800.png; perceptual_distance=4
GF1_WFV4_E114.4_N21.8_20190806_L2A0004164425_9216_8704.png,perceptual_near,suspicious_but_valid,other=GF6_WFV_E136.0_N26.9_20200913_L1A1120035638-2_14336_3072.png; perceptual_distance=4
GF1_WFV4_E124.0_N33.5_20131122_L1A0000115971_7680_5120.png,perceptual_near,suspicious_but_valid,other=GF6_WFV_E131.9_N26.9_20190523_L1A1119882283-1_512_13824.png; perceptual_distance=2
GF1_WFV4_E124.1_N35.2_20191206_L1A0004447282_0_11264.png,perceptual_near,suspicious_but_valid,other=GF6_WFV_E131.4_N22.4_20200419_L1A1119988588-2_16896_15360.png; perceptual_distance=4
GF1_WFV4_E124.3_N33.5_20200926_L1A0005089385_9952_2560.png,perceptual_near,suspicious_but_valid,other=GF1_WFV4_E124.5_N35.2_20200922_L1A0005079948_7680_12288.png; perceptual_distance=4
GF1_WFV4_E124.3_N33.5_20200926_L1A0005089385_9952_2560.png,perceptual_near,suspicious_but_valid,other=GF6_WFV_E132.4_N35.8_20200914_L1A1120035552-1_10752_5120.png; perceptual_distance=4
GF1_WFV4_E124.3_N33.5_20200926_L1A0005089385_9952_2560.png,perceptual_near,suspicious_but_valid,other=GF6_WFV_E132.4_N35.8_20200914_L1A1120035552-2_10752_11264.png; perceptual_distance=4
GF1_WFV4_E124.5_N35.2_20200922_L1A0005079948_7680_12288.png,perceptual_near,suspicious_but_valid,other=GF6_WFV_E132.4_N35.8_20200914_L1A1120035552-1_10752_5120.png; perceptual_distance=4
GF1_WFV4_E124.5_N35.2_20200922_L1A0005079948_7680_12288.png,perceptual_near,suspicious_but_valid,other=GF6_WFV_E132.4_N35.8_20200914_L1A1120035552-2_10752_11264.png; perceptual_distance=2
GF1_WFV4_E124.5_N36.8_20190805_L2A0004161899_14848_13312.png,perceptual_near,suspicious_but_valid,other=GF1_WFV4_E124.5_N36.8_20190805_L2A0004161899_15360_11264.png; perceptual_distance=2
GF6_WFV_E131.6_N24.9_20190302_L1A1119852281-1_0_0.png,perceptual_near,suspicious_but_valid,other=GF6_WFV_E132.0_N26.9_20190302_L1A1119852268-1_0_14848.png; perceptual_distance=4
GF6_WFV_E131.6_N24.9_20190302_L1A1119852281-1_1024_6656.png,perceptual_near,suspicious_but_valid,other=GF6_WFV_E131.6_N24.9_20190302_L1A1119852281-1_1536_6144.png; perceptual_distance=2
GF6_WFV_E131.6_N24.9_20190302_L1A1119852281-1_1024_6656.png,perceptual_near,suspicious_but_valid,other=GF6_WFV_E131.8_N31.4_20200918_L1A1120036753-2_23440_17285.png; perceptual_distance=4
GF6_WFV_E131.6_N24.9_20190302_L1A1119852281-1_1024_6656.png,perceptual_near,suspicious_but_valid,other=GF6_WFV_E132.4_N35.8_20200914_L1A1120035552-2_8192_16896.png; perceptual_distance=0
GF6_WFV_E131.6_N24.9_20190302_L1A1119852281-1_1024_6656.png,perceptual_near,suspicious_but_valid,other=GF6_WFV_E136.0_N26.9_20200913_L1A1120035638-2_8192_5632.png; perceptual_distance=4
GF6_WFV_E131.6_N24.9_20190302_L1A1119852281-1_1536_6144.png,perceptual_near,suspicious_but_valid,other=GF6_WFV_E131.8_N31.4_20200918_L1A1120036753-2_23440_17285.png; perceptual_distance=2
GF6_WFV_E131.6_N24.9_20190302_L1A1119852281-1_1536_6144.png,perceptual_near,suspicious_but_valid,other=GF6_WFV_E132.4_N35.8_20200914_L1A1120035552-2_8192_16896.png; perceptual_distance=2
GF6_WFV_E131.6_N24.9_20190302_L1A1119852281-1_1536_6144.png,perceptual_near,suspicious_but_valid,other=GF6_WFV_E136.0_N26.9_20200913_L1A1120035638-2_8192_5632.png; perceptual_distance=4
GF6_WFV_E131.6_N24.9_20190302_L1A1119852281-2_0_14848.png,perceptual_near,suspicious_but_valid,other=GF6_WFV_E131.6_N24.9_20190302_L1A1119852281-2_1536_14336.png; perceptual_distance=0
GF6_WFV_E131.6_N24.9_20190302_L1A1119852281-2_0_14848.png,perceptual_near,suspicious_but_valid,other=GF6_WFV_E131.6_N24.9_20190302_L1A1119852281-2_1536_14848.png; perceptual_distance=0
GF6_WFV_E131.6_N24.9_20190302_L1A1119852281-2_0_14848.png,perceptual_near,suspicious_but_valid,other=GF6_WFV_E132.4_N35.8_20200914_L1A1120035552-1_10752_5632.png; perceptual_distance=0
GF6_WFV_E131.6_N24.9_20190302_L1A1119852281-2_0_14848.png,perceptual_near,suspicious_but_valid,other=GF6_WFV_E132.4_N35.8_20200914_L1A1120035552-1_7680_1536.png; perceptual_distance=0
GF6_WFV_E131.6_N24.9_20190302_L1A1119852281-2_0_14848.png,perceptual_near,suspicious_but_valid,other=GF6_WFV_E132.4_N35.8_20200914_L1A1120035552-1_7680_512.png; perceptual_distance=0
GF6_WFV_E131.6_N24.9_20190302_L1A1119852281-2_0_14848.png,perceptual_near,suspicious_but_valid,other=GF6_WFV_E134.3_N40.2_20200918_L1A1120036758-1_10752_8704.png; perceptual_distance=0
GF6_WFV_E131.6_N24.9_20190302_L1A1119852281-2_0_14848.png,perceptual_near,suspicious_but_valid,other=GF6_WFV_E134.3_N40.2_20200918_L1A1120036758-1_11264_8704.png; perceptual_distance=0
GF6_WFV_E131.6_N24.9_20190302_L1A1119852281-2_0_14848.png,perceptual_near,suspicious_but_valid,other=GF6_WFV_E134.3_N40.2_20200918_L1A1120036758-1_12928_6144.png; perceptual_distance=0
GF6_WFV_E131.6_N24.9_20190302_L1A1119852281-2_0_14848.png,perceptual_near,suspicious_but_valid,other=GF6_WFV_E134.3_N40.2_20200918_L1A1120036758-1_6144_10752.png; perceptual_distance=0
GF6_WFV_E131.6_N24.9_20190302_L1A1119852281-2_0_14848.png,perceptual_near,suspicious_but_valid,other=GF6_WFV_E134.3_N40.2_20200918_L1A1120036758-1_6656_12800.png; perceptual_distance=0
GF6_WFV_E131.6_N24.9_20190302_L1A1119852281-2_0_14848.png,perceptual_near,suspicious_but_valid,other=GF6_WFV_E134.3_N40.2_20200918_L1A1120036758-1_7680_16896.png; perceptual_distance=0
GF6_WFV_E131.6_N24.9_20190302_L1A1119852281-2_1536_14336.png,perceptual_near,suspicious_but_valid,other=GF6_WFV_E131.6_N24.9_20190302_L1A1119852281-2_1536_14848.png; perceptual_distance=0
GF6_WFV_E131.6_N24.9_20190302_L1A1119852281-2_1536_14336.png,perceptual_near,suspicious_but_valid,other=GF6_WFV_E132.4_N35.8_20200914_L1A1120035552-1_10752_5632.png; perceptual_distance=0
GF6_WFV_E131.6_N24.9_20190302_L1A1119852281-2_1536_14336.png,perceptual_near,suspicious_but_valid,other=GF6_WFV_E132.4_N35.8_20200914_L1A1120035552-1_7680_1536.png; perceptual_distance=0
GF6_WFV_E131.6_N24.9_20190302_L1A1119852281-2_1536_14336.png,perceptual_near,suspicious_but_valid,other=GF6_WFV_E132.4_N35.8_20200914_L1A1120035552-1_7680_512.png; perceptual_distance=0
GF6_WFV_E131.6_N24.9_20190302_L1A1119852281-2_1536_14336.png,perceptual_near,suspicious_but_valid,other=GF6_WFV_E134.3_N40.2_20200918_L1A1120036758-1_10752_8704.png; perceptual_distance=0
GF6_WFV_E131.6_N24.9_20190302_L1A1119852281-2_1536_14336.png,perceptual_near,suspicious_but_valid,other=GF6_WFV_E134.3_N40.2_20200918_L1A1120036758-1_11264_8704.png; perceptual_distance=0
GF6_WFV_E131.6_N24.9_20190302_L1A1119852281-2_1536_14336.png,perceptual_near,suspicious_but_valid,other=GF6_WFV_E134.3_N40.2_20200918_L1A1120036758-1_12928_6144.png; perceptual_distance=0
GF6_WFV_E131.6_N24.9_20190302_L1A1119852281-2_1536_14336.png,perceptual_near,suspicious_but_valid,other=GF6_WFV_E134.3_N40.2_20200918_L1A1120036758-1_6144_10752.png; perceptual_distance=0
GF6_WFV_E131.6_N24.9_20190302_L1A1119852281-2_1536_14336.png,perceptual_near,suspicious_but_valid,other=GF6_WFV_E134.3_N40.2_20200918_L1A1120036758-1_6656_12800.png; perceptual_distance=0
GF6_WFV_E131.6_N24.9_20190302_L1A1119852281-2_1536_14336.png,perceptual_near,suspicious_but_valid,other=GF6_WFV_E134.3_N40.2_20200918_L1A1120036758-1_7680_16896.png; perceptual_distance=0
GF6_WFV_E131.6_N24.9_20190302_L1A1119852281-2_1536_14848.png,perceptual_near,suspicious_but_valid,other=GF6_WFV_E132.4_N35.8_20200914_L1A1120035552-1_10752_5632.png; perceptual_distance=0
GF6_WFV_E131.6_N24.9_20190302_L1A1119852281-2_1536_14848.png,perceptual_near,suspicious_but_valid,other=GF6_WFV_E132.4_N35.8_20200914_L1A1120035552-1_7680_1536.png; perceptual_distance=0
GF6_WFV_E131.6_N24.9_20190302_L1A1119852281-2_1536_14848.png,perceptual_near,suspicious_but_valid,other=GF6_WFV_E132.4_N35.8_20200914_L1A1120035552-1_7680_512.png; perceptual_distance=0
GF6_WFV_E131.6_N24.9_20190302_L1A1119852281-2_1536_14848.png,perceptual_near,suspicious_but_valid,other=GF6_WFV_E134.3_N40.2_20200918_L1A1120036758-1_10752_8704.png; perceptual_distance=0
GF6_WFV_E131.6_N24.9_20190302_L1A1119852281-2_1536_14848.png,perceptual_near,suspicious_but_valid,other=GF6_WFV_E134.3_N40.2_20200918_L1A1120036758-1_11264_8704.png; perceptual_distance=0
GF6_WFV_E131.6_N24.9_20190302_L1A1119852281-2_1536_14848.png,perceptual_near,suspicious_but_valid,other=GF6_WFV_E134.3_N40.2_20200918_L1A1120036758-1_12928_6144.png; perceptual_distance=0
GF6_WFV_E131.6_N24.9_20190302_L1A1119852281-2_1536_14848.png,perceptual_near,suspicious_but_valid,other=GF6_WFV_E134.3_N40.2_20200918_L1A1120036758-1_6144_10752.png; perceptual_distance=0
GF6_WFV_E131.6_N24.9_20190302_L1A1119852281-2_1536_14848.png,perceptual_near,suspicious_but_valid,other=GF6_WFV_E134.3_N40.2_20200918_L1A1120036758-1_6656_12800.png; perceptual_distance=0
GF6_WFV_E131.6_N24.9_20190302_L1A1119852281-2_1536_14848.png,perceptual_near,suspicious_but_valid,other=GF6_WFV_E134.3_N40.2_20200918_L1A1120036758-1_7680_16896.png; perceptual_distance=0
GF6_WFV_E131.8_N31.4_20200918_L1A1120036753-2_23440_17285.png,perceptual_near,suspicious_but_valid,other=GF6_WFV_E132.4_N35.8_20200914_L1A1120035552-2_8192_16896.png; perceptual_distance=4
GF6_WFV_E131.9_N22.4_20190604_L1A1119887740-1_2048_10752.png,perceptual_near,suspicious_but_valid,other=GF6_WFV_E131.9_N22.4_20190604_L1A1119887740-1_5120_0.png; perceptual_distance=4
GF6_WFV_E131.9_N22.4_20190604_L1A1119887740-1_5120_0.png,perceptual_near,suspicious_but_valid,other=GF6_WFV_E132.4_N35.8_20200914_L1A1120035552-1_10752_5120.png; perceptual_distance=4
GF6_WFV_E131.9_N22.4_20190604_L1A1119887740-1_5120_0.png,perceptual_near,suspicious_but_valid,other=GF6_WFV_E132.4_N35.8_20200914_L1A1120035552-2_10752_11264.png; perceptual_distance=4
GF6_WFV_E132.0_N26.9_20190703_L1A1119896315-3_11776_17920.png,perceptual_near,suspicious_but_valid,other=GF6_WFV_E132.0_N26.9_20190703_L1A1119896315-3_11793_17920.png; perceptual_distance=4
GF6_WFV_E132.4_N35.8_20200914_L1A1120035552-1_10752_5120.png,perceptual_near,suspicious_but_valid,other=GF6_WFV_E132.4_N35.8_20200914_L1A1120035552-2_10752_11264.png; perceptual_distance=2
GF6_WFV_E132.4_N35.8_20200914_L1A1120035552-1_10752_5632.png,perceptual_near,suspicious_but_valid,other=GF6_WFV_E132.4_N35.8_20200914_L1A1120035552-1_7680_1536.png; perceptual_distance=0
GF6_WFV_E132.4_N35.8_20200914_L1A1120035552-1_10752_5632.png,perceptual_near,suspicious_but_valid,other=GF6_WFV_E132.4_N35.8_20200914_L1A1120035552-1_7680_512.png; perceptual_distance=0
GF6_WFV_E132.4_N35.8_20200914_L1A1120035552-1_10752_5632.png,perceptual_near,suspicious_but_valid,other=GF6_WFV_E134.3_N40.2_20200918_L1A1120036758-1_10752_8704.png; perceptual_distance=0
GF6_WFV_E132.4_N35.8_20200914_L1A1120035552-1_10752_5632.png,perceptual_near,suspicious_but_valid,other=GF6_WFV_E134.3_N40.2_20200918_L1A1120036758-1_11264_8704.png; perceptual_distance=0
GF6_WFV_E132.4_N35.8_20200914_L1A1120035552-1_10752_5632.png,perceptual_near,suspicious_but_valid,other=GF6_WFV_E134.3_N40.2_20200918_L1A1120036758-1_12928_6144.png; perceptual_distance=0
GF6_WFV_E132.4_N35.8_20200914_L1A1120035552-1_10752_5632.png,perceptual_near,suspicious_but_valid,other=GF6_WFV_E134.3_N40.2_20200918_L1A1120036758-1_6144_10752.png; perceptual_distance=0
GF6_WFV_E132.4_N35.8_20200914_L1A1120035552-1_10752_5632.png,perceptual_near,suspicious_but_valid,other=GF6_WFV_E134.3_N40.2_20200918_L1A1120036758-1_6656_12800.png; perceptual_distance=0
GF6_WFV_E132.4_N35.8_20200914_L1A1120035552-1_10752_5632.png,perceptual_near,suspicious_but_valid,other=GF6_WFV_E134.3_N40.2_20200918_L1A1120036758-1_7680_16896.png; perceptual_distance=0
GF6_WFV_E132.4_N35.8_20200914_L1A1120035552-1_7680_1536.png,perceptual_near,suspicious_but_valid,other=GF6_WFV_E132.4_N35.8_20200914_L1A1120035552-1_7680_512.png; perceptual_distance=0
GF6_WFV_E132.4_N35.8_20200914_L1A1120035552-1_7680_1536.png,perceptual_near,suspicious_but_valid,other=GF6_WFV_E134.3_N40.2_20200918_L1A1120036758-1_10752_8704.png; perceptual_distance=0
GF6_WFV_E132.4_N35.8_20200914_L1A1120035552-1_7680_1536.png,perceptual_near,suspicious_but_valid,other=GF6_WFV_E134.3_N40.2_20200918_L1A1120036758-1_11264_8704.png; perceptual_distance=0
GF6_WFV_E132.4_N35.8_20200914_L1A1120035552-1_7680_1536.png,perceptual_near,suspicious_but_valid,other=GF6_WFV_E134.3_N40.2_20200918_L1A1120036758-1_12928_6144.png; perceptual_distance=0
GF6_WFV_E132.4_N35.8_20200914_L1A1120035552-1_7680_1536.png,perceptual_near,suspicious_but_valid,other=GF6_WFV_E134.3_N40.2_20200918_L1A1120036758-1_6144_10752.png; perceptual_distance=0
GF6_WFV_E132.4_N35.8_20200914_L1A1120035552-1_7680_1536.png,perceptual_near,suspicious_but_valid,other=GF6_WFV_E134.3_N40.2_20200918_L1A1120036758-1_6656_12800.png; perceptual_distance=0
GF6_WFV_E132.4_N35.8_20200914_L1A1120035552-1_7680_1536.png,perceptual_near,suspicious_but_valid,other=GF6_WFV_E134.3_N40.2_20200918_L1A1120036758-1_7680_16896.png; perceptual_distance=0
GF6_WFV_E132.4_N35.8_20200914_L1A1120035552-1_7680_512.png,perceptual_near,suspicious_but_valid,other=GF6_WFV_E134.3_N40.2_20200918_L1A1120036758-1_10752_8704.png; perceptual_distance=0
GF6_WFV_E132.4_N35.8_20200914_L1A1120035552-1_7680_512.png,perceptual_near,suspicious_but_valid,other=GF6_WFV_E134.3_N40.2_20200918_L1A1120036758-1_11264_8704.png; perceptual_distance=0
GF6_WFV_E132.4_N35.8_20200914_L1A1120035552-1_7680_512.png,perceptual_near,suspicious_but_valid,other=GF6_WFV_E134.3_N40.2_20200918_L1A1120036758-1_12928_6144.png; perceptual_distance=0
GF6_WFV_E132.4_N35.8_20200914_L1A1120035552-1_7680_512.png,perceptual_near,suspicious_but_valid,other=GF6_WFV_E134.3_N40.2_20200918_L1A1120036758-1_6144_10752.png; perceptual_distance=0
GF6_WFV_E132.4_N35.8_20200914_L1A1120035552-1_7680_512.png,perceptual_near,suspicious_but_valid,other=GF6_WFV_E134.3_N40.2_20200918_L1A1120036758-1_6656_12800.png; perceptual_distance=0
GF6_WFV_E132.4_N35.8_20200914_L1A1120035552-1_7680_512.png,perceptual_near,suspicious_but_valid,other=GF6_WFV_E134.3_N40.2_20200918_L1A1120036758-1_7680_16896.png; perceptual_distance=0
GF6_WFV_E132.4_N35.8_20200914_L1A1120035552-2_15872_6144.png,perceptual_near,suspicious_but_valid,other=GF6_WFV_E132.4_N35.8_20200914_L1A1120035552-2_512_15872.png; perceptual_distance=4
GF6_WFV_E132.4_N35.8_20200914_L1A1120035552-2_15872_6144.png,perceptual_near,suspicious_but_valid,other=GF6_WFV_E133.0_N29.1_20200530_L1A1120002372-2_6144_6656.png; perceptual_distance=2
GF6_WFV_E132.4_N35.8_20200914_L1A1120035552-2_15872_8704.png,perceptual_near,suspicious_but_valid,other=GF6_WFV_E136.6_N29.1_20200913_L1A1120035632-1_9216_14848.png; perceptual_distance=4
GF6_WFV_E132.4_N35.8_20200914_L1A1120035552-2_512_15872.png,perceptual_near,suspicious_but_valid,other=GF6_WFV_E133.0_N29.1_20200530_L1A1120002372-2_6144_6656.png; perceptual_distance=2
GF6_WFV_E132.4_N35.8_20200914_L1A1120035552-2_8192_16896.png,perceptual_near,suspicious_but_valid,other=GF6_WFV_E136.0_N26.9_20200913_L1A1120035638-2_8192_5632.png; perceptual_distance=4
GF6_WFV_E134.3_N40.2_20200918_L1A1120036758-1_10752_8704.png,perceptual_near,suspicious_but_valid,other=GF6_WFV_E134.3_N40.2_20200918_L1A1120036758-1_11264_8704.png; perceptual_distance=0
GF6_WFV_E134.3_N40.2_20200918_L1A1120036758-1_10752_8704.png,perceptual_near,suspicious_but_valid,other=GF6_WFV_E134.3_N40.2_20200918_L1A1120036758-1_12928_6144.png; perceptual_distance=0
GF6_WFV_E134.3_N40.2_20200918_L1A1120036758-1_10752_8704.png,perceptual_near,suspicious_but_valid,other=GF6_WFV_E134.3_N40.2_20200918_L1A1120036758-1_6144_10752.png; perceptual_distance=0
GF6_WFV_E134.3_N40.2_20200918_L1A1120036758-1_10752_8704.png,perceptual_near,suspicious_but_valid,other=GF6_WFV_E134.3_N40.2_20200918_L1A1120036758-1_6656_12800.png; perceptual_distance=0
GF6_WFV_E134.3_N40.2_20200918_L1A1120036758-1_10752_8704.png,perceptual_near,suspicious_but_valid,other=GF6_WFV_E134.3_N40.2_20200918_L1A1120036758-1_7680_16896.png; perceptual_distance=0
GF6_WFV_E134.3_N40.2_20200918_L1A1120036758-1_11264_8704.png,perceptual_near,suspicious_but_valid,other=GF6_WFV_E134.3_N40.2_20200918_L1A1120036758-1_12928_6144.png; perceptual_distance=0
GF6_WFV_E134.3_N40.2_20200918_L1A1120036758-1_11264_8704.png,perceptual_near,suspicious_but_valid,other=GF6_WFV_E134.3_N40.2_20200918_L1A1120036758-1_6144_10752.png; perceptual_distance=0
GF6_WFV_E134.3_N40.2_20200918_L1A1120036758-1_11264_8704.png,perceptual_near,suspicious_but_valid,other=GF6_WFV_E134.3_N40.2_20200918_L1A1120036758-1_6656_12800.png; perceptual_distance=0
GF6_WFV_E134.3_N40.2_20200918_L1A1120036758-1_11264_8704.png,perceptual_near,suspicious_but_valid,other=GF6_WFV_E134.3_N40.2_20200918_L1A1120036758-1_7680_16896.png; perceptual_distance=0
GF6_WFV_E134.3_N40.2_20200918_L1A1120036758-1_12928_6144.png,perceptual_near,suspicious_but_valid,other=GF6_WFV_E134.3_N40.2_20200918_L1A1120036758-1_6144_10752.png; perceptual_distance=0
GF6_WFV_E134.3_N40.2_20200918_L1A1120036758-1_12928_6144.png,perceptual_near,suspicious_but_valid,other=GF6_WFV_E134.3_N40.2_20200918_L1A1120036758-1_6656_12800.png; perceptual_distance=0
GF6_WFV_E134.3_N40.2_20200918_L1A1120036758-1_12928_6144.png,perceptual_near,suspicious_but_valid,other=GF6_WFV_E134.3_N40.2_20200918_L1A1120036758-1_7680_16896.png; perceptual_distance=0
GF6_WFV_E134.3_N40.2_20200918_L1A1120036758-1_6144_10752.png,perceptual_near,suspicious_but_valid,other=GF6_WFV_E134.3_N40.2_20200918_L1A1120036758-1_6656_12800.png; perceptual_distance=0
GF6_WFV_E134.3_N40.2_20200918_L1A1120036758-1_6144_10752.png,perceptual_near,suspicious_but_valid,other=GF6_WFV_E134.3_N40.2_20200918_L1A1120036758-1_7680_16896.png; perceptual_distance=0
GF6_WFV_E134.3_N40.2_20200918_L1A1120036758-1_6656_12800.png,perceptual_near,suspicious_but_valid,other=GF6_WFV_E134.3_N40.2_20200918_L1A1120036758-1_7680_16896.png; perceptual_distance=0
GF6_WFV_E136.6_N24.7_20200521_L1A1119999504-3_10752_512.png,perceptual_near,suspicious_but_valid,other=GF6_WFV_E136.6_N24.7_20200521_L1A1119999504-3_10769_512.png; perceptual_distance=4
GF1_WFV1_E110.0_N17.9_20200703_L2A0004902374_10752_7168.png,unusually_high_contrast,suspicious_but_valid,brightness_std=35.7442
GF1_WFV1_E110.0_N17.9_20200703_L2A0004902374_12800_10752.png,unusually_high_contrast,suspicious_but_valid,brightness_std=37.1591
GF1_WFV1_E110.0_N17.9_20200703_L2A0004902374_12872_9216.png,unusually_high_contrast,suspicious_but_valid,brightness_std=34.8402
GF1_WFV1_E110.0_N17.9_20200703_L2A0004902374_1536_4608.png,unusually_high_contrast,suspicious_but_valid,brightness_std=30.0963
GF1_WFV1_E110.0_N17.9_20200703_L2A0004902374_4096_8192.png,unusually_high_contrast,suspicious_but_valid,brightness_std=32.4782
GF1_WFV1_E110.0_N17.9_20200703_L2A0004902374_7168_7168.png,unusually_high_contrast,suspicious_but_valid,brightness_std=44.905
GF1_WFV1_E110.0_N17.9_20200703_L2A0004902374_7680_7168.png,unusually_high_contrast,suspicious_but_valid,brightness_std=66.5378
GF1_WFV1_E110.0_N17.9_20200703_L2A0004902374_8192_4096.png,unusually_high_contrast,suspicious_but_valid,brightness_std=37.3141
GF1_WFV1_E110.0_N17.9_20200703_L2A0004902374_9216_3584.png,unusually_high_contrast,suspicious_but_valid,brightness_std=43.9367
GF1_WFV1_E110.0_N17.9_20200703_L2A0004902374_9216_4608.png,unusually_high_contrast,suspicious_but_valid,brightness_std=55.7058
GF1_WFV1_E110.0_N17.9_20200703_L2A0004902374_9728_8192.png,unusually_high_contrast,suspicious_but_valid,brightness_std=36.1739
GF1_WFV1_E110.3_N19.6_20200703_L2A0004902371_12288_13312.png,unusually_high_contrast,suspicious_but_valid,brightness_std=63.5959
GF1_WFV1_E110.3_N19.6_20200703_L2A0004902371_12288_13824.png,unusually_high_contrast,suspicious_but_valid,brightness_std=46.1378
GF1_WFV1_E110.3_N19.6_20200703_L2A0004902371_12288_2560.png,unusually_high_contrast,suspicious_but_valid,brightness_std=30.0311
GF1_WFV1_E110.3_N19.6_20200703_L2A0004902371_12800_2560.png,unusually_high_contrast,suspicious_but_valid,brightness_std=34.8897
GF1_WFV1_E110.3_N19.6_20200703_L2A0004902371_12848_2048.png,unusually_high_contrast,suspicious_but_valid,brightness_std=41.3892
GF1_WFV1_E110.3_N19.6_20200703_L2A0004902371_12848_2560.png,unusually_high_contrast,suspicious_but_valid,brightness_std=29.4365
GF1_WFV1_E110.3_N19.6_20200703_L2A0004902371_13312_2048.png,unusually_high_contrast,suspicious_but_valid,brightness_std=49.6262
GF1_WFV1_E110.3_N19.6_20200703_L2A0004902371_13360_2048.png,unusually_high_contrast,suspicious_but_valid,brightness_std=50.5282
GF1_WFV1_E110.3_N19.6_20200703_L2A0004902371_13824_2048.png,unusually_high_contrast,suspicious_but_valid,brightness_std=38.957
GF1_WFV1_E110.3_N19.6_20200703_L2A0004902371_13872_2048.png,unusually_high_contrast,suspicious_but_valid,brightness_std=39.0243
GF1_WFV1_E110.3_N19.6_20200703_L2A0004902371_2048_4608.png,unusually_high_contrast,suspicious_but_valid,brightness_std=33.0423
GF1_WFV1_E110.3_N19.6_20200703_L2A0004902371_2560_4096.png,unusually_high_contrast,suspicious_but_valid,brightness_std=28.9614
GF1_WFV1_E110.3_N19.6_20200703_L2A0004902371_3584_4096.png,unusually_high_contrast,suspicious_but_valid,brightness_std=42.1838
GF1_WFV1_E110.3_N19.6_20200703_L2A0004902371_4608_0.png,unusually_high_contrast,suspicious_but_valid,brightness_std=41.2098
GF1_WFV1_E110.3_N19.6_20200703_L2A0004902371_5632_512.png,unusually_high_contrast,suspicious_but_valid,brightness_std=83.5697
GF1_WFV1_E110.3_N19.6_20200703_L2A0004902371_6144_2048.png,unusually_high_contrast,suspicious_but_valid,brightness_std=56.3315
GF1_WFV1_E110.3_N19.6_20200703_L2A0004902371_6144_2560.png,unusually_high_contrast,suspicious_but_valid,brightness_std=32.1952
GF1_WFV1_E110.3_N19.6_20200703_L2A0004902371_6656_3584.png,unusually_high_contrast,suspicious_but_valid,brightness_std=31.6748
GF1_WFV1_E110.3_N19.6_20200703_L2A0004902371_7680_2048.png,unusually_high_contrast,suspicious_but_valid,brightness_std=42.7135
GF1_WFV1_E110.3_N19.6_20200703_L2A0004902371_7680_3072.png,unusually_high_contrast,suspicious_but_valid,brightness_std=34.5196
GF1_WFV1_E120.0_N36.3_20200423_L2A0004760887_13312_14696.png,unusually_high_contrast,suspicious_but_valid,brightness_std=30.5557
GF1_WFV1_E120.0_N36.3_20200423_L2A0004760887_14848_14696.png,unusually_high_contrast,suspicious_but_valid,brightness_std=28.6046
GF1_WFV1_E120.0_N36.3_20200423_L2A0004760887_15360_10752.png,unusually_high_contrast,suspicious_but_valid,brightness_std=32.488
GF1_WFV1_E120.0_N36.3_20200423_L2A0004760887_15360_11264.png,unusually_high_contrast,suspicious_but_valid,brightness_std=31.9799
GF1_WFV1_E120.0_N36.3_20200423_L2A0004760887_15485_10240.png,unusually_high_contrast,suspicious_but_valid,brightness_std=33.6994
GF1_WFV1_E120.0_N36.3_20200423_L2A0004760887_15485_10752.png,unusually_high_contrast,suspicious_but_valid,brightness_std=29.8889
GF1_WFV1_E120.0_N36.3_20200423_L2A0004760887_15485_9728.png,unusually_high_contrast,suspicious_but_valid,brightness_std=33.3006
GF1_WFV1_E120.0_N36.3_20200423_L2A0004760887_15872_6656.png,unusually_high_contrast,suspicious_but_valid,brightness_std=32.0541
GF1_WFV1_E120.0_N36.3_20200423_L2A0004760887_15872_7168.png,unusually_high_contrast,suspicious_but_valid,brightness_std=35.9174
GF1_WFV1_E120.0_N36.3_20200423_L2A0004760887_15872_8192.png,unusually_high_contrast,suspicious_but_valid,brightness_std=34.5703
GF1_WFV1_E120.0_N36.3_20200423_L2A0004760887_15872_8704.png,unusually_high_contrast,suspicious_but_valid,brightness_std=28.6861
GF1_WFV1_E120.0_N36.3_20200423_L2A0004760887_15997_6144.png,unusually_high_contrast,suspicious_but_valid,brightness_std=39.0452
GF1_WFV1_E120.0_N36.3_20200423_L2A0004760887_15997_7168.png,unusually_high_contrast,suspicious_but_valid,brightness_std=37.5535
GF1_WFV1_E120.0_N36.3_20200423_L2A0004760887_4096_0.png,unusually_high_contrast,suspicious_but_valid,brightness_std=52.8935
GF1_WFV1_E120.0_N36.3_20200423_L2A0004760887_5632_512.png,unusually_high_contrast,suspicious_but_valid,brightness_std=31.8802
GF1_WFV1_E120.0_N36.3_20200423_L2A0004760887_7680_13824.png,unusually_high_contrast,suspicious_but_valid,brightness_std=31.8446
GF1_WFV2_E111.6_N17.5_20200703_L2A0004902588_1024_7168.png,unusually_high_contrast,suspicious_but_valid,brightness_std=37.5956
GF1_WFV2_E111.6_N17.5_20200703_L2A0004902588_11264_11264.png,unusually_high_contrast,suspicious_but_valid,brightness_std=29.1024
GF1_WFV2_E111.6_N17.5_20200703_L2A0004902588_12389_9728.png,unusually_high_contrast,suspicious_but_valid,brightness_std=32.7041
GF1_WFV2_E111.6_N17.5_20200703_L2A0004902588_12800_8192.png,unusually_high_contrast,suspicious_but_valid,brightness_std=49.8092
GF1_WFV2_E111.6_N17.5_20200703_L2A0004902588_12800_8704.png,unusually_high_contrast,suspicious_but_valid,brightness_std=55.2464
GF1_WFV2_E111.6_N17.5_20200703_L2A0004902588_12800_9728.png,unusually_high_contrast,suspicious_but_valid,brightness_std=32.4196
GF1_WFV2_E111.6_N17.5_20200703_L2A0004902588_12901_8192.png,unusually_high_contrast,suspicious_but_valid,brightness_std=54.4107
GF1_WFV2_E111.6_N17.5_20200703_L2A0004902588_2560_12800.png,unusually_high_contrast,suspicious_but_valid,brightness_std=33.9081
GF1_WFV2_E111.6_N17.5_20200703_L2A0004902588_3072_12288.png,unusually_high_contrast,suspicious_but_valid,brightness_std=50.1118
GF1_WFV2_E111.6_N17.5_20200703_L2A0004902588_3072_12800.png,unusually_high_contrast,suspicious_but_valid,brightness_std=57.9793
GF1_WFV2_E111.6_N17.5_20200703_L2A0004902588_3584_12288.png,unusually_high_contrast,suspicious_but_valid,brightness_std=57.7264
GF1_WFV2_E112.0_N19.2_20200703_L2A0004902375_10752_13312.png,unusually_high_contrast,suspicious_but_valid,brightness_std=35.5395
GF1_WFV2_E112.0_N19.2_20200703_L2A0004902375_11776_13312.png,unusually_high_contrast,suspicious_but_valid,brightness_std=77.7574
GF1_WFV2_E112.0_N19.2_20200703_L2A0004902375_3072_0.png,unusually_high_contrast,suspicious_but_valid,brightness_std=42.8885
GF1_WFV2_E112.0_N19.2_20200703_L2A0004902375_6144_13824.png,unusually_high_contrast,suspicious_but_valid,brightness_std=58.5541
GF1_WFV2_E112.0_N19.2_20200703_L2A0004902375_6656_14167.png,unusually_high_contrast,suspicious_but_valid,brightness_std=28.5328
GF1_WFV2_E112.0_N19.2_20200703_L2A0004902375_7168_12288.png,unusually_high_contrast,suspicious_but_valid,brightness_std=55.8702
GF1_WFV2_E112.0_N19.2_20200703_L2A0004902375_7168_14167.png,unusually_high_contrast,suspicious_but_valid,brightness_std=46.6991
GF1_WFV2_E112.0_N19.2_20200703_L2A0004902375_7680_14167.png,unusually_high_contrast,suspicious_but_valid,brightness_std=53.8156
GF1_WFV2_E112.0_N19.2_20200703_L2A0004902375_8704_4608.png,unusually_high_contrast,suspicious_but_valid,brightness_std=61.9412
GF1_WFV2_E112.0_N19.2_20200703_L2A0004902375_9216_4608.png,unusually_high_contrast,suspicious_but_valid,brightness_std=36.6745
GF1_WFV2_E112.0_N19.2_20200703_L2A0004902375_9728_4608.png,unusually_high_contrast,suspicious_but_valid,brightness_std=58.8823
GF1_WFV2_E118.9_N24.3_20200710_L2A0004922278_0_10752.png,unusually_high_contrast,suspicious_but_valid,brightness_std=53.0378
GF1_WFV2_E118.9_N24.3_20200710_L2A0004922278_0_11264.png,unusually_high_contrast,suspicious_but_valid,brightness_std=43.6222
GF1_WFV2_E118.9_N24.3_20200710_L2A0004922278_0_11776.png,unusually_high_contrast,suspicious_but_valid,brightness_std=32.0849
GF1_WFV2_E118.9_N24.3_20200710_L2A0004922278_10240_13312.png,unusually_high_contrast,suspicious_but_valid,brightness_std=30.0932
GF1_WFV2_E118.9_N24.3_20200710_L2A0004922278_10240_5120.png,unusually_high_contrast,suspicious_but_valid,brightness_std=39.8654
GF1_WFV2_E118.9_N24.3_20200710_L2A0004922278_10752_10752.png,unusually_high_contrast,suspicious_but_valid,brightness_std=39.4481
GF1_WFV2_E118.9_N24.3_20200710_L2A0004922278_10752_14629.png,unusually_high_contrast,suspicious_but_valid,brightness_std=49.8622
GF1_WFV2_E118.9_N24.3_20200710_L2A0004922278_11776_14117.png,unusually_high_contrast,suspicious_but_valid,brightness_std=38.0473
GF1_WFV2_E118.9_N24.3_20200710_L2A0004922278_12288_11264.png,unusually_high_contrast,suspicious_but_valid,brightness_std=42.6577
GF1_WFV2_E118.9_N24.3_20200710_L2A0004922278_12288_12288.png,unusually_high_contrast,suspicious_but_valid,brightness_std=49.7427
GF1_WFV2_E118.9_N24.3_20200710_L2A0004922278_12288_12800.png,unusually_high_contrast,suspicious_but_valid,brightness_std=44.7769
GF1_WFV2_E118.9_N24.3_20200710_L2A0004922278_12800_3072.png,unusually_high_contrast,suspicious_but_valid,brightness_std=56.5248
GF1_WFV2_E118.9_N24.3_20200710_L2A0004922278_12995_3072.png,unusually_high_contrast,suspicious_but_valid,brightness_std=56.9476
GF1_WFV2_E118.9_N24.3_20200710_L2A0004922278_13312_5632.png,unusually_high_contrast,suspicious_but_valid,brightness_std=32.4967
GF1_WFV2_E118.9_N24.3_20200710_L2A0004922278_13507_5120.png,unusually_high_contrast,suspicious_but_valid,brightness_std=34.5141
GF1_WFV2_E118.9_N24.3_20200710_L2A0004922278_13507_5632.png,unusually_high_contrast,suspicious_but_valid,brightness_std=67.4739
GF1_WFV2_E118.9_N24.3_20200710_L2A0004922278_13824_3584.png,unusually_high_contrast,suspicious_but_valid,brightness_std=45.5851
GF1_WFV2_E118.9_N24.3_20200710_L2A0004922278_14019_3584.png,unusually_high_contrast,suspicious_but_valid,brightness_std=53.1493
GF1_WFV2_E118.9_N24.3_20200710_L2A0004922278_14019_4096.png,unusually_high_contrast,suspicious_but_valid,brightness_std=39.5754
GF1_WFV2_E118.9_N24.3_20200710_L2A0004922278_2048_6144.png,unusually_high_contrast,suspicious_but_valid,brightness_std=34.626
GF1_WFV2_E118.9_N24.3_20200710_L2A0004922278_2560_12288.png,unusually_high_contrast,suspicious_but_valid,brightness_std=64.5056
GF1_WFV2_E118.9_N24.3_20200710_L2A0004922278_2560_12800.png,unusually_high_contrast,suspicious_but_valid,brightness_std=34.8631
GF1_WFV2_E118.9_N24.3_20200710_L2A0004922278_3584_11264.png,unusually_high_contrast,suspicious_but_valid,brightness_std=64.839
GF1_WFV2_E118.9_N24.3_20200710_L2A0004922278_3584_7168.png,unusually_high_contrast,suspicious_but_valid,brightness_std=31.5764
GF1_WFV2_E118.9_N24.3_20200710_L2A0004922278_6144_13312.png,unusually_high_contrast,suspicious_but_valid,brightness_std=53.7179
GF1_WFV2_E118.9_N24.3_20200710_L2A0004922278_6144_13824.png,unusually_high_contrast,suspicious_but_valid,brightness_std=41.9409
GF1_WFV2_E118.9_N24.3_20200710_L2A0004922278_7168_13824.png,unusually_high_contrast,suspicious_but_valid,brightness_std=30.1522
GF1_WFV2_E123.6_N29.3_20190910_L2A0004239231_0_11264.png,unusually_high_contrast,suspicious_but_valid,brightness_std=34.615
GF1_WFV2_E123.6_N29.3_20190910_L2A0004239231_10240_8704.png,unusually_high_contrast,suspicious_but_valid,brightness_std=54.5425
GF1_WFV2_E123.6_N29.3_20190910_L2A0004239231_1024_5632.png,unusually_high_contrast,suspicious_but_valid,brightness_std=31.6569
GF1_WFV2_E123.6_N29.3_20190910_L2A0004239231_1024_6144.png,unusually_high_contrast,suspicious_but_valid,brightness_std=35.4028
GF1_WFV2_E123.6_N29.3_20190910_L2A0004239231_1536_3072.png,unusually_high_contrast,suspicious_but_valid,brightness_std=30.7863
GF1_WFV2_E123.6_N29.3_20190910_L2A0004239231_1536_3584.png,unusually_high_contrast,suspicious_but_valid,brightness_std=35.8048
GF1_WFV2_E123.6_N29.3_20190910_L2A0004239231_1536_4096.png,unusually_high_contrast,suspicious_but_valid,brightness_std=33.9103
GF1_WFV2_E123.6_N29.3_20190910_L2A0004239231_2048_1024.png,unusually_high_contrast,suspicious_but_valid,brightness_std=40.9132
GF1_WFV2_E123.6_N29.3_20190910_L2A0004239231_2048_1536.png,unusually_high_contrast,suspicious_but_valid,brightness_std=39.0321
GF1_WFV2_E123.6_N29.3_20190910_L2A0004239231_2048_2048.png,unusually_high_contrast,suspicious_but_valid,brightness_std=30.281
GF1_WFV2_E123.6_N29.3_20190910_L2A0004239231_2048_512.png,unusually_high_contrast,suspicious_but_valid,brightness_std=33.7084
GF1_WFV2_E123.6_N29.3_20190910_L2A0004239231_3072_0.png,unusually_high_contrast,suspicious_but_valid,brightness_std=37.387
GF1_WFV2_E123.6_N29.3_20190910_L2A0004239231_3584_0.png,unusually_high_contrast,suspicious_but_valid,brightness_std=40.8368
GF1_WFV2_E123.6_N29.3_20190910_L2A0004239231_4608_5632.png,unusually_high_contrast,suspicious_but_valid,brightness_std=31.1192
GF1_WFV2_E123.6_N29.3_20190910_L2A0004239231_5120_5120.png,unusually_high_contrast,suspicious_but_valid,brightness_std=34.9182
GF1_WFV2_E123.6_N29.3_20190910_L2A0004239231_5120_5632.png,unusually_high_contrast,suspicious_but_valid,brightness_std=49.7546
GF1_WFV2_E123.6_N29.3_20190910_L2A0004239231_512_8192.png,unusually_high_contrast,suspicious_but_valid,brightness_std=29.2637
GF1_WFV2_E123.6_N29.3_20190910_L2A0004239231_512_8704.png,unusually_high_contrast,suspicious_but_valid,brightness_std=32.402
GF1_WFV2_E123.6_N29.3_20190910_L2A0004239231_512_9216.png,unusually_high_contrast,suspicious_but_valid,brightness_std=29.1885
GF1_WFV2_E123.6_N29.3_20190910_L2A0004239231_5632_1024.png,unusually_high_contrast,suspicious_but_valid,brightness_std=35.7549
GF1_WFV2_E123.6_N29.3_20190910_L2A0004239231_5632_512.png,unusually_high_contrast,suspicious_but_valid,brightness_std=50.0193
GF1_WFV2_E123.6_N29.3_20190910_L2A0004239231_7680_2560.png,unusually_high_contrast,suspicious_but_valid,brightness_std=41.4809
GF1_WFV2_E123.6_N29.3_20190910_L2A0004239231_7680_9216.png,unusually_high_contrast,suspicious_but_valid,brightness_std=67.1076
GF1_WFV2_E123.6_N29.3_20190910_L2A0004239231_8192_3072.png,unusually_high_contrast,suspicious_but_valid,brightness_std=48.3256
GF1_WFV2_E123.6_N29.3_20190910_L2A0004239231_8704_3072.png,unusually_high_contrast,suspicious_but_valid,brightness_std=34.261
GF1_WFV2_E123.6_N29.3_20190910_L2A0004239231_8704_4608.png,unusually_high_contrast,suspicious_but_valid,brightness_std=34.7307
GF1_WFV2_E123.6_N29.3_20190910_L2A0004239231_9216_11776.png,unusually_high_contrast,suspicious_but_valid,brightness_std=42.208
GF1_WFV2_E123.6_N29.3_20190910_L2A0004239231_9216_3072.png,unusually_high_contrast,suspicious_but_valid,brightness_std=60.9962
GF1_WFV2_E123.6_N29.3_20190910_L2A0004239231_9728_11264.png,unusually_high_contrast,suspicious_but_valid,brightness_std=74.1354
GF1_WFV2_E129.9_N19.2_20200630_L2A0004898208_11776_7168.png,unusually_high_contrast,suspicious_but_valid,brightness_std=40.1293
GF1_WFV3_E112.3_N21.4_20190806_L2A0004164428_0_12288.png,unusually_high_contrast,suspicious_but_valid,brightness_std=28.7754
GF1_WFV3_E112.3_N21.4_20190806_L2A0004164428_10240_5632.png,unusually_high_contrast,suspicious_but_valid,brightness_std=52.54
GF1_WFV3_E112.3_N21.4_20190806_L2A0004164428_10240_6144.png,unusually_high_contrast,suspicious_but_valid,brightness_std=51.4292
GF1_WFV3_E112.3_N21.4_20190806_L2A0004164428_12288_4096.png,unusually_high_contrast,suspicious_but_valid,brightness_std=28.9547
GF1_WFV3_E112.3_N21.4_20190806_L2A0004164428_12593_10240.png,unusually_high_contrast,suspicious_but_valid,brightness_std=52.0103
GF1_WFV3_E112.3_N21.4_20190806_L2A0004164428_12593_10752.png,unusually_high_contrast,suspicious_but_valid,brightness_std=59.8768
GF1_WFV3_E112.3_N21.4_20190806_L2A0004164428_12593_4096.png,unusually_high_contrast,suspicious_but_valid,brightness_std=38.4368
GF1_WFV3_E112.3_N21.4_20190806_L2A0004164428_12593_9728.png,unusually_high_contrast,suspicious_but_valid,brightness_std=28.5655
GF1_WFV3_E112.3_N21.4_20190806_L2A0004164428_12800_10240.png,unusually_high_contrast,suspicious_but_valid,brightness_std=53.8292
GF1_WFV3_E112.3_N21.4_20190806_L2A0004164428_12800_9216.png,unusually_high_contrast,suspicious_but_valid,brightness_std=48.9819
GF1_WFV3_E112.3_N21.4_20190806_L2A0004164428_13105_7680.png,unusually_high_contrast,suspicious_but_valid,brightness_std=46.7206
GF1_WFV3_E112.3_N21.4_20190806_L2A0004164428_13312_7680.png,unusually_high_contrast,suspicious_but_valid,brightness_std=53.8425
GF1_WFV3_E112.3_N21.4_20190806_L2A0004164428_13824_4096.png,unusually_high_contrast,suspicious_but_valid,brightness_std=60.6455
GF1_WFV3_E112.3_N21.4_20190806_L2A0004164428_14129_4608.png,unusually_high_contrast,suspicious_but_valid,brightness_std=32.1467
GF1_WFV3_E112.3_N21.4_20190806_L2A0004164428_2048_6144.png,unusually_high_contrast,suspicious_but_valid,brightness_std=40.8251
GF1_WFV3_E112.3_N21.4_20190806_L2A0004164428_9216_6144.png,unusually_high_contrast,suspicious_but_valid,brightness_std=36.9713
GF1_WFV3_E112.3_N21.4_20190806_L2A0004164428_9728_6144.png,unusually_high_contrast,suspicious_but_valid,brightness_std=30.9994
GF1_WFV3_E112.5_N22.2_20190806_L2A0004164434_10240_10240.png,unusually_high_contrast,suspicious_but_valid,brightness_std=30.8734
GF1_WFV3_E112.5_N22.2_20190806_L2A0004164434_4096_13312.png,unusually_high_contrast,suspicious_but_valid,brightness_std=47.4565
GF1_WFV3_E112.5_N22.2_20190806_L2A0004164434_6656_13824.png,unusually_high_contrast,suspicious_but_valid,brightness_std=43.7852
GF1_WFV3_E112.5_N22.2_20190806_L2A0004164434_8192_11776.png,unusually_high_contrast,suspicious_but_valid,brightness_std=44.3326
GF1_WFV3_E112.5_N22.2_20190806_L2A0004164434_8704_11776.png,unusually_high_contrast,suspicious_but_valid,brightness_std=42.3094
GF1_WFV3_E112.5_N22.2_20190806_L2A0004164434_9216_11264.png,unusually_high_contrast,suspicious_but_valid,brightness_std=48.0975
GF1_WFV3_E112.5_N22.2_20190806_L2A0004164434_9216_12288.png,unusually_high_contrast,suspicious_but_valid,brightness_std=39.7097
GF1_WFV3_E112.6_N13.8_20200703_L2A0004902372_14336_7168.png,unusually_high_contrast,suspicious_but_valid,brightness_std=48.5318
GF1_WFV3_E112.6_N13.8_20200703_L2A0004902372_14848_7168.png,unusually_high_contrast,suspicious_but_valid,brightness_std=59.3793
GF1_WFV3_E112.6_N13.8_20200703_L2A0004902372_14872_7168.png,unusually_high_contrast,suspicious_but_valid,brightness_std=59.3658
GF1_WFV3_E112.6_N13.8_20200703_L2A0004902372_15384_7168.png,unusually_high_contrast,suspicious_but_valid,brightness_std=61.3557
GF1_WFV3_E113.4_N17.2_20200703_L2A0004902183_1024_6144.png,unusually_high_contrast,suspicious_but_valid,brightness_std=49.8641
GF1_WFV3_E113.4_N17.2_20200703_L2A0004902183_1024_6656.png,unusually_high_contrast,suspicious_but_valid,brightness_std=49.9802
GF1_WFV3_E113.4_N17.2_20200703_L2A0004902183_11264_6144.png,unusually_high_contrast,suspicious_but_valid,brightness_std=29.4097
GF1_WFV3_E113.4_N17.2_20200703_L2A0004902183_11776_4608.png,unusually_high_contrast,suspicious_but_valid,brightness_std=50.3483
GF1_WFV3_E113.4_N17.2_20200703_L2A0004902183_11776_6656.png,unusually_high_contrast,suspicious_but_valid,brightness_std=39.3298
GF1_WFV3_E113.4_N17.2_20200703_L2A0004902183_12288_10240.png,unusually_high_contrast,suspicious_but_valid,brightness_std=60.201
GF1_WFV3_E113.4_N17.2_20200703_L2A0004902183_13312_10752.png,unusually_high_contrast,suspicious_but_valid,brightness_std=31.6378
GF1_WFV3_E113.4_N17.2_20200703_L2A0004902183_13824_10752.png,unusually_high_contrast,suspicious_but_valid,brightness_std=29.883
GF1_WFV3_E113.4_N17.2_20200703_L2A0004902183_3072_0.png,unusually_high_contrast,suspicious_but_valid,brightness_std=65.437
GF1_WFV3_E113.4_N17.2_20200703_L2A0004902183_3584_0.png,unusually_high_contrast,suspicious_but_valid,brightness_std=59.3417
GF1_WFV3_E113.4_N17.2_20200703_L2A0004902183_4096_4096.png,unusually_high_contrast,suspicious_but_valid,brightness_std=38.2033
GF1_WFV3_E119.6_N35.6_20200424_L2A0004760840_10240_14848.png,unusually_high_contrast,suspicious_but_valid,brightness_std=69.813
GF1_WFV3_E119.6_N35.6_20200424_L2A0004760840_11264_14848.png,unusually_high_contrast,suspicious_but_valid,brightness_std=42.9894
GF1_WFV3_E119.6_N35.6_20200424_L2A0004760840_12288_15201.png,unusually_high_contrast,suspicious_but_valid,brightness_std=65.3121
GF1_WFV3_E119.6_N35.6_20200424_L2A0004760840_12800_15201.png,unusually_high_contrast,suspicious_but_valid,brightness_std=44.8386
GF1_WFV3_E119.6_N35.6_20200424_L2A0004760840_13312_13824.png,unusually_high_contrast,suspicious_but_valid,brightness_std=36.7163
GF1_WFV3_E119.6_N35.6_20200424_L2A0004760840_13312_15201.png,unusually_high_contrast,suspicious_but_valid,brightness_std=52.0955
GF1_WFV3_E119.6_N35.6_20200424_L2A0004760840_15211_5632.png,unusually_high_contrast,suspicious_but_valid,brightness_std=37.3012
GF1_WFV3_E119.6_N35.6_20200424_L2A0004760840_15723_4096.png,unusually_high_contrast,suspicious_but_valid,brightness_std=40.4579
GF1_WFV3_E120.2_N22.2_20200710_L2A0004922264_12800_5120.png,unusually_high_contrast,suspicious_but_valid,brightness_std=42.589
GF1_WFV3_E120.2_N22.2_20200710_L2A0004922264_13312_5120.png,unusually_high_contrast,suspicious_but_valid,brightness_std=42.7869
GF1_WFV3_E120.2_N22.2_20200710_L2A0004922264_13824_5632.png,unusually_high_contrast,suspicious_but_valid,brightness_std=31.7246
GF1_WFV3_E120.2_N22.2_20200710_L2A0004922264_13950_5632.png,unusually_high_contrast,suspicious_but_valid,brightness_std=41.7375
GF1_WFV3_E120.2_N22.2_20200710_L2A0004922264_2048_5120.png,unusually_high_contrast,suspicious_but_valid,brightness_std=64.5055
GF1_WFV3_E120.2_N22.2_20200710_L2A0004922264_2048_5632.png,unusually_high_contrast,suspicious_but_valid,brightness_std=29.743
GF1_WFV3_E120.2_N22.2_20200710_L2A0004922264_2560_0.png,unusually_high_contrast,suspicious_but_valid,brightness_std=34.3028
GF1_WFV3_E120.2_N22.2_20200710_L2A0004922264_2560_512.png,unusually_high_contrast,suspicious_but_valid,brightness_std=42.9978
GF1_WFV3_E120.2_N22.2_20200710_L2A0004922264_2560_5120.png,unusually_high_contrast,suspicious_but_valid,brightness_std=58.2703
GF1_WFV3_E120.2_N22.2_20200710_L2A0004922264_2560_5632.png,unusually_high_contrast,suspicious_but_valid,brightness_std=37.9386
GF1_WFV3_E120.2_N22.2_20200710_L2A0004922264_3072_0.png,unusually_high_contrast,suspicious_but_valid,brightness_std=30.8239
GF1_WFV3_E120.2_N22.2_20200710_L2A0004922264_3584_0.png,unusually_high_contrast,suspicious_but_valid,brightness_std=47.8016
GF1_WFV3_E120.2_N22.2_20200710_L2A0004922264_4096_0.png,unusually_high_contrast,suspicious_but_valid,brightness_std=63.5172
GF1_WFV3_E120.2_N22.2_20200710_L2A0004922264_4096_512.png,unusually_high_contrast,suspicious_but_valid,brightness_std=81.137
GF1_WFV3_E120.2_N22.2_20200710_L2A0004922264_4608_3584.png,unusually_high_contrast,suspicious_but_valid,brightness_std=52.4538
GF1_WFV3_E120.2_N22.2_20200710_L2A0004922264_5120_512.png,unusually_high_contrast,suspicious_but_valid,brightness_std=72.5017
GF1_WFV3_E120.2_N22.2_20200710_L2A0004922264_6144_11776.png,unusually_high_contrast,suspicious_but_valid,brightness_std=41.6893
GF1_WFV3_E120.2_N22.2_20200710_L2A0004922264_6656_11264.png,unusually_high_contrast,suspicious_but_valid,brightness_std=40.0334
GF1_WFV3_E120.2_N22.2_20200710_L2A0004922264_7168_3072.png,unusually_high_contrast,suspicious_but_valid,brightness_std=32.1802
GF1_WFV3_E120.2_N22.2_20200710_L2A0004922264_7168_4096.png,unusually_high_contrast,suspicious_but_valid,brightness_std=32.462
GF1_WFV3_E120.2_N22.2_20200710_L2A0004922264_7168_5120.png,unusually_high_contrast,suspicious_but_valid,brightness_std=28.7963
GF1_WFV3_E120.2_N22.2_20200710_L2A0004922264_7680_3072.png,unusually_high_contrast,suspicious_but_valid,brightness_std=47.6366
GF1_WFV3_E120.2_N22.2_20200710_L2A0004922264_7680_3584.png,unusually_high_contrast,suspicious_but_valid,brightness_std=48.8117
GF1_WFV3_E120.2_N22.2_20200710_L2A0004922264_8192_14336.png,unusually_high_contrast,suspicious_but_valid,brightness_std=56.541
GF1_WFV3_E120.2_N22.2_20200710_L2A0004922264_8704_14848.png,unusually_high_contrast,suspicious_but_valid,brightness_std=33.3588
GF1_WFV3_E120.2_N22.2_20200710_L2A0004922264_8704_6144.png,unusually_high_contrast,suspicious_but_valid,brightness_std=55.296
GF1_WFV3_E120.2_N22.2_20200710_L2A0004922264_9728_6656.png,unusually_high_contrast,suspicious_but_valid,brightness_std=66.658
GF1_WFV3_E120.2_N22.2_20200710_L2A0004922264_9728_7168.png,unusually_high_contrast,suspicious_but_valid,brightness_std=60.3819
GF1_WFV3_E121.9_N35.6_20190805_L2A0004161897_10240_15148.png,unusually_high_contrast,suspicious_but_valid,brightness_std=44.2833
GF1_WFV3_E121.9_N35.6_20190805_L2A0004161897_1024_6656.png,unusually_high_contrast,suspicious_but_valid,brightness_std=43.4178
GF1_WFV3_E121.9_N35.6_20190805_L2A0004161897_1024_7168.png,unusually_high_contrast,suspicious_but_valid,brightness_std=55.7525
GF1_WFV3_E121.9_N35.6_20190805_L2A0004161897_11264_15148.png,unusually_high_contrast,suspicious_but_valid,brightness_std=32.1032
GF1_WFV3_E121.9_N35.6_20190805_L2A0004161897_11776_13824.png,unusually_high_contrast,suspicious_but_valid,brightness_std=34.7378
GF1_WFV3_E121.9_N35.6_20190805_L2A0004161897_11776_14848.png,unusually_high_contrast,suspicious_but_valid,brightness_std=42.5841
GF1_WFV3_E121.9_N35.6_20190805_L2A0004161897_12288_11776.png,unusually_high_contrast,suspicious_but_valid,brightness_std=33.7079
GF1_WFV3_E121.9_N35.6_20190805_L2A0004161897_12800_10240.png,unusually_high_contrast,suspicious_but_valid,brightness_std=43.605
GF1_WFV3_E121.9_N35.6_20190805_L2A0004161897_12929_10240.png,unusually_high_contrast,suspicious_but_valid,brightness_std=40.9984
GF1_WFV3_E121.9_N35.6_20190805_L2A0004161897_12929_9216.png,unusually_high_contrast,suspicious_but_valid,brightness_std=33.3325
GF1_WFV3_E121.9_N35.6_20190805_L2A0004161897_13312_7680.png,unusually_high_contrast,suspicious_but_valid,brightness_std=32.8361
GF1_WFV3_E121.9_N35.6_20190805_L2A0004161897_13441_7168.png,unusually_high_contrast,suspicious_but_valid,brightness_std=33.4677
GF1_WFV3_E121.9_N35.6_20190805_L2A0004161897_13824_6144.png,unusually_high_contrast,suspicious_but_valid,brightness_std=41.9401
GF1_WFV3_E121.9_N35.6_20190805_L2A0004161897_13824_6656.png,unusually_high_contrast,suspicious_but_valid,brightness_std=40.0496
GF1_WFV3_E121.9_N35.6_20190805_L2A0004161897_14465_4096.png,unusually_high_contrast,suspicious_but_valid,brightness_std=37.6441
GF1_WFV3_E121.9_N35.6_20190805_L2A0004161897_1536_6656.png,unusually_high_contrast,suspicious_but_valid,brightness_std=50.6897
GF1_WFV3_E121.9_N35.6_20190805_L2A0004161897_1536_7168.png,unusually_high_contrast,suspicious_but_valid,brightness_std=31.1031
GF1_WFV3_E121.9_N35.6_20190805_L2A0004161897_2048_7168.png,unusually_high_contrast,suspicious_but_valid,brightness_std=40.7753
GF1_WFV3_E121.9_N35.6_20190805_L2A0004161897_2048_7680.png,unusually_high_contrast,suspicious_but_valid,brightness_std=31.5096
GF1_WFV3_E121.9_N35.6_20190805_L2A0004161897_3584_6656.png,unusually_high_contrast,suspicious_but_valid,brightness_std=30.835
GF1_WFV3_E121.9_N35.6_20190805_L2A0004161897_3584_9728.png,unusually_high_contrast,suspicious_but_valid,brightness_std=33.3212
GF1_WFV3_E121.9_N35.6_20190805_L2A0004161897_4608_9728.png,unusually_high_contrast,suspicious_but_valid,brightness_std=38.8776
GF1_WFV3_E121.9_N35.6_20190805_L2A0004161897_6144_8192.png,unusually_high_contrast,suspicious_but_valid,brightness_std=43.5651
GF1_WFV3_E121.9_N35.6_20190805_L2A0004161897_6656_14336.png,unusually_high_contrast,suspicious_but_valid,brightness_std=36.0659
GF1_WFV3_E121.9_N35.6_20190805_L2A0004161897_7168_14336.png,unusually_high_contrast,suspicious_but_valid,brightness_std=45.6962
GF1_WFV3_E122.4_N37.3_20190805_L2A0004161911_10240_15134.png,unusually_high_contrast,suspicious_but_valid,brightness_std=40.6392
GF1_WFV3_E122.4_N37.3_20190805_L2A0004161911_11776_14848.png,unusually_high_contrast,suspicious_but_valid,brightness_std=37.2609
GF1_WFV3_E122.4_N37.3_20190805_L2A0004161911_12800_10240.png,unusually_high_contrast,suspicious_but_valid,brightness_std=36.2249
GF1_WFV3_E122.4_N37.3_20190805_L2A0004161911_13422_7680.png,unusually_high_contrast,suspicious_but_valid,brightness_std=39.997
GF1_WFV3_E122.4_N37.3_20190805_L2A0004161911_2048_3584.png,unusually_high_contrast,suspicious_but_valid,brightness_std=101.168
GF1_WFV3_E122.4_N37.3_20190805_L2A0004161911_2560_3584.png,unusually_high_contrast,suspicious_but_valid,brightness_std=48.7854
GF1_WFV3_E122.4_N37.3_20190805_L2A0004161911_3072_13312.png,unusually_high_contrast,suspicious_but_valid,brightness_std=40.1138
GF1_WFV3_E122.4_N37.3_20190805_L2A0004161911_3584_3584.png,unusually_high_contrast,suspicious_but_valid,brightness_std=44.582
GF1_WFV3_E122.4_N37.3_20190805_L2A0004161911_4096_1024.png,unusually_high_contrast,suspicious_but_valid,brightness_std=29.496
GF1_WFV3_E122.4_N37.3_20190805_L2A0004161911_4096_2048.png,unusually_high_contrast,suspicious_but_valid,brightness_std=44.8201
GF1_WFV3_E122.4_N37.3_20190805_L2A0004161911_4096_3072.png,unusually_high_contrast,suspicious_but_valid,brightness_std=61.3922
GF1_WFV3_E122.4_N37.3_20190805_L2A0004161911_4096_3584.png,unusually_high_contrast,suspicious_but_valid,brightness_std=41.0955
GF1_WFV3_E122.4_N37.3_20190805_L2A0004161911_4096_512.png,unusually_high_contrast,suspicious_but_valid,brightness_std=31.9462
GF1_WFV3_E122.4_N37.3_20190805_L2A0004161911_4608_1536.png,unusually_high_contrast,suspicious_but_valid,brightness_std=51.8309
GF1_WFV3_E122.4_N37.3_20190805_L2A0004161911_4608_2560.png,unusually_high_contrast,suspicious_but_valid,brightness_std=50.5749
GF1_WFV3_E122.4_N37.3_20190805_L2A0004161911_5120_1536.png,unusually_high_contrast,suspicious_but_valid,brightness_std=36.5744
GF1_WFV3_E122.4_N37.3_20190805_L2A0004161911_5120_2048.png,unusually_high_contrast,suspicious_but_valid,brightness_std=73.2496
GF1_WFV3_E122.4_N37.3_20190805_L2A0004161911_5120_2560.png,unusually_high_contrast,suspicious_but_valid,brightness_std=56.827
GF1_WFV3_E122.4_N37.3_20190805_L2A0004161911_5632_2560.png,unusually_high_contrast,suspicious_but_valid,brightness_std=47.3582
GF1_WFV3_E122.4_N37.3_20190805_L2A0004161911_5632_512.png,unusually_high_contrast,suspicious_but_valid,brightness_std=105.467
GF1_WFV3_E122.4_N37.3_20190805_L2A0004161911_6144_11264.png,unusually_high_contrast,suspicious_but_valid,brightness_std=37.6933
GF1_WFV3_E122.4_N37.3_20190805_L2A0004161911_6656_5632.png,unusually_high_contrast,suspicious_but_valid,brightness_std=30.3344
GF1_WFV3_E122.4_N37.3_20190805_L2A0004161911_8192_1024.png,unusually_high_contrast,suspicious_but_valid,brightness_std=40.6219
GF1_WFV3_E122.4_N37.3_20190805_L2A0004161911_8704_2048.png,unusually_high_contrast,suspicious_but_valid,brightness_std=39.5281
GF1_WFV3_E122.4_N37.3_20190805_L2A0004161911_8704_2560.png,unusually_high_contrast,suspicious_but_valid,brightness_std=29.2999
GF1_WFV3_E122.4_N37.3_20190805_L2A0004161911_9728_2560.png,unusually_high_contrast,suspicious_but_valid,brightness_std=28.6817
GF1_WFV3_E122.4_N37.3_20190805_L2A0004161911_9728_3072.png,unusually_high_contrast,suspicious_but_valid,brightness_std=31.3046
GF1_WFV3_E128.3_N25.6_20200602_L2A0004840282_6656_3072.png,unusually_high_contrast,suspicious_but_valid,brightness_std=39.2051
GF1_WFV3_E131.3_N17.2_20200630_L2A0004898201_2048_2048.png,unusually_high_contrast,suspicious_but_valid,brightness_std=61.4861
GF1_WFV3_E131.3_N17.2_20200630_L2A0004898201_3584_2560.png,unusually_high_contrast,suspicious_but_valid,brightness_std=53.3748
GF1_WFV4_E109.8_N16.7_20200704_L2A0004904643_1024_12800.png,unusually_high_contrast,suspicious_but_valid,brightness_std=31.6216
GF1_WFV4_E109.8_N16.7_20200704_L2A0004904643_12288_4096.png,unusually_high_contrast,suspicious_but_valid,brightness_std=34.0509
GF1_WFV4_E109.8_N16.7_20200704_L2A0004904643_13312_4096.png,unusually_high_contrast,suspicious_but_valid,brightness_std=80.0609
GF1_WFV4_E109.8_N16.7_20200704_L2A0004904643_13824_4096.png,unusually_high_contrast,suspicious_but_valid,brightness_std=72.825
GF1_WFV4_E109.8_N16.7_20200704_L2A0004904643_1536_12800.png,unusually_high_contrast,suspicious_but_valid,brightness_std=36.2404
GF1_WFV4_E109.8_N16.7_20200704_L2A0004904643_18432_4096.png,unusually_high_contrast,suspicious_but_valid,brightness_std=32.9336
GF1_WFV4_E109.8_N16.7_20200704_L2A0004904643_18944_4096.png,unusually_high_contrast,suspicious_but_valid,brightness_std=42.6498
GF1_WFV4_E109.8_N16.7_20200704_L2A0004904643_18944_5632.png,unusually_high_contrast,suspicious_but_valid,brightness_std=40.8963
GF1_WFV4_E109.8_N16.7_20200704_L2A0004904643_19456_4608.png,unusually_high_contrast,suspicious_but_valid,brightness_std=31.0867
GF1_WFV4_E109.8_N16.7_20200704_L2A0004904643_8704_12800.png,unusually_high_contrast,suspicious_but_valid,brightness_std=45.9431
GF1_WFV4_E109.8_N16.7_20200704_L2A0004904643_9728_3072.png,unusually_high_contrast,suspicious_but_valid,brightness_std=35.917
GF1_WFV4_E109.8_N16.7_20200704_L2A0004904643_9728_3584.png,unusually_high_contrast,suspicious_but_valid,brightness_std=43.0467
GF1_WFV4_E110.2_N18.4_20200704_L2A0004904642_10240_6144.png,unusually_high_contrast,suspicious_but_valid,brightness_std=69.6392
GF1_WFV4_E110.2_N18.4_20200704_L2A0004904642_10752_6656.png,unusually_high_contrast,suspicious_but_valid,brightness_std=68.2309
GF1_WFV4_E110.2_N18.4_20200704_L2A0004904642_13824_14336.png,unusually_high_contrast,suspicious_but_valid,brightness_std=36.3564
GF1_WFV4_E110.2_N18.4_20200704_L2A0004904642_13824_14848.png,unusually_high_contrast,suspicious_but_valid,brightness_std=45.4012
GF1_WFV4_E110.2_N18.4_20200704_L2A0004904642_17920_14848.png,unusually_high_contrast,suspicious_but_valid,brightness_std=49.3837
GF1_WFV4_E110.2_N18.4_20200704_L2A0004904642_22016_8704.png,unusually_high_contrast,suspicious_but_valid,brightness_std=34.2392
GF1_WFV4_E114.1_N21.0_20190806_L2A0004164437_10240_3584.png,unusually_high_contrast,suspicious_but_valid,brightness_std=53.0442
GF1_WFV4_E114.1_N21.0_20190806_L2A0004164437_10240_5120.png,unusually_high_contrast,suspicious_but_valid,brightness_std=31.7765
GF1_WFV4_E114.1_N21.0_20190806_L2A0004164437_1024_10752.png,unusually_high_contrast,suspicious_but_valid,brightness_std=35.5496
GF1_WFV4_E114.1_N21.0_20190806_L2A0004164437_1024_7680.png,unusually_high_contrast,suspicious_but_valid,brightness_std=58.3116
GF1_WFV4_E114.1_N21.0_20190806_L2A0004164437_1024_8192.png,unusually_high_contrast,suspicious_but_valid,brightness_std=35.6243
GF1_WFV4_E114.1_N21.0_20190806_L2A0004164437_11264_3584.png,unusually_high_contrast,suspicious_but_valid,brightness_std=57.9659
GF1_WFV4_E114.1_N21.0_20190806_L2A0004164437_11776_2048.png,unusually_high_contrast,suspicious_but_valid,brightness_std=81.3198
GF1_WFV4_E114.1_N21.0_20190806_L2A0004164437_11776_8192.png,unusually_high_contrast,suspicious_but_valid,brightness_std=40.9123
GF1_WFV4_E114.1_N21.0_20190806_L2A0004164437_11776_8704.png,unusually_high_contrast,suspicious_but_valid,brightness_std=34.2763
GF1_WFV4_E114.1_N21.0_20190806_L2A0004164437_12288_10240.png,unusually_high_contrast,suspicious_but_valid,brightness_std=33.6997
GF1_WFV4_E114.1_N21.0_20190806_L2A0004164437_3584_11264.png,unusually_high_contrast,suspicious_but_valid,brightness_std=31.9869
GF1_WFV4_E114.1_N21.0_20190806_L2A0004164437_512_8704.png,unusually_high_contrast,suspicious_but_valid,brightness_std=46.7011
GF1_WFV4_E114.1_N21.0_20190806_L2A0004164437_6656_6144.png,unusually_high_contrast,suspicious_but_valid,brightness_std=30.0678
GF1_WFV4_E114.1_N21.0_20190806_L2A0004164437_8192_3072.png,unusually_high_contrast,suspicious_but_valid,brightness_std=50.0523
GF1_WFV4_E114.1_N21.0_20190806_L2A0004164437_8704_3584.png,unusually_high_contrast,suspicious_but_valid,brightness_std=28.6923
GF1_WFV4_E114.1_N21.0_20190806_L2A0004164437_9216_9728.png,unusually_high_contrast,suspicious_but_valid,brightness_std=36.869
GF1_WFV4_E114.4_N21.8_20190806_L2A0004164425_0_11264.png,unusually_high_contrast,suspicious_but_valid,brightness_std=59.4824
GF1_WFV4_E114.4_N21.8_20190806_L2A0004164425_0_12288.png,unusually_high_contrast,suspicious_but_valid,brightness_std=40.3969
GF1_WFV4_E114.4_N21.8_20190806_L2A0004164425_10240_14336.png,unusually_high_contrast,suspicious_but_valid,brightness_std=44.388
GF1_WFV4_E114.4_N21.8_20190806_L2A0004164425_10240_5120.png,unusually_high_contrast,suspicious_but_valid,brightness_std=60.2402
GF1_WFV4_E114.4_N21.8_20190806_L2A0004164425_10240_8192.png,unusually_high_contrast,suspicious_but_valid,brightness_std=47.2705
GF1_WFV4_E114.4_N21.8_20190806_L2A0004164425_10240_8704.png,unusually_high_contrast,suspicious_but_valid,brightness_std=37.7601
GF1_WFV4_E114.4_N21.8_20190806_L2A0004164425_1024_12800.png,unusually_high_contrast,suspicious_but_valid,brightness_std=55.7232
GF1_WFV4_E114.4_N21.8_20190806_L2A0004164425_10752_14848.png,unusually_high_contrast,suspicious_but_valid,brightness_std=76.37
GF1_WFV4_E114.4_N21.8_20190806_L2A0004164425_10752_6656.png,unusually_high_contrast,suspicious_but_valid,brightness_std=45.2469
GF1_WFV4_E114.4_N21.8_20190806_L2A0004164425_10752_7680.png,unusually_high_contrast,suspicious_but_valid,brightness_std=30.6542
GF1_WFV4_E114.4_N21.8_20190806_L2A0004164425_11264_11264.png,unusually_high_contrast,suspicious_but_valid,brightness_std=31.3754
GF1_WFV4_E114.4_N21.8_20190806_L2A0004164425_11264_14336.png,unusually_high_contrast,suspicious_but_valid,brightness_std=54.4075
GF1_WFV4_E114.4_N21.8_20190806_L2A0004164425_11264_7168.png,unusually_high_contrast,suspicious_but_valid,brightness_std=42.0156
GF1_WFV4_E114.4_N21.8_20190806_L2A0004164425_11264_8704.png,unusually_high_contrast,suspicious_but_valid,brightness_std=63.7994
GF1_WFV4_E114.4_N21.8_20190806_L2A0004164425_11776_14336.png,unusually_high_contrast,suspicious_but_valid,brightness_std=62.8646
GF1_WFV4_E114.4_N21.8_20190806_L2A0004164425_11776_8704.png,unusually_high_contrast,suspicious_but_valid,brightness_std=45.8479
GF1_WFV4_E114.4_N21.8_20190806_L2A0004164425_12288_6656.png,unusually_high_contrast,suspicious_but_valid,brightness_std=32.6942
GF1_WFV4_E114.4_N21.8_20190806_L2A0004164425_13312_5632.png,unusually_high_contrast,suspicious_but_valid,brightness_std=49.5213
GF1_WFV4_E114.4_N21.8_20190806_L2A0004164425_13312_6144.png,unusually_high_contrast,suspicious_but_valid,brightness_std=48.3482
GF1_WFV4_E114.4_N21.8_20190806_L2A0004164425_14848_5632.png,unusually_high_contrast,suspicious_but_valid,brightness_std=48.2848
GF1_WFV4_E114.4_N21.8_20190806_L2A0004164425_15360_5632.png,unusually_high_contrast,suspicious_but_valid,brightness_std=69.2041
GF1_WFV4_E114.4_N21.8_20190806_L2A0004164425_15533_3072.png,unusually_high_contrast,suspicious_but_valid,brightness_std=31.959
GF1_WFV4_E114.4_N21.8_20190806_L2A0004164425_15533_5120.png,unusually_high_contrast,suspicious_but_valid,brightness_std=57.2139
GF1_WFV4_E114.4_N21.8_20190806_L2A0004164425_15533_5632.png,unusually_high_contrast,suspicious_but_valid,brightness_std=69.327
GF1_WFV4_E114.4_N21.8_20190806_L2A0004164425_15872_3072.png,unusually_high_contrast,suspicious_but_valid,brightness_std=38.2865
GF1_WFV4_E114.4_N21.8_20190806_L2A0004164425_15872_5120.png,unusually_high_contrast,suspicious_but_valid,brightness_std=55.1877
GF1_WFV4_E114.4_N21.8_20190806_L2A0004164425_16045_3072.png,unusually_high_contrast,suspicious_but_valid,brightness_std=39.3587
GF1_WFV4_E114.4_N21.8_20190806_L2A0004164425_17069_4608.png,unusually_high_contrast,suspicious_but_valid,brightness_std=37.6583
GF1_WFV4_E114.4_N21.8_20190806_L2A0004164425_5120_10752.png,unusually_high_contrast,suspicious_but_valid,brightness_std=57.3492
GF1_WFV4_E114.4_N21.8_20190806_L2A0004164425_5120_11264.png,unusually_high_contrast,suspicious_but_valid,brightness_std=53.4593
GF1_WFV4_E114.4_N21.8_20190806_L2A0004164425_5632_10752.png,unusually_high_contrast,suspicious_but_valid,brightness_std=44.5978
GF1_WFV4_E114.4_N21.8_20190806_L2A0004164425_5632_11264.png,unusually_high_contrast,suspicious_but_valid,brightness_std=41.553
GF1_WFV4_E114.4_N21.8_20190806_L2A0004164425_6144_8192.png,unusually_high_contrast,suspicious_but_valid,brightness_std=57.7256
GF1_WFV4_E114.4_N21.8_20190806_L2A0004164425_6656_8704.png,unusually_high_contrast,suspicious_but_valid,brightness_std=52.4197
GF1_WFV4_E114.4_N21.8_20190806_L2A0004164425_8192_12800.png,unusually_high_contrast,suspicious_but_valid,brightness_std=57.4218
GF1_WFV4_E114.4_N21.8_20190806_L2A0004164425_8192_8192.png,unusually_high_contrast,suspicious_but_valid,brightness_std=41.0022
GF1_WFV4_E114.4_N21.8_20190806_L2A0004164425_8704_10752.png,unusually_high_contrast,suspicious_but_valid,brightness_std=53.2492
GF1_WFV4_E114.4_N21.8_20190806_L2A0004164425_8704_5120.png,unusually_high_contrast,suspicious_but_valid,brightness_std=51.1326
GF1_WFV4_E114.4_N21.8_20190806_L2A0004164425_8704_9216.png,unusually_high_contrast,suspicious_but_valid,brightness_std=31.5419
GF1_WFV4_E114.4_N21.8_20190806_L2A0004164425_9728_10240.png,unusually_high_contrast,suspicious_but_valid,brightness_std=38.3055
GF1_WFV4_E114.5_N11.7_20200703_L2A0004902460_12800_4096.png,unusually_high_contrast,suspicious_but_valid,brightness_std=44.9614
GF1_WFV4_E114.5_N11.7_20200703_L2A0004902460_12800_4608.png,unusually_high_contrast,suspicious_but_valid,brightness_std=69.9074
GF1_WFV4_E114.5_N11.7_20200703_L2A0004902460_13312_4096.png,unusually_high_contrast,suspicious_but_valid,brightness_std=44.0587
GF1_WFV4_E114.5_N11.7_20200703_L2A0004902460_13312_4608.png,unusually_high_contrast,suspicious_but_valid,brightness_std=77.9954
GF1_WFV4_E114.5_N11.7_20200703_L2A0004902460_13824_2560.png,unusually_high_contrast,suspicious_but_valid,brightness_std=29.0071
GF1_WFV4_E114.5_N11.7_20200703_L2A0004902460_13824_4096.png,unusually_high_contrast,suspicious_but_valid,brightness_std=50.852
GF1_WFV4_E114.5_N11.7_20200703_L2A0004902460_1536_5632.png,unusually_high_contrast,suspicious_but_valid,brightness_std=82.4945
GF1_WFV4_E114.5_N11.7_20200703_L2A0004902460_6144_9216.png,unusually_high_contrast,suspicious_but_valid,brightness_std=39.1995
GF1_WFV4_E114.5_N11.7_20200703_L2A0004902460_6656_6144.png,unusually_high_contrast,suspicious_but_valid,brightness_std=58.4038
GF1_WFV4_E114.5_N11.7_20200703_L2A0004902460_6656_6656.png,unusually_high_contrast,suspicious_but_valid,brightness_std=44.1462
GF1_WFV4_E114.5_N11.7_20200703_L2A0004902460_6656_7168.png,unusually_high_contrast,suspicious_but_valid,brightness_std=36.1018
GF1_WFV4_E114.5_N11.7_20200703_L2A0004902460_6656_7680.png,unusually_high_contrast,suspicious_but_valid,brightness_std=37.8232
GF1_WFV4_E114.5_N11.7_20200703_L2A0004902460_7680_7168.png,unusually_high_contrast,suspicious_but_valid,brightness_std=31.5142
GF1_WFV4_E124.0_N36.8_20191202_L1A0004438746_2048_5632.png,unusually_high_contrast,suspicious_but_valid,brightness_std=76.4076
GF1_WFV4_E124.0_N36.8_20191202_L1A0004438746_2560_5632.png,unusually_high_contrast,suspicious_but_valid,brightness_std=79.7316
GF1_WFV4_E124.0_N36.8_20191202_L1A0004438746_2560_6144.png,unusually_high_contrast,suspicious_but_valid,brightness_std=74.8297
GF1_WFV4_E124.0_N36.8_20191202_L1A0004438746_3072_5120.png,unusually_high_contrast,suspicious_but_valid,brightness_std=76.9823
GF1_WFV4_E124.0_N36.8_20191202_L1A0004438746_3072_5632.png,unusually_high_contrast,suspicious_but_valid,brightness_std=73.0116
GF1_WFV4_E124.0_N36.8_20191202_L1A0004438746_3072_6144.png,unusually_high_contrast,suspicious_but_valid,brightness_std=71.1994
GF1_WFV4_E124.0_N36.8_20191202_L1A0004438746_3584_6144.png,unusually_high_contrast,suspicious_but_valid,brightness_std=77.9811
GF1_WFV4_E124.0_N36.8_20191202_L1A0004438746_3584_6656.png,unusually_high_contrast,suspicious_but_valid,brightness_std=63.2855
GF1_WFV4_E124.0_N36.8_20191202_L1A0004438746_4096_7168.png,unusually_high_contrast,suspicious_but_valid,brightness_std=75.0559
GF1_WFV4_E124.0_N36.8_20191202_L1A0004438746_4096_7680.png,unusually_high_contrast,suspicious_but_valid,brightness_std=77.4254
GF1_WFV4_E124.0_N36.8_20191202_L1A0004438746_4608_7680.png,unusually_high_contrast,suspicious_but_valid,brightness_std=69.1064
GF1_WFV4_E124.0_N36.8_20191202_L1A0004438746_5120_7680.png,unusually_high_contrast,suspicious_but_valid,brightness_std=59.0905
GF1_WFV4_E124.1_N30.1_20190629_L2A0004085462_14848_16269.png,unusually_high_contrast,suspicious_but_valid,brightness_std=59.6052
GF1_WFV4_E124.1_N30.1_20190629_L2A0004085462_15872_16269.png,unusually_high_contrast,suspicious_but_valid,brightness_std=33.9596
GF1_WFV4_E124.1_N30.1_20190629_L2A0004085462_17408_10240.png,unusually_high_contrast,suspicious_but_valid,brightness_std=42.9099
GF1_WFV4_E124.1_N33.5_20200812_L1A0004986999_1536_4096.png,unusually_high_contrast,suspicious_but_valid,brightness_std=34.6848
GF1_WFV4_E124.1_N33.5_20200812_L1A0004986999_5632_4608.png,unusually_high_contrast,suspicious_but_valid,brightness_std=52.0778
GF1_WFV4_E124.1_N33.5_20200812_L1A0004986999_5632_5120.png,unusually_high_contrast,suspicious_but_valid,brightness_std=35.1555
GF1_WFV4_E124.1_N33.5_20200812_L1A0004986999_9216_9216.png,unusually_high_contrast,suspicious_but_valid,brightness_std=44.9396
GF1_WFV4_E124.1_N35.2_20191206_L1A0004447282_0_11776.png,unusually_high_contrast,suspicious_but_valid,brightness_std=38.6351
GF1_WFV4_E124.1_N35.2_20191206_L1A0004447282_0_12800.png,unusually_high_contrast,suspicious_but_valid,brightness_std=83.9931
GF1_WFV4_E124.1_N35.2_20191206_L1A0004447282_1024_12288.png,unusually_high_contrast,suspicious_but_valid,brightness_std=71.8945
GF1_WFV4_E124.1_N35.2_20191206_L1A0004447282_1024_12800.png,unusually_high_contrast,suspicious_but_valid,brightness_std=67.87
GF1_WFV4_E124.1_N35.2_20191206_L1A0004447282_1536_12288.png,unusually_high_contrast,suspicious_but_valid,brightness_std=93.7502
GF1_WFV4_E124.1_N35.2_20191206_L1A0004447282_1536_1536.png,unusually_high_contrast,suspicious_but_valid,brightness_std=49.8006
GF1_WFV4_E124.1_N35.2_20191206_L1A0004447282_2048_7168.png,unusually_high_contrast,suspicious_but_valid,brightness_std=66.1874
GF1_WFV4_E124.1_N35.2_20191206_L1A0004447282_2560_7168.png,unusually_high_contrast,suspicious_but_valid,brightness_std=49.4747
GF1_WFV4_E124.1_N35.2_20191206_L1A0004447282_3584_7168.png,unusually_high_contrast,suspicious_but_valid,brightness_std=87.6933
GF1_WFV4_E124.1_N35.2_20191206_L1A0004447282_4608_5120.png,unusually_high_contrast,suspicious_but_valid,brightness_std=81.9371
GF1_WFV4_E124.1_N35.2_20191206_L1A0004447282_4608_5632.png,unusually_high_contrast,suspicious_but_valid,brightness_std=72.651
GF1_WFV4_E124.1_N35.2_20191206_L1A0004447282_5120_5632.png,unusually_high_contrast,suspicious_but_valid,brightness_std=58.7297
GF1_WFV4_E124.1_N35.2_20191206_L1A0004447282_512_1024.png,unusually_high_contrast,suspicious_but_valid,brightness_std=55.6203
GF1_WFV4_E124.1_N35.2_20191206_L1A0004447282_512_11776.png,unusually_high_contrast,suspicious_but_valid,brightness_std=74.5182
GF1_WFV4_E124.1_N35.2_20191206_L1A0004447282_512_12800.png,unusually_high_contrast,suspicious_but_valid,brightness_std=77.2924
GF1_WFV4_E124.1_N35.2_20191206_L1A0004447282_5632_5632.png,unusually_high_contrast,suspicious_but_valid,brightness_std=65.8688
GF1_WFV4_E124.3_N33.5_20200926_L1A0005089385_10464_2048.png,unusually_high_contrast,suspicious_but_valid,brightness_std=69.0377
GF1_WFV4_E124.3_N33.5_20200926_L1A0005089385_10464_3584.png,unusually_high_contrast,suspicious_but_valid,brightness_std=40.0514
GF1_WFV4_E124.3_N33.5_20200926_L1A0005089385_10976_1024.png,unusually_high_contrast,suspicious_but_valid,brightness_std=73.3279
GF1_WFV4_E124.3_N33.5_20200926_L1A0005089385_11488_1536.png,unusually_high_contrast,suspicious_but_valid,brightness_std=71.028
GF1_WFV4_E124.3_N33.5_20200926_L1A0005089385_11488_3072.png,unusually_high_contrast,suspicious_but_valid,brightness_std=51.1533
GF1_WFV4_E124.3_N33.5_20200926_L1A0005089385_2048_6656.png,unusually_high_contrast,suspicious_but_valid,brightness_std=43.2783
GF1_WFV4_E124.3_N33.5_20200926_L1A0005089385_2048_8192.png,unusually_high_contrast,suspicious_but_valid,brightness_std=56.8169
GF1_WFV4_E124.3_N33.5_20200926_L1A0005089385_2048_8704.png,unusually_high_contrast,suspicious_but_valid,brightness_std=47.321
GF1_WFV4_E124.3_N33.5_20200926_L1A0005089385_4096_7168.png,unusually_high_contrast,suspicious_but_valid,brightness_std=45.7704
GF1_WFV4_E124.3_N33.5_20200926_L1A0005089385_8192_11776.png,unusually_high_contrast,suspicious_but_valid,brightness_std=36.8465
GF1_WFV4_E124.3_N33.5_20200926_L1A0005089385_9216_11776.png,unusually_high_contrast,suspicious_but_valid,brightness_std=28.6054
GF1_WFV4_E124.3_N33.5_20200926_L1A0005089385_9216_2560.png,unusually_high_contrast,suspicious_but_valid,brightness_std=36.7041
GF1_WFV4_E124.3_N33.5_20200926_L1A0005089385_9728_2560.png,unusually_high_contrast,suspicious_but_valid,brightness_std=33.7069
GF1_WFV4_E124.5_N35.2_20200922_L1A0005079948_10464_11264.png,unusually_high_contrast,suspicious_but_valid,brightness_std=33.4017
GF1_WFV4_E124.5_N35.2_20200922_L1A0005079948_10976_10240.png,unusually_high_contrast,suspicious_but_valid,brightness_std=52.2633
GF1_WFV4_E124.5_N35.2_20200922_L1A0005079948_11488_10240.png,unusually_high_contrast,suspicious_but_valid,brightness_std=29.7709
GF1_WFV4_E124.5_N35.2_20200922_L1A0005079948_11488_11264.png,unusually_high_contrast,suspicious_but_valid,brightness_std=32.6073
GF1_WFV4_E124.5_N35.2_20200922_L1A0005079948_1536_6656.png,unusually_high_contrast,suspicious_but_valid,brightness_std=74.0123
GF1_WFV4_E124.5_N35.2_20200922_L1A0005079948_2048_11776.png,unusually_high_contrast,suspicious_but_valid,brightness_std=34.946
GF1_WFV4_E124.5_N35.2_20200922_L1A0005079948_3072_12888.png,unusually_high_contrast,suspicious_but_valid,brightness_std=32.9086
GF1_WFV4_E124.5_N35.2_20200922_L1A0005079948_3584_11264.png,unusually_high_contrast,suspicious_but_valid,brightness_std=40.3175
GF1_WFV4_E124.5_N35.2_20200922_L1A0005079948_3584_11776.png,unusually_high_contrast,suspicious_but_valid,brightness_std=43.53
GF1_WFV4_E124.5_N35.2_20200922_L1A0005079948_3584_12376.png,unusually_high_contrast,suspicious_but_valid,brightness_std=49.7221
GF1_WFV4_E124.5_N35.2_20200922_L1A0005079948_4096_12800.png,unusually_high_contrast,suspicious_but_valid,brightness_std=69.501
GF1_WFV4_E124.5_N35.2_20200922_L1A0005079948_5120_12288.png,unusually_high_contrast,suspicious_but_valid,brightness_std=57.8104
GF1_WFV4_E124.5_N35.2_20200922_L1A0005079948_5120_7680.png,unusually_high_contrast,suspicious_but_valid,brightness_std=65.988
GF1_WFV4_E124.5_N35.2_20200922_L1A0005079948_5632_12800.png,unusually_high_contrast,suspicious_but_valid,brightness_std=52.3283
GF1_WFV4_E124.5_N35.2_20200922_L1A0005079948_5632_7680.png,unusually_high_contrast,suspicious_but_valid,brightness_std=64.9504
GF1_WFV4_E124.5_N35.2_20200922_L1A0005079948_6144_12288.png,unusually_high_contrast,suspicious_but_valid,brightness_std=81.7763
GF1_WFV4_E124.5_N35.2_20200922_L1A0005079948_6144_6144.png,unusually_high_contrast,suspicious_but_valid,brightness_std=37.4937
GF1_WFV4_E124.5_N35.2_20200922_L1A0005079948_6144_8704.png,unusually_high_contrast,suspicious_but_valid,brightness_std=40.6296
GF1_WFV4_E124.5_N35.2_20200922_L1A0005079948_6656_2048.png,unusually_high_contrast,suspicious_but_valid,brightness_std=33.5816
GF1_WFV4_E124.5_N35.2_20200922_L1A0005079948_6656_9216.png,unusually_high_contrast,suspicious_but_valid,brightness_std=36.4863
GF1_WFV4_E124.5_N35.2_20200922_L1A0005079948_7168_12288.png,unusually_high_contrast,suspicious_but_valid,brightness_std=30.1853
GF1_WFV4_E124.5_N35.2_20200922_L1A0005079948_7168_9728.png,unusually_high_contrast,suspicious_but_valid,brightness_std=64.2963
GF1_WFV4_E124.5_N35.2_20200922_L1A0005079948_9216_11776.png,unusually_high_contrast,suspicious_but_valid,brightness_std=48.3266
GF1_WFV4_E124.5_N35.2_20200922_L1A0005079948_9728_11264.png,unusually_high_contrast,suspicious_but_valid,brightness_std=36.1526
GF1_WFV4_E124.5_N35.2_20200922_L1A0005079948_9952_11264.png,unusually_high_contrast,suspicious_but_valid,brightness_std=37.1885
GF1_WFV4_E124.5_N35.2_20200922_L1A0005079948_9952_11776.png,unusually_high_contrast,suspicious_but_valid,brightness_std=50.8453
GF1_WFV4_E124.5_N36.8_20190805_L2A0004161899_0_12288.png,unusually_high_contrast,suspicious_but_valid,brightness_std=28.4661
GF1_WFV4_E124.5_N36.8_20190805_L2A0004161899_1024_12800.png,unusually_high_contrast,suspicious_but_valid,brightness_std=39.9238
GF1_WFV4_E124.5_N36.8_20190805_L2A0004161899_12288_7680.png,unusually_high_contrast,suspicious_but_valid,brightness_std=34.017
GF1_WFV4_E124.5_N36.8_20190805_L2A0004161899_12288_8192.png,unusually_high_contrast,suspicious_but_valid,brightness_std=37.3257
GF1_WFV4_E124.5_N36.8_20190805_L2A0004161899_14848_13312.png,unusually_high_contrast,suspicious_but_valid,brightness_std=38.5808
GF1_WFV4_E124.5_N36.8_20190805_L2A0004161899_15360_10752.png,unusually_high_contrast,suspicious_but_valid,brightness_std=39.4943
GF1_WFV4_E124.5_N36.8_20190805_L2A0004161899_15360_11264.png,unusually_high_contrast,suspicious_but_valid,brightness_std=37.9932
GF1_WFV4_E124.5_N36.8_20190805_L2A0004161899_1536_12800.png,unusually_high_contrast,suspicious_but_valid,brightness_std=34.8375
GF1_WFV4_E124.5_N36.8_20190805_L2A0004161899_15969_3072.png,unusually_high_contrast,suspicious_but_valid,brightness_std=50.5265
GF1_WFV4_E124.5_N36.8_20190805_L2A0004161899_16481_5632.png,unusually_high_contrast,suspicious_but_valid,brightness_std=31.3882
GF1_WFV4_E124.5_N36.8_20190805_L2A0004161899_16481_6144.png,unusually_high_contrast,suspicious_but_valid,brightness_std=44.4034
GF1_WFV4_E124.5_N36.8_20190805_L2A0004161899_16993_3584.png,unusually_high_contrast,suspicious_but_valid,brightness_std=35.8234
GF1_WFV4_E124.5_N36.8_20190805_L2A0004161899_16993_5120.png,unusually_high_contrast,suspicious_but_valid,brightness_std=29.9828
GF6_WFV_E131.2_N35.8_20200910_L1A1120034678-2_0_512.png,unusually_high_contrast,suspicious_but_valid,brightness_std=28.5991
GF6_WFV_E131.2_N35.8_20200910_L1A1120034678-2_1024_3584.png,unusually_high_contrast,suspicious_but_valid,brightness_std=36.0287
GF6_WFV_E131.2_N35.8_20200910_L1A1120034678-2_12288_15360.png,unusually_high_contrast,suspicious_but_valid,brightness_std=34.3142
GF6_WFV_E131.2_N35.8_20200910_L1A1120034678-2_13824_5632.png,unusually_high_contrast,suspicious_but_valid,brightness_std=42.4634
GF6_WFV_E131.2_N35.8_20200910_L1A1120034678-2_1536_3584.png,unusually_high_contrast,suspicious_but_valid,brightness_std=51.9984
GF6_WFV_E131.2_N35.8_20200910_L1A1120034678-2_18944_1536.png,unusually_high_contrast,suspicious_but_valid,brightness_std=28.9179
GF6_WFV_E131.2_N35.8_20200910_L1A1120034678-2_19456_11264.png,unusually_high_contrast,suspicious_but_valid,brightness_std=83.858
GF6_WFV_E131.2_N35.8_20200910_L1A1120034678-2_19968_10240.png,unusually_high_contrast,suspicious_but_valid,brightness_std=78.3032
GF6_WFV_E131.2_N35.8_20200910_L1A1120034678-2_19968_11264.png,unusually_high_contrast,suspicious_but_valid,brightness_std=77.9754
GF6_WFV_E131.2_N35.8_20200910_L1A1120034678-2_19968_11776.png,unusually_high_contrast,suspicious_but_valid,brightness_std=71.7962
GF6_WFV_E131.2_N35.8_20200910_L1A1120034678-2_2048_6144.png,unusually_high_contrast,suspicious_but_valid,brightness_std=38.2568
GF6_WFV_E131.2_N35.8_20200910_L1A1120034678-2_22416_7680.png,unusually_high_contrast,suspicious_but_valid,brightness_std=51.3095
GF6_WFV_E131.2_N35.8_20200910_L1A1120034678-2_23440_7168.png,unusually_high_contrast,suspicious_but_valid,brightness_std=36.3187
GF6_WFV_E131.2_N35.8_20200910_L1A1120034678-2_2560_6144.png,unusually_high_contrast,suspicious_but_valid,brightness_std=38.0529
GF6_WFV_E131.2_N35.8_20200910_L1A1120034678-2_4608_7168.png,unusually_high_contrast,suspicious_but_valid,brightness_std=41.2929
GF6_WFV_E131.2_N35.8_20200910_L1A1120034678-2_512_3584.png,unusually_high_contrast,suspicious_but_valid,brightness_std=39.2829
GF6_WFV_E131.2_N35.8_20200910_L1A1120034678-2_8192_8192.png,unusually_high_contrast,suspicious_but_valid,brightness_std=40.8712
GF6_WFV_E131.2_N35.8_20200910_L1A1120034678-2_8704_8192.png,unusually_high_contrast,suspicious_but_valid,brightness_std=33.9739
GF6_WFV_E131.2_N35.8_20200910_L1A1120034678-3_0_16384.png,unusually_high_contrast,suspicious_but_valid,brightness_std=72.5495
GF6_WFV_E131.2_N35.8_20200910_L1A1120034678-3_0_16773.png,unusually_high_contrast,suspicious_but_valid,brightness_std=44.7733
GF6_WFV_E131.2_N35.8_20200910_L1A1120034678-3_512_15360.png,unusually_high_contrast,suspicious_but_valid,brightness_std=48.9485
GF6_WFV_E131.2_N35.8_20200910_L1A1120034678-3_512_15872.png,unusually_high_contrast,suspicious_but_valid,brightness_std=59.8737
GF6_WFV_E131.2_N35.8_20200910_L1A1120034678-3_512_16384.png,unusually_high_contrast,suspicious_but_valid,brightness_std=39.0228
GF6_WFV_E131.4_N22.4_20200419_L1A1119988588-2_16384_15360.png,unusually_high_contrast,suspicious_but_valid,brightness_std=47.0839
GF6_WFV_E131.4_N22.4_20200419_L1A1119988588-2_16384_15872.png,unusually_high_contrast,suspicious_but_valid,brightness_std=35.2833
GF6_WFV_E131.4_N22.4_20200530_L1A1120002374-1_7680_5120.png,unusually_high_contrast,suspicious_but_valid,brightness_std=52.116
GF6_WFV_E131.4_N22.4_20200530_L1A1120002374-1_9728_16384.png,unusually_high_contrast,suspicious_but_valid,brightness_std=48.6017
GF6_WFV_E131.4_N22.4_20200530_L1A1120002374-2_8192_512.png,unusually_high_contrast,suspicious_but_valid,brightness_std=55.686
GF6_WFV_E131.4_N24.7_20190523_L1A1119882277-1_9728_14848.png,unusually_high_contrast,suspicious_but_valid,brightness_std=40.9823
GF6_WFV_E131.4_N24.7_20190523_L1A1119882277-3_0_13824.png,unusually_high_contrast,suspicious_but_valid,brightness_std=50.6405
GF6_WFV_E131.4_N24.7_20190523_L1A1119882277-3_1536_13312.png,unusually_high_contrast,suspicious_but_valid,brightness_std=51.3044
GF6_WFV_E131.4_N24.7_20190523_L1A1119882277-3_512_13312.png,unusually_high_contrast,suspicious_but_valid,brightness_std=38.289
GF6_WFV_E131.4_N24.7_20190523_L1A1119882277-3_512_13824.png,unusually_high_contrast,suspicious_but_valid,brightness_std=30.7162
GF6_WFV_E131.6_N24.7_20191111_L1A1119942463-1_6144_1024.png,unusually_high_contrast,suspicious_but_valid,brightness_std=42.9564
GF6_WFV_E131.6_N24.7_20191111_L1A1119942463-1_6656_1024.png,unusually_high_contrast,suspicious_but_valid,brightness_std=39.4746
GF6_WFV_E131.6_N24.9_20190302_L1A1119852281-1_0_512.png,unusually_high_contrast,suspicious_but_valid,brightness_std=38.0282
GF6_WFV_E131.6_N24.9_20190302_L1A1119852281-1_1024_1024.png,unusually_high_contrast,suspicious_but_valid,brightness_std=30.3354
GF6_WFV_E131.6_N24.9_20190302_L1A1119852281-3_4096_8192.png,unusually_high_contrast,suspicious_but_valid,brightness_std=49.1312
GF6_WFV_E131.6_N24.9_20190302_L1A1119852281-3_4608_8192.png,unusually_high_contrast,suspicious_but_valid,brightness_std=37.1434
GF6_WFV_E131.6_N24.9_20190302_L1A1119852281-3_5120_8192.png,unusually_high_contrast,suspicious_but_valid,brightness_std=61.0388
GF6_WFV_E131.8_N31.4_20200918_L1A1120036753-2_20480_0.png,unusually_high_contrast,suspicious_but_valid,brightness_std=46.8853
GF6_WFV_E131.8_N31.4_20200918_L1A1120036753-2_2048_4608.png,unusually_high_contrast,suspicious_but_valid,brightness_std=47.088
GF6_WFV_E131.8_N31.4_20200918_L1A1120036753-2_22928_512.png,unusually_high_contrast,suspicious_but_valid,brightness_std=29.0452
GF6_WFV_E131.8_N31.4_20200918_L1A1120036753-2_2560_4608.png,unusually_high_contrast,suspicious_but_valid,brightness_std=64.2573
GF6_WFV_E131.8_N31.4_20200918_L1A1120036753-2_3072_4096.png,unusually_high_contrast,suspicious_but_valid,brightness_std=33.9467
GF6_WFV_E131.8_N31.4_20200918_L1A1120036753-2_3584_4096.png,unusually_high_contrast,suspicious_but_valid,brightness_std=49.2022
GF6_WFV_E131.8_N31.4_20200918_L1A1120036753-3_8704_14848.png,unusually_high_contrast,suspicious_but_valid,brightness_std=39.7875
GF6_WFV_E131.8_N31.4_20200918_L1A1120036753-3_8704_5632.png,unusually_high_contrast,suspicious_but_valid,brightness_std=37.554
GF6_WFV_E131.8_N31.4_20200918_L1A1120036753-3_9216_5120.png,unusually_high_contrast,suspicious_but_valid,brightness_std=46.6553
GF6_WFV_E131.8_N38.0_20200910_L1A1120034675-1_0_16773.png,unusually_high_contrast,suspicious_but_valid,brightness_std=40.6103
GF6_WFV_E131.8_N38.0_20200910_L1A1120034675-1_0_16896.png,unusually_high_contrast,suspicious_but_valid,brightness_std=40.191
GF6_WFV_E131.8_N38.0_20200910_L1A1120034675-1_0_17285.png,unusually_high_contrast,suspicious_but_valid,brightness_std=35.2538
GF6_WFV_E131.8_N38.0_20200910_L1A1120034675-1_10240_11776.png,unusually_high_contrast,suspicious_but_valid,brightness_std=31.7093
GF6_WFV_E131.8_N38.0_20200910_L1A1120034675-1_11904_14848.png,unusually_high_contrast,suspicious_but_valid,brightness_std=42.108
GF6_WFV_E131.8_N38.0_20200910_L1A1120034675-1_11904_15872.png,unusually_high_contrast,suspicious_but_valid,brightness_std=50.4607
GF6_WFV_E131.8_N38.0_20200910_L1A1120034675-1_13440_13824.png,unusually_high_contrast,suspicious_but_valid,brightness_std=30.5934
GF6_WFV_E131.8_N38.0_20200910_L1A1120034675-1_8704_10240.png,unusually_high_contrast,suspicious_but_valid,brightness_std=51.4048
GF6_WFV_E131.8_N38.0_20200910_L1A1120034675-1_8704_9216.png,unusually_high_contrast,suspicious_but_valid,brightness_std=36.3806
GF6_WFV_E131.8_N38.0_20200910_L1A1120034675-1_8704_9728.png,unusually_high_contrast,suspicious_but_valid,brightness_std=38.811
GF6_WFV_E131.8_N38.0_20200910_L1A1120034675-2_0_15360.png,unusually_high_contrast,suspicious_but_valid,brightness_std=47.5823
GF6_WFV_E131.8_N38.0_20200910_L1A1120034675-2_0_17285.png,unusually_high_contrast,suspicious_but_valid,brightness_std=42.0124
GF6_WFV_E131.8_N38.0_20200910_L1A1120034675-2_0_4096.png,unusually_high_contrast,suspicious_but_valid,brightness_std=43.1628
GF6_WFV_E131.8_N38.0_20200910_L1A1120034675-2_1024_17285.png,unusually_high_contrast,suspicious_but_valid,brightness_std=28.7968
GF6_WFV_E131.8_N38.0_20200910_L1A1120034675-2_13312_4608.png,unusually_high_contrast,suspicious_but_valid,brightness_std=34.4903
GF6_WFV_E131.8_N38.0_20200910_L1A1120034675-2_14336_15872.png,unusually_high_contrast,suspicious_but_valid,brightness_std=63.7259
GF6_WFV_E131.8_N38.0_20200910_L1A1120034675-2_14848_15872.png,unusually_high_contrast,suspicious_but_valid,brightness_std=52.7379
GF6_WFV_E131.8_N38.0_20200910_L1A1120034675-2_15360_15872.png,unusually_high_contrast,suspicious_but_valid,brightness_std=33.0622
GF6_WFV_E131.8_N38.0_20200910_L1A1120034675-2_22416_9728.png,unusually_high_contrast,suspicious_but_valid,brightness_std=35.4627
GF6_WFV_E131.8_N38.0_20200910_L1A1120034675-2_5632_16773.png,unusually_high_contrast,suspicious_but_valid,brightness_std=35.8206
GF6_WFV_E131.8_N38.0_20200910_L1A1120034675-2_5632_16896.png,unusually_high_contrast,suspicious_but_valid,brightness_std=44.6261
GF6_WFV_E131.8_N38.0_20200910_L1A1120034675-2_9728_7168.png,unusually_high_contrast,suspicious_but_valid,brightness_std=33.0536
GF6_WFV_E131.9_N26.9_20190523_L1A1119882283-1_1024_16777.png,unusually_high_contrast,suspicious_but_valid,brightness_std=40.3795
GF6_WFV_E131.9_N26.9_20190523_L1A1119882283-1_1536_13824.png,unusually_high_contrast,suspicious_but_valid,brightness_std=30.1343
GF6_WFV_E132.0_N24.7_20200530_L1A1120002373-2_8192_16384.png,unusually_high_contrast,suspicious_but_valid,brightness_std=59.2119
GF6_WFV_E132.0_N26.9_20190302_L1A1119852268-1_1024_14848.png,unusually_high_contrast,suspicious_but_valid,brightness_std=29.8151
GF6_WFV_E132.0_N26.9_20190302_L1A1119852268-1_1536_13824.png,unusually_high_contrast,suspicious_but_valid,brightness_std=34.1787
GF6_WFV_E132.0_N26.9_20190302_L1A1119852268-1_2560_12800.png,unusually_high_contrast,suspicious_but_valid,brightness_std=68.9372
GF6_WFV_E132.0_N26.9_20190302_L1A1119852268-1_6144_17289.png,unusually_high_contrast,suspicious_but_valid,brightness_std=29.9663
GF6_WFV_E132.0_N26.9_20190302_L1A1119852268-1_6656_17289.png,unusually_high_contrast,suspicious_but_valid,brightness_std=44.2884
GF6_WFV_E132.0_N26.9_20190302_L1A1119852268-2_12288_2560.png,unusually_high_contrast,suspicious_but_valid,brightness_std=30.119
GF6_WFV_E132.0_N26.9_20190703_L1A1119896315-2_2048_1024.png,unusually_high_contrast,suspicious_but_valid,brightness_std=42.6009
GF6_WFV_E132.0_N26.9_20190703_L1A1119896315-2_20992_0.png,unusually_high_contrast,suspicious_but_valid,brightness_std=33.8348
GF6_WFV_E132.0_N26.9_20190703_L1A1119896315-2_5120_17977.png,unusually_high_contrast,suspicious_but_valid,brightness_std=29.1541
GF6_WFV_E132.0_N26.9_20190703_L1A1119896315-3_12305_17920.png,unusually_high_contrast,suspicious_but_valid,brightness_std=31.134
GF6_WFV_E132.0_N26.9_20190703_L1A1119896315-3_12305_4096.png,unusually_high_contrast,suspicious_but_valid,brightness_std=32.4749
GF6_WFV_E132.4_N35.8_20200914_L1A1120035552-1_13440_15360.png,unusually_high_contrast,suspicious_but_valid,brightness_std=62.0493
GF6_WFV_E132.4_N35.8_20200914_L1A1120035552-1_6144_16773.png,unusually_high_contrast,suspicious_but_valid,brightness_std=69.4926
GF6_WFV_E132.4_N35.8_20200914_L1A1120035552-1_6656_17285.png,unusually_high_contrast,suspicious_but_valid,brightness_std=39.4999
GF6_WFV_E132.4_N35.8_20200914_L1A1120035552-1_7168_16773.png,unusually_high_contrast,suspicious_but_valid,brightness_std=51.6103
GF6_WFV_E132.4_N35.8_20200914_L1A1120035552-1_7680_16773.png,unusually_high_contrast,suspicious_but_valid,brightness_std=44.8197
GF6_WFV_E132.4_N35.8_20200914_L1A1120035552-1_8192_10752.png,unusually_high_contrast,suspicious_but_valid,brightness_std=35.5646
GF6_WFV_E132.4_N35.8_20200914_L1A1120035552-1_8192_11264.png,unusually_high_contrast,suspicious_but_valid,brightness_std=63.3464
GF6_WFV_E132.4_N35.8_20200914_L1A1120035552-1_8192_11776.png,unusually_high_contrast,suspicious_but_valid,brightness_std=67.5984
GF6_WFV_E132.4_N35.8_20200914_L1A1120035552-1_8192_13824.png,unusually_high_contrast,suspicious_but_valid,brightness_std=52.7857
GF6_WFV_E132.4_N35.8_20200914_L1A1120035552-1_8192_15872.png,unusually_high_contrast,suspicious_but_valid,brightness_std=49.4422
GF6_WFV_E132.4_N35.8_20200914_L1A1120035552-1_8192_16384.png,unusually_high_contrast,suspicious_but_valid,brightness_std=31.4066
GF6_WFV_E132.4_N35.8_20200914_L1A1120035552-1_8704_13312.png,unusually_high_contrast,suspicious_but_valid,brightness_std=45.1948
GF6_WFV_E132.4_N35.8_20200914_L1A1120035552-1_8704_13824.png,unusually_high_contrast,suspicious_but_valid,brightness_std=62.8077
GF6_WFV_E132.4_N35.8_20200914_L1A1120035552-1_9216_10240.png,unusually_high_contrast,suspicious_but_valid,brightness_std=45.2606
GF6_WFV_E132.4_N35.8_20200914_L1A1120035552-1_9216_10752.png,unusually_high_contrast,suspicious_but_valid,brightness_std=35.8789
GF6_WFV_E132.4_N35.8_20200914_L1A1120035552-1_9216_11776.png,unusually_high_contrast,suspicious_but_valid,brightness_std=36.851
GF6_WFV_E132.4_N35.8_20200914_L1A1120035552-1_9216_12288.png,unusually_high_contrast,suspicious_but_valid,brightness_std=33.6546
GF6_WFV_E132.4_N35.8_20200914_L1A1120035552-1_9216_13312.png,unusually_high_contrast,suspicious_but_valid,brightness_std=43.3763
GF6_WFV_E132.4_N35.8_20200914_L1A1120035552-2_0_10752.png,unusually_high_contrast,suspicious_but_valid,brightness_std=30.8378
GF6_WFV_E132.4_N35.8_20200914_L1A1120035552-2_10240_11264.png,unusually_high_contrast,suspicious_but_valid,brightness_std=51.9348
GF6_WFV_E132.4_N35.8_20200914_L1A1120035552-2_10240_11776.png,unusually_high_contrast,suspicious_but_valid,brightness_std=65.6222
GF6_WFV_E132.4_N35.8_20200914_L1A1120035552-2_1024_10752.png,unusually_high_contrast,suspicious_but_valid,brightness_std=29.6151
GF6_WFV_E132.4_N35.8_20200914_L1A1120035552-2_12800_5120.png,unusually_high_contrast,suspicious_but_valid,brightness_std=72.6079
GF6_WFV_E132.4_N35.8_20200914_L1A1120035552-2_12800_5632.png,unusually_high_contrast,suspicious_but_valid,brightness_std=80.9767
GF6_WFV_E132.4_N35.8_20200914_L1A1120035552-2_13312_5120.png,unusually_high_contrast,suspicious_but_valid,brightness_std=32.6715
GF6_WFV_E132.4_N35.8_20200914_L1A1120035552-2_13312_5632.png,unusually_high_contrast,suspicious_but_valid,brightness_std=44.427
GF6_WFV_E132.4_N35.8_20200914_L1A1120035552-2_17920_8192.png,unusually_high_contrast,suspicious_but_valid,brightness_std=39.6905
GF6_WFV_E132.4_N35.8_20200914_L1A1120035552-2_17920_8704.png,unusually_high_contrast,suspicious_but_valid,brightness_std=35.7772
GF6_WFV_E132.4_N35.8_20200914_L1A1120035552-2_2560_11776.png,unusually_high_contrast,suspicious_but_valid,brightness_std=32.7866
GF6_WFV_E132.4_N35.8_20200914_L1A1120035552-2_512_13824.png,unusually_high_contrast,suspicious_but_valid,brightness_std=53.9368
GF6_WFV_E132.4_N35.8_20200914_L1A1120035552-3_10769_7680.png,unusually_high_contrast,suspicious_but_valid,brightness_std=50.8077
GF6_WFV_E132.4_N35.8_20200914_L1A1120035552-3_11264_16773.png,unusually_high_contrast,suspicious_but_valid,brightness_std=35.4479
GF6_WFV_E132.4_N35.8_20200914_L1A1120035552-3_11264_7680.png,unusually_high_contrast,suspicious_but_valid,brightness_std=33.3018
GF6_WFV_E132.4_N35.8_20200914_L1A1120035552-3_11281_7680.png,unusually_high_contrast,suspicious_but_valid,brightness_std=31.33
GF6_WFV_E132.4_N35.8_20200914_L1A1120035552-3_8704_17285.png,unusually_high_contrast,suspicious_but_valid,brightness_std=52.1036
GF6_WFV_E132.4_N35.8_20200914_L1A1120035552-3_9216_16896.png,unusually_high_contrast,suspicious_but_valid,brightness_std=70.5295
GF6_WFV_E132.5_N26.9_20200530_L1A1120002375-3_8192_14336.png,unusually_high_contrast,suspicious_but_valid,brightness_std=74.2697
GF6_WFV_E132.5_N26.9_20200530_L1A1120002375-3_8704_14336.png,unusually_high_contrast,suspicious_but_valid,brightness_std=37.6763
GF6_WFV_E133.1_N26.9_20200603_L1A1120004043-1_2560_8704.png,unusually_high_contrast,suspicious_but_valid,brightness_std=31.8536
GF6_WFV_E133.1_N26.9_20200603_L1A1120004043-1_4608_512.png,unusually_high_contrast,suspicious_but_valid,brightness_std=55.7524
GF6_WFV_E133.6_N33.6_20200305_L1A1119973496-1_10240_8192.png,unusually_high_contrast,suspicious_but_valid,brightness_std=71.2021
GF6_WFV_E133.6_N33.6_20200305_L1A1119973496-1_10752_8704.png,unusually_high_contrast,suspicious_but_valid,brightness_std=60.5804
GF6_WFV_E133.6_N33.6_20200305_L1A1119973496-1_11264_8704.png,unusually_high_contrast,suspicious_but_valid,brightness_std=85.9355
GF6_WFV_E133.6_N33.6_20200305_L1A1119973496-1_11264_9216.png,unusually_high_contrast,suspicious_but_valid,brightness_std=78.3308
GF6_WFV_E133.6_N33.6_20200305_L1A1119973496-1_11776_8192.png,unusually_high_contrast,suspicious_but_valid,brightness_std=62.0811
GF6_WFV_E133.6_N33.6_20200305_L1A1119973496-1_11776_8704.png,unusually_high_contrast,suspicious_but_valid,brightness_std=76.5871
GF6_WFV_E133.6_N33.6_20200305_L1A1119973496-1_11904_9728.png,unusually_high_contrast,suspicious_but_valid,brightness_std=54.5491
GF6_WFV_E133.6_N33.6_20200305_L1A1119973496-1_12416_9216.png,unusually_high_contrast,suspicious_but_valid,brightness_std=63.7475
GF6_WFV_E133.6_N33.6_20200305_L1A1119973496-1_12928_9216.png,unusually_high_contrast,suspicious_but_valid,brightness_std=64.672
GF6_WFV_E133.6_N33.6_20200305_L1A1119973496-1_2048_15872.png,unusually_high_contrast,suspicious_but_valid,brightness_std=58.8874
GF6_WFV_E133.6_N33.6_20200305_L1A1119973496-1_2560_0.png,unusually_high_contrast,suspicious_but_valid,brightness_std=29.6156
GF6_WFV_E133.6_N33.6_20200305_L1A1119973496-1_2560_15872.png,unusually_high_contrast,suspicious_but_valid,brightness_std=54.4905
GF6_WFV_E133.6_N33.6_20200305_L1A1119973496-1_3072_10240.png,unusually_high_contrast,suspicious_but_valid,brightness_std=41.4975
GF6_WFV_E133.6_N33.6_20200305_L1A1119973496-1_3072_15360.png,unusually_high_contrast,suspicious_but_valid,brightness_std=54.8069
GF6_WFV_E133.6_N33.6_20200305_L1A1119973496-1_3072_15872.png,unusually_high_contrast,suspicious_but_valid,brightness_std=65.6877
GF6_WFV_E133.6_N33.6_20200305_L1A1119973496-1_3072_3584.png,unusually_high_contrast,suspicious_but_valid,brightness_std=33.4447
GF6_WFV_E133.6_N33.6_20200305_L1A1119973496-1_3584_0.png,unusually_high_contrast,suspicious_but_valid,brightness_std=38.9438
GF6_WFV_E133.6_N33.6_20200305_L1A1119973496-1_3584_15360.png,unusually_high_contrast,suspicious_but_valid,brightness_std=46.9133
GF6_WFV_E133.6_N33.6_20200305_L1A1119973496-1_3584_15872.png,unusually_high_contrast,suspicious_but_valid,brightness_std=69.0001
GF6_WFV_E133.6_N33.6_20200305_L1A1119973496-1_3584_6144.png,unusually_high_contrast,suspicious_but_valid,brightness_std=34.284
GF6_WFV_E133.6_N33.6_20200305_L1A1119973496-1_4096_11264.png,unusually_high_contrast,suspicious_but_valid,brightness_std=33.5673
GF6_WFV_E133.6_N33.6_20200305_L1A1119973496-1_4096_13312.png,unusually_high_contrast,suspicious_but_valid,brightness_std=67.0049
GF6_WFV_E133.6_N33.6_20200305_L1A1119973496-1_4608_8192.png,unusually_high_contrast,suspicious_but_valid,brightness_std=43.3631
GF6_WFV_E133.6_N33.6_20200305_L1A1119973496-1_5120_11776.png,unusually_high_contrast,suspicious_but_valid,brightness_std=78.881
GF6_WFV_E133.6_N33.6_20200305_L1A1119973496-1_5120_13824.png,unusually_high_contrast,suspicious_but_valid,brightness_std=70.7251
GF6_WFV_E133.6_N33.6_20200305_L1A1119973496-1_5120_8192.png,unusually_high_contrast,suspicious_but_valid,brightness_std=64.8858
GF6_WFV_E133.6_N33.6_20200305_L1A1119973496-1_5120_8704.png,unusually_high_contrast,suspicious_but_valid,brightness_std=36.1652
GF6_WFV_E133.6_N33.6_20200305_L1A1119973496-1_5632_11264.png,unusually_high_contrast,suspicious_but_valid,brightness_std=75.8668
GF6_WFV_E133.6_N33.6_20200305_L1A1119973496-1_5632_11776.png,unusually_high_contrast,suspicious_but_valid,brightness_std=67.2114
GF6_WFV_E133.6_N33.6_20200305_L1A1119973496-1_5632_13824.png,unusually_high_contrast,suspicious_but_valid,brightness_std=74.5059
GF6_WFV_E133.6_N33.6_20200305_L1A1119973496-1_6144_14336.png,unusually_high_contrast,suspicious_but_valid,brightness_std=31.4035
GF6_WFV_E133.6_N33.6_20200305_L1A1119973496-1_6144_15360.png,unusually_high_contrast,suspicious_but_valid,brightness_std=54.7068
GF6_WFV_E133.6_N33.6_20200305_L1A1119973496-1_6144_15872.png,unusually_high_contrast,suspicious_but_valid,brightness_std=66.8416
GF6_WFV_E133.6_N33.6_20200305_L1A1119973496-1_6656_11264.png,unusually_high_contrast,suspicious_but_valid,brightness_std=63.1128
GF6_WFV_E133.6_N33.6_20200305_L1A1119973496-1_6656_11776.png,unusually_high_contrast,suspicious_but_valid,brightness_std=78.7001
GF6_WFV_E133.6_N33.6_20200305_L1A1119973496-1_6656_14848.png,unusually_high_contrast,suspicious_but_valid,brightness_std=48.2232
GF6_WFV_E133.6_N33.6_20200305_L1A1119973496-1_7168_14336.png,unusually_high_contrast,suspicious_but_valid,brightness_std=44.2523
GF6_WFV_E133.6_N33.6_20200305_L1A1119973496-1_7168_15872.png,unusually_high_contrast,suspicious_but_valid,brightness_std=28.5465
GF6_WFV_E133.6_N33.6_20200305_L1A1119973496-1_7168_16384.png,unusually_high_contrast,suspicious_but_valid,brightness_std=36.0148
GF6_WFV_E133.6_N33.6_20200305_L1A1119973496-1_7168_8192.png,unusually_high_contrast,suspicious_but_valid,brightness_std=77.5814
GF6_WFV_E133.6_N33.6_20200305_L1A1119973496-1_7680_14336.png,unusually_high_contrast,suspicious_but_valid,brightness_std=68.6982
GF6_WFV_E133.6_N33.6_20200305_L1A1119973496-1_7680_14848.png,unusually_high_contrast,suspicious_but_valid,brightness_std=60.069
GF6_WFV_E133.6_N33.6_20200305_L1A1119973496-1_7680_8192.png,unusually_high_contrast,suspicious_but_valid,brightness_std=61.8874
GF6_WFV_E133.6_N33.6_20200305_L1A1119973496-1_7680_8704.png,unusually_high_contrast,suspicious_but_valid,brightness_std=54.8682
GF6_WFV_E133.6_N33.6_20200305_L1A1119973496-1_8704_16384.png,unusually_high_contrast,suspicious_but_valid,brightness_std=69.4583
GF6_WFV_E133.6_N33.6_20200305_L1A1119973496-1_8704_16773.png,unusually_high_contrast,suspicious_but_valid,brightness_std=60.0274
GF6_WFV_E133.6_N33.6_20200305_L1A1119973496-1_8704_16896.png,unusually_high_contrast,suspicious_but_valid,brightness_std=52.6168
GF6_WFV_E133.6_N33.6_20200305_L1A1119973496-1_9216_16896.png,unusually_high_contrast,suspicious_but_valid,brightness_std=43.2667
GF6_WFV_E133.6_N33.6_20200305_L1A1119973496-1_9728_16896.png,unusually_high_contrast,suspicious_but_valid,brightness_std=53.4771
GF6_WFV_E133.6_N33.6_20200305_L1A1119973496-2_0_10752.png,unusually_high_contrast,suspicious_but_valid,brightness_std=77.3437
GF6_WFV_E133.6_N33.6_20200305_L1A1119973496-2_0_11264.png,unusually_high_contrast,suspicious_but_valid,brightness_std=65.6739
GF6_WFV_E133.6_N33.6_20200305_L1A1119973496-2_10240_3584.png,unusually_high_contrast,suspicious_but_valid,brightness_std=73.0575
GF6_WFV_E133.6_N33.6_20200305_L1A1119973496-2_1024_11264.png,unusually_high_contrast,suspicious_but_valid,brightness_std=32.3186
GF6_WFV_E133.6_N33.6_20200305_L1A1119973496-2_1024_11776.png,unusually_high_contrast,suspicious_but_valid,brightness_std=82.1958
GF6_WFV_E133.6_N33.6_20200305_L1A1119973496-2_10752_3072.png,unusually_high_contrast,suspicious_but_valid,brightness_std=73.0187
GF6_WFV_E133.6_N33.6_20200305_L1A1119973496-2_11776_3584.png,unusually_high_contrast,suspicious_but_valid,brightness_std=61.1356
GF6_WFV_E133.6_N33.6_20200305_L1A1119973496-2_12288_512.png,unusually_high_contrast,suspicious_but_valid,brightness_std=55.0213
GF6_WFV_E133.6_N33.6_20200305_L1A1119973496-2_2048_12288.png,unusually_high_contrast,suspicious_but_valid,brightness_std=50.809
GF6_WFV_E133.6_N33.6_20200305_L1A1119973496-2_2048_12800.png,unusually_high_contrast,suspicious_but_valid,brightness_std=82.4487
GF6_WFV_E133.6_N33.6_20200305_L1A1119973496-2_2048_13312.png,unusually_high_contrast,suspicious_but_valid,brightness_std=77.6192
GF6_WFV_E133.6_N33.6_20200305_L1A1119973496-2_2048_13824.png,unusually_high_contrast,suspicious_but_valid,brightness_std=68.0647
GF6_WFV_E133.6_N33.6_20200305_L1A1119973496-2_21904_8192.png,unusually_high_contrast,suspicious_but_valid,brightness_std=71.524
GF6_WFV_E133.6_N33.6_20200305_L1A1119973496-2_22416_8192.png,unusually_high_contrast,suspicious_but_valid,brightness_std=66.8954
GF6_WFV_E133.6_N33.6_20200305_L1A1119973496-2_22416_8704.png,unusually_high_contrast,suspicious_but_valid,brightness_std=68.3151
GF6_WFV_E133.6_N33.6_20200305_L1A1119973496-2_22928_8192.png,unusually_high_contrast,suspicious_but_valid,brightness_std=38.2388
GF6_WFV_E133.6_N33.6_20200305_L1A1119973496-2_23440_8192.png,unusually_high_contrast,suspicious_but_valid,brightness_std=34.1882
GF6_WFV_E133.6_N33.6_20200305_L1A1119973496-2_2560_12288.png,unusually_high_contrast,suspicious_but_valid,brightness_std=43.4243
GF6_WFV_E133.6_N33.6_20200305_L1A1119973496-2_2560_12800.png,unusually_high_contrast,suspicious_but_valid,brightness_std=86.3476
GF6_WFV_E133.6_N33.6_20200305_L1A1119973496-2_2560_13312.png,unusually_high_contrast,suspicious_but_valid,brightness_std=83.3776
GF6_WFV_E133.6_N33.6_20200305_L1A1119973496-2_3072_12288.png,unusually_high_contrast,suspicious_but_valid,brightness_std=69.7317
GF6_WFV_E133.6_N33.6_20200305_L1A1119973496-2_3072_13312.png,unusually_high_contrast,suspicious_but_valid,brightness_std=80.3827
GF6_WFV_E133.6_N33.6_20200305_L1A1119973496-2_3072_9216.png,unusually_high_contrast,suspicious_but_valid,brightness_std=28.657
GF6_WFV_E133.6_N33.6_20200305_L1A1119973496-2_3584_12288.png,unusually_high_contrast,suspicious_but_valid,brightness_std=64.6154
GF6_WFV_E133.6_N33.6_20200305_L1A1119973496-2_3584_13824.png,unusually_high_contrast,suspicious_but_valid,brightness_std=85.4863
GF6_WFV_E133.6_N33.6_20200305_L1A1119973496-2_3584_9728.png,unusually_high_contrast,suspicious_but_valid,brightness_std=37.4608
GF6_WFV_E133.6_N33.6_20200305_L1A1119973496-2_4608_7168.png,unusually_high_contrast,suspicious_but_valid,brightness_std=78.9504
GF6_WFV_E133.6_N33.6_20200305_L1A1119973496-2_6656_5120.png,unusually_high_contrast,suspicious_but_valid,brightness_std=68.4281
GF6_WFV_E133.6_N33.6_20200305_L1A1119973496-2_7168_5120.png,unusually_high_contrast,suspicious_but_valid,brightness_std=32.3553
GF6_WFV_E133.6_N33.6_20200305_L1A1119973496-2_8192_15360.png,unusually_high_contrast,suspicious_but_valid,brightness_std=62.8754
GF6_WFV_E133.6_N33.6_20200305_L1A1119973496-2_8192_15872.png,unusually_high_contrast,suspicious_but_valid,brightness_std=52.0136
GF6_WFV_E133.6_N33.6_20200305_L1A1119973496-2_8704_4096.png,unusually_high_contrast,suspicious_but_valid,brightness_std=80.1028
GF6_WFV_E133.6_N33.6_20200305_L1A1119973496-2_9216_4096.png,unusually_high_contrast,suspicious_but_valid,brightness_std=55.3286
GF6_WFV_E135.1_N24.7_20200107_L1A1119957266-1_3072_16384.png,unusually_high_contrast,suspicious_but_valid,brightness_std=57.7907
GF6_WFV_E135.1_N24.7_20200107_L1A1119957266-1_3584_16896.png,unusually_high_contrast,suspicious_but_valid,brightness_std=69.8259
GF6_WFV_E135.6_N26.9_20200107_L1A1119957261-1_11904_12288.png,unusually_high_contrast,suspicious_but_valid,brightness_std=53.5922
GF6_WFV_E135.6_N26.9_20200107_L1A1119957261-1_12416_12288.png,unusually_high_contrast,suspicious_but_valid,brightness_std=52.0518
GF6_WFV_E135.6_N26.9_20200107_L1A1119957261-1_12928_12288.png,unusually_high_contrast,suspicious_but_valid,brightness_std=31.7002
GF6_WFV_E135.6_N26.9_20200107_L1A1119957261-1_13440_12800.png,unusually_high_contrast,suspicious_but_valid,brightness_std=57.4145
GF6_WFV_E135.6_N26.9_20200107_L1A1119957261-1_6144_3584.png,unusually_high_contrast,suspicious_but_valid,brightness_std=38.8442
GF6_WFV_E135.6_N26.9_20200107_L1A1119957261-1_6656_3072.png,unusually_high_contrast,suspicious_but_valid,brightness_std=47.9994
GF6_WFV_E135.6_N26.9_20200107_L1A1119957261-1_6656_3584.png,unusually_high_contrast,suspicious_but_valid,brightness_std=46.9189
GF6_WFV_E135.6_N26.9_20200107_L1A1119957261-2_4096_9216.png,unusually_high_contrast,suspicious_but_valid,brightness_std=45.8892
GF6_WFV_E135.6_N26.9_20200107_L1A1119957261-2_4096_9728.png,unusually_high_contrast,suspicious_but_valid,brightness_std=43.6637
GF6_WFV_E135.6_N26.9_20200107_L1A1119957261-2_4608_10752.png,unusually_high_contrast,suspicious_but_valid,brightness_std=43.6392
GF6_WFV_E135.6_N26.9_20200107_L1A1119957261-2_4608_9216.png,unusually_high_contrast,suspicious_but_valid,brightness_std=46.6461
GF6_WFV_E135.6_N26.9_20200107_L1A1119957261-2_5632_10240.png,unusually_high_contrast,suspicious_but_valid,brightness_std=49.5601
GF6_WFV_E135.6_N26.9_20200107_L1A1119957261-2_5632_10752.png,unusually_high_contrast,suspicious_but_valid,brightness_std=45.1058
GF6_WFV_E135.6_N26.9_20200107_L1A1119957261-2_5632_9216.png,unusually_high_contrast,suspicious_but_valid,brightness_std=59.9421
GF6_WFV_E136.6_N24.7_20200521_L1A1119999504-3_11793_0.png,unusually_high_contrast,suspicious_but_valid,brightness_std=42.2136
GF6_WFV_E136.6_N29.1_20200913_L1A1120035632-2_18944_7680.png,unusually_high_contrast,suspicious_but_valid,brightness_std=46.9321
GF6_WFV_E137.2_N31.4_20200913_L1A1120035633-1_0_2048.png,unusually_high_contrast,suspicious_but_valid,brightness_std=36.3679
GF6_WFV_E137.2_N31.4_20200913_L1A1120035633-1_5632_8704.png,unusually_high_contrast,suspicious_but_valid,brightness_std=31.138
GF6_WFV_E137.2_N31.4_20200913_L1A1120035633-1_6144_1536.png,unusually_high_contrast,suspicious_but_valid,brightness_std=49.1376
GF6_WFV_E137.2_N31.4_20200913_L1A1120035633-2_0_5632.png,unusually_high_contrast,suspicious_but_valid,brightness_std=52.9929
GF6_WFV_E137.2_N31.4_20200913_L1A1120035633-2_1024_5632.png,unusually_high_contrast,suspicious_but_valid,brightness_std=74.3351
GF6_WFV_E137.2_N31.4_20200913_L1A1120035633-2_1536_5120.png,unusually_high_contrast,suspicious_but_valid,brightness_std=50.6122
GF6_WFV_E137.2_N31.4_20200913_L1A1120035633-2_512_5120.png,unusually_high_contrast,suspicious_but_valid,brightness_std=66.7238
GF6_WFV_E137.7_N29.1_20200521_L1A1119999499-2_4096_1024.png,unusually_high_contrast,suspicious_but_valid,brightness_std=29.189
GF6_WFV_E138.3_N31.4_20200521_L1A1119999493-1_11776_8704.png,unusually_high_contrast,suspicious_but_valid,brightness_std=32.6128
GF6_WFV_E138.3_N31.4_20200521_L1A1119999493-2_18432_1536.png,unusually_high_contrast,suspicious_but_valid,brightness_std=47.7554
GF6_WFV_E138.3_N31.4_20200521_L1A1119999493-2_19456_1536.png,unusually_high_contrast,suspicious_but_valid,brightness_std=29.9252
GF1_WFV1_E120.0_N36.3_20200423_L2A0004760887_10240_12800.png,unusually_many_objects,suspicious_but_valid,object_count=11
GF1_WFV1_E120.0_N36.3_20200423_L2A0004760887_10240_9216.png,unusually_many_objects,suspicious_but_valid,object_count=9
GF1_WFV1_E120.0_N36.3_20200423_L2A0004760887_10752_12800.png,unusually_many_objects,suspicious_but_valid,object_count=15
GF1_WFV1_E120.0_N36.3_20200423_L2A0004760887_11264_9728.png,unusually_many_objects,suspicious_but_valid,object_count=8
GF1_WFV2_E118.9_N24.3_20200710_L2A0004922278_11264_10240.png,unusually_many_objects,suspicious_but_valid,object_count=8
GF1_WFV2_E123.6_N29.3_20190910_L2A0004239231_1536_4608.png,unusually_many_objects,suspicious_but_valid,object_count=10
GF1_WFV2_E123.6_N29.3_20190910_L2A0004239231_5120_13312.png,unusually_many_objects,suspicious_but_valid,object_count=7
GF1_WFV3_E112.3_N21.4_20190806_L2A0004164428_10752_9216.png,unusually_many_objects,suspicious_but_valid,object_count=11
GF1_WFV3_E112.3_N21.4_20190806_L2A0004164428_9216_10240.png,unusually_many_objects,suspicious_but_valid,object_count=10
GF1_WFV3_E119.6_N35.6_20200424_L2A0004760840_11776_4608.png,unusually_many_objects,suspicious_but_valid,object_count=8
GF1_WFV3_E119.6_N35.6_20200424_L2A0004760840_14699_5120.png,unusually_many_objects,suspicious_but_valid,object_count=7
GF1_WFV3_E119.6_N35.6_20200424_L2A0004760840_8192_12288.png,unusually_many_objects,suspicious_but_valid,object_count=10
GF1_WFV3_E119.6_N35.6_20200424_L2A0004760840_9728_11776.png,unusually_many_objects,suspicious_but_valid,object_count=8
GF1_WFV4_E124.5_N36.8_20190805_L2A0004161899_13312_13312.png,unusually_many_objects,suspicious_but_valid,object_count=10
GF6_WFV_E131.8_N38.0_20200910_L1A1120034675-1_12416_14336.png,unusually_many_objects,suspicious_but_valid,object_count=9
GF6_WFV_E131.8_N38.0_20200910_L1A1120034675-1_8704_9216.png,unusually_many_objects,suspicious_but_valid,object_count=7
GF6_WFV_E132.4_N35.8_20200914_L1A1120035552-1_10240_9216.png,unusually_many_objects,suspicious_but_valid,object_count=9
GF6_WFV_E132.4_N35.8_20200914_L1A1120035552-1_6144_17285.png,unusually_many_objects,suspicious_but_valid,object_count=8
GF6_WFV_E132.4_N35.8_20200914_L1A1120035552-1_6656_17285.png,unusually_many_objects,suspicious_but_valid,object_count=8
GF6_WFV_E132.4_N35.8_20200914_L1A1120035552-1_7168_17285.png,unusually_many_objects,suspicious_but_valid,object_count=7
GF6_WFV_E132.4_N35.8_20200914_L1A1120035552-1_7680_16773.png,unusually_many_objects,suspicious_but_valid,object_count=11
GF6_WFV_E132.4_N35.8_20200914_L1A1120035552-1_7680_17285.png,unusually_many_objects,suspicious_but_valid,object_count=10
GF6_WFV_E132.4_N35.8_20200914_L1A1120035552-1_8704_13312.png,unusually_many_objects,suspicious_but_valid,object_count=9
GF6_WFV_E132.4_N35.8_20200914_L1A1120035552-1_8704_15360.png,unusually_many_objects,suspicious_but_valid,object_count=7
GF6_WFV_E132.4_N35.8_20200914_L1A1120035552-1_9216_13312.png,unusually_many_objects,suspicious_but_valid,object_count=7
GF6_WFV_E132.4_N35.8_20200914_L1A1120035552-1_9216_13824.png,unusually_many_objects,suspicious_but_valid,object_count=43
GF6_WFV_E132.4_N35.8_20200914_L1A1120035552-1_9216_14336.png,unusually_many_objects,suspicious_but_valid,object_count=9
GF6_WFV_E132.4_N35.8_20200914_L1A1120035552-3_11281_7680.png,unusually_many_objects,suspicious_but_valid,object_count=16
GF6_WFV_E132.4_N35.8_20200914_L1A1120035552-3_11793_8192.png,unusually_many_objects,suspicious_but_valid,object_count=11
GF6_WFV_E132.4_N35.8_20200914_L1A1120035552-3_12305_7680.png,unusually_many_objects,suspicious_but_valid,object_count=7
GF6_WFV_E132.4_N35.8_20200914_L1A1120035552-3_12305_8704.png,unusually_many_objects,suspicious_but_valid,object_count=7
GF1_WFV1_E110.3_N19.6_20200703_L2A0004902371_7680_3584.png,very_bright,suspicious_but_valid,brightness_mean=234.107
GF1_WFV2_E112.0_N19.2_20200703_L2A0004902375_9216_4608.png,very_bright,suspicious_but_valid,brightness_mean=232.697
GF1_WFV2_E118.9_N24.3_20200710_L2A0004922278_12995_3072.png,very_bright,suspicious_but_valid,brightness_mean=200.126
GF1_WFV2_E118.9_N24.3_20200710_L2A0004922278_3584_6144.png,very_bright,suspicious_but_valid,brightness_mean=226.195
GF1_WFV2_E123.6_N29.3_20190910_L2A0004239231_9216_3072.png,very_bright,suspicious_but_valid,brightness_mean=208.351
GF1_WFV2_E123.6_N29.3_20190910_L2A0004239231_9728_3584.png,very_bright,suspicious_but_valid,brightness_mean=254.996
GF1_WFV3_E112.3_N21.4_20190806_L2A0004164428_9216_6144.png,very_bright,suspicious_but_valid,brightness_mean=214.29
GF1_WFV3_E112.5_N22.2_20190806_L2A0004164434_10240_10240.png,very_bright,suspicious_but_valid,brightness_mean=231.236
GF1_WFV3_E112.5_N22.2_20190806_L2A0004164434_8192_11776.png,very_bright,suspicious_but_valid,brightness_mean=210.671
GF1_WFV3_E112.5_N22.2_20190806_L2A0004164434_9216_11264.png,very_bright,suspicious_but_valid,brightness_mean=205.434
GF1_WFV3_E120.2_N22.2_20200710_L2A0004922264_4096_2048.png,very_bright,suspicious_but_valid,brightness_mean=254.418
GF1_WFV3_E120.2_N22.2_20200710_L2A0004922264_5120_512.png,very_bright,suspicious_but_valid,brightness_mean=232.048
GF1_WFV3_E122.4_N37.3_20190805_L2A0004161911_2560_3584.png,very_bright,suspicious_but_valid,brightness_mean=218.717
GF1_WFV3_E122.4_N37.3_20190805_L2A0004161911_5120_1536.png,very_bright,suspicious_but_valid,brightness_mean=225.686
GF1_WFV3_E128.3_N25.6_20200602_L2A0004840282_6656_3072.png,very_bright,suspicious_but_valid,brightness_mean=215.654
GF1_WFV4_E114.1_N21.0_20190806_L2A0004164437_11264_3584.png,very_bright,suspicious_but_valid,brightness_mean=207.005
GF1_WFV4_E114.1_N21.0_20190806_L2A0004164437_8192_3072.png,very_bright,suspicious_but_valid,brightness_mean=201.431
GF1_WFV4_E114.4_N21.8_20190806_L2A0004164425_5120_10752.png,very_bright,suspicious_but_valid,brightness_mean=202.696
GF1_WFV4_E114.4_N21.8_20190806_L2A0004164425_5632_10752.png,very_bright,suspicious_but_valid,brightness_mean=206.864
GF1_WFV4_E114.5_N11.7_20200703_L2A0004902460_12800_4096.png,very_bright,suspicious_but_valid,brightness_mean=233.771
GF1_WFV4_E114.5_N11.7_20200703_L2A0004902460_12800_4608.png,very_bright,suspicious_but_valid,brightness_mean=199.877
GF1_WFV4_E114.5_N11.7_20200703_L2A0004902460_13312_4096.png,very_bright,suspicious_but_valid,brightness_mean=238.103
GF1_WFV4_E114.5_N11.7_20200703_L2A0004902460_6144_6144.png,very_bright,suspicious_but_valid,brightness_mean=251.689
GF1_WFV4_E114.5_N11.7_20200703_L2A0004902460_6656_6144.png,very_bright,suspicious_but_valid,brightness_mean=209.77
GF1_WFV4_E124.1_N35.2_20191206_L1A0004447282_1024_12800.png,very_bright,suspicious_but_valid,brightness_mean=209
GF1_WFV4_E124.3_N33.5_20200926_L1A0005089385_11488_2048.png,very_bright,suspicious_but_valid,brightness_mean=248.089
GF1_WFV4_E124.5_N35.2_20200922_L1A0005079948_10976_10240.png,very_bright,suspicious_but_valid,brightness_mean=204.958
GF6_WFV_E131.2_N35.8_20200910_L1A1120034678-2_2560_6144.png,very_bright,suspicious_but_valid,brightness_mean=210.378
GF6_WFV_E131.2_N35.8_20200910_L1A1120034678-2_5632_7168.png,very_bright,suspicious_but_valid,brightness_mean=251.019
GF6_WFV_E131.8_N31.4_20200918_L1A1120036753-2_3072_4096.png,very_bright,suspicious_but_valid,brightness_mean=231.946
GF6_WFV_E132.5_N26.9_20200530_L1A1120002375-3_8704_14848.png,very_bright,suspicious_but_valid,brightness_mean=248.546
GF6_WFV_E133.6_N33.6_20200305_L1A1119973496-1_11904_9728.png,very_bright,suspicious_but_valid,brightness_mean=214.065
GF6_WFV_E133.6_N33.6_20200305_L1A1119973496-2_3584_12288.png,very_bright,suspicious_but_valid,brightness_mean=211.328
GF6_WFV_E137.2_N31.4_20200913_L1A1120035633-1_6144_1536.png,very_bright,suspicious_but_valid,brightness_mean=219.156
GF6_WFV_E137.2_N31.4_20200913_L1A1120035633-2_1024_5632.png,very_bright,suspicious_but_valid,brightness_mean=214.021
GF6_WFV_E137.2_N31.4_20200913_L1A1120035633-2_1536_5120.png,very_bright,suspicious_but_valid,brightness_mean=234.449
