filename,object_index,line_number,class_id,cx_norm,cy_norm,width_norm,height_norm,x,y,width,height,x2,y2,area,diagonal,aspect_ratio,edge_distance,touches_edge,valid_geometry,coco_size,scene_id,sensor,capture_date
GF1_WFV1_E110.0_N17.9_20200703_L2A0004902374_11264_7680.png,0,1,0,0.5712890625,0.94140625,0.064453125,0.0390625,276.0,472.0,33.0,20.0,309.0,492.0,660.0,38.58756276314948,1.65,20.0,False,True,small,GF1_WFV1_E110.0_N17.9_20200703_L2A0004902374,WFV1,2020-07-03
GF1_WFV1_E110.0_N17.9_20200703_L2A0004902374_11776_10240.png,0,1,0,0.5166015625,0.9541015625,0.048828125,0.037109375,252.0,479.0,25.0,19.0,277.0,498.0,475.0,31.400636936215164,1.3157894736842106,14.0,False,True,small,GF1_WFV1_E110.0_N17.9_20200703_L2A0004902374,WFV1,2020-07-03
GF1_WFV1_E110.0_N17.9_20200703_L2A0004902374_11776_4608.png,0,1,0,0.5244140625,0.3779296875,0.072265625,0.048828125,250.0,181.0,37.0,25.0,287.0,206.0,925.0,44.654227123532216,1.48,181.0,False,True,small,GF1_WFV1_E110.0_N17.9_20200703_L2A0004902374,WFV1,2020-07-03
GF1_WFV1_E110.0_N17.9_20200703_L2A0004902374_12288_10240.png,0,1,0,0.3046875,0.9521484375,0.0546875,0.029296875,142.0,480.0,28.0,15.0,170.0,495.0,420.0,31.76476034853718,1.8666666666666667,17.0,False,True,small,GF1_WFV1_E110.0_N17.9_20200703_L2A0004902374,WFV1,2020-07-03
GF1_WFV1_E110.0_N17.9_20200703_L2A0004902374_12872_9728.png,0,1,0,0.25390625,0.62890625,0.0390625,0.03515625,120.0,313.0,20.0,18.0,140.0,331.0,360.0,26.90724809414742,1.1111111111111112,120.0,False,True,small,GF1_WFV1_E110.0_N17.9_20200703_L2A0004902374,WFV1,2020-07-03
GF1_WFV1_E110.0_N17.9_20200703_L2A0004902374_1536_4608.png,0,1,0,0.6171875,0.044921875,0.04296875,0.0390625,305.0,13.0,22.0,20.0,327.0,33.0,440.0,29.732137494637012,1.1,13.0,False,True,small,GF1_WFV1_E110.0_N17.9_20200703_L2A0004902374,WFV1,2020-07-03
GF1_WFV1_E110.0_N17.9_20200703_L2A0004902374_3072_12288.png,0,1,0,0.091796875,0.1806640625,0.0546875,0.041015625,33.0,82.0,28.0,21.0,61.0,103.0,588.0,35.0,1.3333333333333333,33.0,False,True,small,GF1_WFV1_E110.0_N17.9_20200703_L2A0004902374,WFV1,2020-07-03
GF1_WFV1_E110.0_N17.9_20200703_L2A0004902374_5120_8192.png,0,1,0,0.6318359375,0.2216796875,0.033203125,0.041015625,315.0,103.0,17.0,21.0,332.0,124.0,357.0,27.018512172212592,1.2352941176470589,103.0,False,True,small,GF1_WFV1_E110.0_N17.9_20200703_L2A0004902374,WFV1,2020-07-03
GF1_WFV1_E110.0_N17.9_20200703_L2A0004902374_7168_7680.png,0,1,0,0.634765625,0.4755859375,0.046875,0.041015625,313.0,233.0,24.0,21.0,337.0,254.0,504.0,31.89043743820395,1.1428571428571428,175.0,False,True,small,GF1_WFV1_E110.0_N17.9_20200703_L2A0004902374,WFV1,2020-07-03
GF1_WFV1_E110.0_N17.9_20200703_L2A0004902374_7680_10752.png,0,1,0,0.04296875,0.5498046875,0.0390625,0.048828125,12.0,269.0,20.0,25.0,32.0,294.0,500.0,32.01562118716424,1.25,12.0,False,True,small,GF1_WFV1_E110.0_N17.9_20200703_L2A0004902374,WFV1,2020-07-03
GF1_WFV1_E110.0_N17.9_20200703_L2A0004902374_8192_4096.png,0,1,0,0.7138671875,0.048828125,0.041015625,0.03515625,355.0,16.0,21.0,18.0,376.0,34.0,378.0,27.65863337187866,1.1666666666666667,16.0,False,True,small,GF1_WFV1_E110.0_N17.9_20200703_L2A0004902374,WFV1,2020-07-03
GF1_WFV1_E110.0_N17.9_20200703_L2A0004902374_8192_8704.png,0,1,0,0.2781543274244004,0.793,0.010948905109489038,0.02200000000000002,139.6120959332638,400.384,5.605839416058387,11.26400000000001,145.21793534932218,411.648,63.14417518248173,12.581857238048526,2.0093333333333376,100.35199999999998,False,True,small,GF1_WFV1_E110.0_N17.9_20200703_L2A0004902374,WFV1,2020-07-03
GF1_WFV1_E110.0_N17.9_20200703_L2A0004902374_8192_8704.png,1,2,0,0.2359228362877998,0.8425,0.010948905109489065,0.017000000000000015,117.9895724713243,427.00800000000004,5.6058394160584015,8.704000000000008,123.5954118873827,435.71200000000005,48.79322627737237,10.353021373426897,1.552666666666666,76.28799999999995,False,True,small,GF1_WFV1_E110.0_N17.9_20200703_L2A0004902374,WFV1,2020-07-03
GF1_WFV1_E110.0_N17.9_20200703_L2A0004902374_8704_3584.png,0,1,0,0.7373046875,0.8759765625,0.060546875,0.041015625,362.0,438.0,31.0,21.0,393.0,459.0,651.0,37.44329045369811,1.4761904761904763,53.0,False,True,small,GF1_WFV1_E110.0_N17.9_20200703_L2A0004902374,WFV1,2020-07-03
GF1_WFV1_E110.0_N17.9_20200703_L2A0004902374_8704_7680.png,0,1,0,0.66015625,0.96484375,0.046875,0.06640625,326.0,477.0,24.0,34.0,350.0,511.0,816.0,41.617304093369626,1.4166666666666667,1.0,False,True,small,GF1_WFV1_E110.0_N17.9_20200703_L2A0004902374,WFV1,2020-07-03
GF1_WFV1_E110.0_N17.9_20200703_L2A0004902374_8704_7680.png,1,2,0,0.8212890625,0.5244140625,0.025390625,0.033203125,414.0,260.0,13.0,17.0,427.0,277.0,221.0,21.400934559032695,1.3076923076923077,85.0,False,True,small,GF1_WFV1_E110.0_N17.9_20200703_L2A0004902374,WFV1,2020-07-03
GF1_WFV1_E110.0_N17.9_20200703_L2A0004902374_9216_8192.png,0,1,0,0.13671875,0.2431640625,0.046875,0.037109375,58.0,115.0,24.0,19.0,82.0,134.0,456.0,30.610455730027933,1.263157894736842,58.0,False,True,small,GF1_WFV1_E110.0_N17.9_20200703_L2A0004902374,WFV1,2020-07-03
GF1_WFV1_E110.3_N19.6_20200703_L2A0004902371_12288_13824.png,0,1,0,0.091796875,0.0205078125,0.04296875,0.041015625,36.0,0.0,22.0,21.0,58.0,21.0,462.0,30.4138126514911,1.0476190476190477,0.0,True,True,small,GF1_WFV1_E110.3_N19.6_20200703_L2A0004902371,WFV1,2020-07-03
GF1_WFV1_E110.3_N19.6_20200703_L2A0004902371_12288_13824.png,1,2,0,0.1181640625,0.1904296875,0.033203125,0.041015625,52.0,87.0,17.0,21.0,69.0,108.0,357.0,27.018512172212592,1.2352941176470589,52.0,False,True,small,GF1_WFV1_E110.3_N19.6_20200703_L2A0004902371,WFV1,2020-07-03
GF1_WFV1_E110.3_N19.6_20200703_L2A0004902371_12288_2048.png,0,1,0,0.6220703125,0.0458984375,0.021484375,0.037109375,313.0,14.0,11.0,19.0,324.0,33.0,209.0,21.95449840010015,1.7272727272727273,14.0,False,True,small,GF1_WFV1_E110.3_N19.6_20200703_L2A0004902371,WFV1,2020-07-03
GF1_WFV1_E110.3_N19.6_20200703_L2A0004902371_12288_2048.png,1,2,0,0.65234375,0.12109375,0.0234375,0.03515625,328.0,53.0,12.0,18.0,340.0,71.0,216.0,21.633307652783937,1.5,53.0,False,True,small,GF1_WFV1_E110.3_N19.6_20200703_L2A0004902371,WFV1,2020-07-03
GF1_WFV1_E110.3_N19.6_20200703_L2A0004902371_12800_2560.png,0,1,0,0.3212890625,0.0478515625,0.037109375,0.025390625,155.0,18.0,19.0,13.0,174.0,31.0,247.0,23.021728866442675,1.4615384615384615,18.0,False,True,small,GF1_WFV1_E110.3_N19.6_20200703_L2A0004902371,WFV1,2020-07-03
GF1_WFV1_E110.3_N19.6_20200703_L2A0004902371_12848_2560.png,0,1,0,0.2265625,0.048828125,0.046875,0.0234375,104.0,19.0,24.0,12.0,128.0,31.0,288.0,26.832815729997478,2.0,19.0,False,True,small,GF1_WFV1_E110.3_N19.6_20200703_L2A0004902371,WFV1,2020-07-03
GF1_WFV1_E110.3_N19.6_20200703_L2A0004902371_13360_2560.png,0,1,0,0.77734375,0.1005859375,0.02734375,0.025390625,391.0,45.0,14.0,13.0,405.0,58.0,182.0,19.1049731745428,1.0769230769230769,45.0,False,True,small,GF1_WFV1_E110.3_N19.6_20200703_L2A0004902371,WFV1,2020-07-03
GF1_WFV1_E110.3_N19.6_20200703_L2A0004902371_13824_2048.png,0,1,0,0.3651877133105802,0.8165803108808289,0.015358361774744034,0.016580310880829008,183.0443686006826,413.8445595854922,7.863481228668945,8.489119170984452,190.90784982935153,422.3336787564767,66.75402924896991,11.571494343117687,1.0795624640184216,89.66632124352333,False,True,small,GF1_WFV1_E110.3_N19.6_20200703_L2A0004902371,WFV1,2020-07-03
GF1_WFV1_E110.3_N19.6_20200703_L2A0004902371_13824_2048.png,1,2,0,0.43856655290102387,0.7642487046632125,0.015358361774743978,0.013471502590673645,220.61433447098977,387.84663212435237,7.863481228668917,6.897409326424906,228.4778156996587,394.7440414507773,54.23764876478817,10.459856234666024,1.1400630086636816,117.25595854922273,False,True,small,GF1_WFV1_E110.3_N19.6_20200703_L2A0004902371,WFV1,2020-07-03
GF1_WFV1_E110.3_N19.6_20200703_L2A0004902371_13824_2048.png,2,3,0,0.5691126279863481,0.8041450777202073,0.015358361774744034,0.014507772020725396,287.4539249146758,408.0082901554404,7.863481228668945,7.427979274611403,295.3174061433447,415.4362694300518,58.40977559284873,10.817079695448555,1.0586299366162846,96.56373056994818,False,True,small,GF1_WFV1_E110.3_N19.6_20200703_L2A0004902371,WFV1,2020-07-03
GF1_WFV1_E110.3_N19.6_20200703_L2A0004902371_13824_2048.png,3,4,0,0.6433447098976108,0.7601036269430052,0.015358361774744034,0.013471502590673534,325.4607508532423,385.7243523316062,7.863481228668945,6.8974093264248495,333.32423208191125,392.62176165803106,54.23764876478792,10.459856234666008,1.1400630086636951,119.37823834196894,False,True,small,GF1_WFV1_E110.3_N19.6_20200703_L2A0004902371,WFV1,2020-07-03
GF1_WFV1_E110.3_N19.6_20200703_L2A0004902371_13824_2048.png,4,5,0,0.6736348122866894,0.6860103626943005,0.016211604095563104,0.014507772020725396,340.75085324232083,347.52331606217615,8.300341296928309,7.427979274611403,349.05119453924914,354.95129533678755,61.65476312578461,11.138695693372275,1.117442710872742,157.04870466321245,False,True,small,GF1_WFV1_E110.3_N19.6_20200703_L2A0004902371,WFV1,2020-07-03
GF1_WFV1_E110.3_N19.6_20200703_L2A0004902371_13824_2048.png,5,6,0,0.7401877133105802,0.6367875647668394,0.019624573378839605,0.01968911917098448,373.9522184300341,320.99481865284974,10.047781569965878,10.080829015544055,384.0,331.0756476683938,101.28996799236081,14.2330962238854,1.0032890290605998,128.0,False,True,small,GF1_WFV1_E110.3_N19.6_20200703_L2A0004902371,WFV1,2020-07-03
GF1_WFV1_E110.3_N19.6_20200703_L2A0004902371_13872_2048.png,0,1,0,0.470703125,0.806640625,0.02734375,0.0234375,234.0,407.0,14.0,12.0,248.0,419.0,168.0,18.439088914585774,1.1666666666666667,93.0,False,True,small,GF1_WFV1_E110.3_N19.6_20200703_L2A0004902371,WFV1,2020-07-03
GF1_WFV1_E110.3_N19.6_20200703_L2A0004902371_13872_2048.png,1,2,0,0.5771484375,0.6845703125,0.033203125,0.025390625,287.0,344.0,17.0,13.0,304.0,357.0,221.0,21.400934559032695,1.3076923076923077,155.0,False,True,small,GF1_WFV1_E110.3_N19.6_20200703_L2A0004902371,WFV1,2020-07-03
GF1_WFV1_E110.3_N19.6_20200703_L2A0004902371_13872_2048.png,2,3,0,0.341796875,0.7666015625,0.0234375,0.021484375,169.0,387.0,12.0,11.0,181.0,398.0,132.0,16.278820596099706,1.0909090909090908,114.0,False,True,small,GF1_WFV1_E110.3_N19.6_20200703_L2A0004902371,WFV1,2020-07-03
GF1_WFV1_E110.3_N19.6_20200703_L2A0004902371_13872_2048.png,3,4,0,0.5478515625,0.7607421875,0.033203125,0.025390625,272.0,383.0,17.0,13.0,289.0,396.0,221.0,21.400934559032695,1.3076923076923077,116.0,False,True,small,GF1_WFV1_E110.3_N19.6_20200703_L2A0004902371,WFV1,2020-07-03
GF1_WFV1_E110.3_N19.6_20200703_L2A0004902371_13872_2048.png,4,5,0,0.2726109215017065,0.816580310880829,0.01621160409556316,0.01865284974093262,135.42662116040958,413.3139896373057,8.300341296928337,9.550259067357501,143.72696245733792,422.8642487046632,79.27040973315178,12.653185918935126,1.1505863103354212,89.13575129533677,False,True,small,GF1_WFV1_E110.3_N19.6_20200703_L2A0004902371,WFV1,2020-07-03
GF1_WFV1_E110.3_N19.6_20200703_L2A0004902371_13872_2048.png,5,6,0,0.6476109215017065,0.6357512953367876,0.017064846416382284,0.015544041450777146,327.20819112627987,321.5253886010363,8.73720136518773,7.958549222797899,335.9453924914676,329.4839378238342,69.53544713434354,11.818510626451006,1.0978384527872642,176.0546075085324,False,True,small,GF1_WFV1_E110.3_N19.6_20200703_L2A0004902371,WFV1,2020-07-03
GF1_WFV1_E110.3_N19.6_20200703_L2A0004902371_2048_4096.png,0,1,0,0.1669921875,0.646484375,0.048828125,0.02734375,73.0,324.0,25.0,14.0,98.0,338.0,350.0,28.653097563788805,1.7857142857142858,73.0,False,True,small,GF1_WFV1_E110.3_N19.6_20200703_L2A0004902371,WFV1,2020-07-03
GF1_WFV1_E110.3_N19.6_20200703_L2A0004902371_2048_4096.png,1,2,0,0.21875,0.55859375,0.046875,0.03125,100.0,278.0,24.0,16.0,124.0,294.0,384.0,28.844410203711913,1.5,100.0,False,True,small,GF1_WFV1_E110.3_N19.6_20200703_L2A0004902371,WFV1,2020-07-03
GF1_WFV1_E110.3_N19.6_20200703_L2A0004902371_2048_4096.png,2,3,0,0.376953125,0.5166015625,0.046875,0.029296875,181.0,257.0,24.0,15.0,205.0,272.0,360.0,28.30194339616981,1.6,181.0,False,True,small,GF1_WFV1_E110.3_N19.6_20200703_L2A0004902371,WFV1,2020-07-03
GF1_WFV1_E110.3_N19.6_20200703_L2A0004902371_2048_4608.png,0,1,0,0.7265625,0.81640625,0.0234375,0.02734375,366.0,411.0,12.0,14.0,378.0,425.0,168.0,18.439088914585774,1.1666666666666667,87.0,False,True,small,GF1_WFV1_E110.3_N19.6_20200703_L2A0004902371,WFV1,2020-07-03
GF1_WFV1_E110.3_N19.6_20200703_L2A0004902371_2560_1536.png,0,1,0,0.091796875,0.3701171875,0.04296875,0.048828125,36.0,177.0,22.0,25.0,58.0,202.0,550.0,33.301651610693426,1.1363636363636365,36.0,False,True,small,GF1_WFV1_E110.3_N19.6_20200703_L2A0004902371,WFV1,2020-07-03
GF1_WFV1_E110.3_N19.6_20200703_L2A0004902371_2560_4096.png,0,1,0,0.380859375,0.1416015625,0.05078125,0.029296875,182.0,65.0,26.0,15.0,208.0,80.0,390.0,30.01666203960727,1.7333333333333334,65.0,False,True,small,GF1_WFV1_E110.3_N19.6_20200703_L2A0004902371,WFV1,2020-07-03
GF1_WFV1_E110.3_N19.6_20200703_L2A0004902371_2560_4096.png,1,2,0,0.0126953125,0.453125,0.025390625,0.0234375,0.0,226.0,13.0,12.0,13.0,238.0,156.0,17.69180601295413,1.0833333333333333,0.0,True,True,small,GF1_WFV1_E110.3_N19.6_20200703_L2A0004902371,WFV1,2020-07-03
GF1_WFV1_E110.3_N19.6_20200703_L2A0004902371_4096_512.png,0,1,0,0.58984375,0.427734375,0.0390625,0.0234375,292.0,213.0,20.0,12.0,312.0,225.0,240.0,23.323807579381203,1.6666666666666667,200.0,False,True,small,GF1_WFV1_E110.3_N19.6_20200703_L2A0004902371,WFV1,2020-07-03
GF1_WFV1_E110.3_N19.6_20200703_L2A0004902371_4096_512.png,1,2,0,0.6513671875,0.4501953125,0.041015625,0.029296875,323.0,223.0,21.0,15.0,344.0,238.0,315.0,25.80697580112788,1.4,168.0,False,True,small,GF1_WFV1_E110.3_N19.6_20200703_L2A0004902371,WFV1,2020-07-03
GF1_WFV1_E110.3_N19.6_20200703_L2A0004902371_6144_3584.png,0,1,0,0.423828125,0.7451171875,0.04296875,0.048828125,206.0,369.0,22.0,25.0,228.0,394.0,550.0,33.301651610693426,1.1363636363636365,118.0,False,True,small,GF1_WFV1_E110.3_N19.6_20200703_L2A0004902371,WFV1,2020-07-03
GF1_WFV1_E110.3_N19.6_20200703_L2A0004902371_6144_3584.png,1,2,0,0.46875,0.251953125,0.03125,0.04296875,232.0,118.0,16.0,22.0,248.0,140.0,352.0,27.202941017470888,1.375,118.0,False,True,small,GF1_WFV1_E110.3_N19.6_20200703_L2A0004902371,WFV1,2020-07-03
GF1_WFV1_E110.3_N19.6_20200703_L2A0004902371_6656_2560.png,0,1,0,0.93359375,0.5703125,0.02734375,0.01953125,471.0,287.0,14.0,10.0,485.0,297.0,140.0,17.204650534085253,1.4,27.0,False,True,small,GF1_WFV1_E110.3_N19.6_20200703_L2A0004902371,WFV1,2020-07-03
GF1_WFV1_E110.3_N19.6_20200703_L2A0004902371_6656_2560.png,1,2,0,0.8671875,0.6142578125,0.0234375,0.017578125,438.0,310.0,12.0,9.0,450.0,319.0,108.0,15.0,1.3333333333333333,62.0,False,True,small,GF1_WFV1_E110.3_N19.6_20200703_L2A0004902371,WFV1,2020-07-03
GF1_WFV1_E110.3_N19.6_20200703_L2A0004902371_6656_2560.png,2,3,0,0.857421875,0.681640625,0.02734375,0.015625,432.0,345.0,14.0,8.0,446.0,353.0,112.0,16.1245154965971,1.75,66.0,False,True,small,GF1_WFV1_E110.3_N19.6_20200703_L2A0004902371,WFV1,2020-07-03
GF1_WFV1_E110.3_N19.6_20200703_L2A0004902371_6656_2560.png,3,4,0,0.7236328125,0.6572265625,0.029296875,0.037109375,363.0,327.0,15.0,19.0,378.0,346.0,285.0,24.20743687382041,1.2666666666666666,134.0,False,True,small,GF1_WFV1_E110.3_N19.6_20200703_L2A0004902371,WFV1,2020-07-03
GF1_WFV1_E110.3_N19.6_20200703_L2A0004902371_6656_2560.png,4,5,0,0.6708984375,0.8603515625,0.025390625,0.041015625,337.0,430.0,13.0,21.0,350.0,451.0,273.0,24.698178070456937,1.6153846153846154,61.0,False,True,small,GF1_WFV1_E110.3_N19.6_20200703_L2A0004902371,WFV1,2020-07-03
GF1_WFV1_E110.3_N19.6_20200703_L2A0004902371_6656_3072.png,0,1,0,0.017578125,0.927734375,0.03515625,0.03125,0.0,467.0,18.0,16.0,18.0,483.0,288.0,24.08318915758459,1.125,0.0,True,True,small,GF1_WFV1_E110.3_N19.6_20200703_L2A0004902371,WFV1,2020-07-03
GF1_WFV1_E110.3_N19.6_20200703_L2A0004902371_6656_3584.png,0,1,0,0.80078125,0.6552734375,0.0546875,0.029296875,396.0,328.0,28.0,15.0,424.0,343.0,420.0,31.76476034853718,1.8666666666666667,88.0,False,True,small,GF1_WFV1_E110.3_N19.6_20200703_L2A0004902371,WFV1,2020-07-03
GF1_WFV1_E110.3_N19.6_20200703_L2A0004902371_7168_2560.png,0,1,0,0.45703125,0.6591796875,0.046875,0.044921875,222.0,326.0,24.0,23.0,246.0,349.0,552.0,33.24154027718932,1.0434782608695652,163.0,False,True,small,GF1_WFV1_E110.3_N19.6_20200703_L2A0004902371,WFV1,2020-07-03
GF1_WFV1_E110.3_N19.6_20200703_L2A0004902371_7168_3072.png,0,1,0,0.1044921875,0.0908203125,0.033203125,0.052734375,45.0,33.0,17.0,27.0,62.0,60.0,459.0,31.906112267087632,1.588235294117647,33.0,False,True,small,GF1_WFV1_E110.3_N19.6_20200703_L2A0004902371,WFV1,2020-07-03
GF1_WFV1_E110.3_N19.6_20200703_L2A0004902371_7168_3072.png,1,2,0,0.33020477815699656,0.6813471502590673,0.039249146757679154,0.030051813471502653,159.01706484641636,341.1564766839378,20.095563139931727,15.386528497409358,179.1126279863481,356.54300518134716,309.2009549240486,25.309621038501803,1.306049193833114,155.45699481865284,False,True,small,GF1_WFV1_E110.3_N19.6_20200703_L2A0004902371,WFV1,2020-07-03
GF1_WFV1_E110.3_N19.6_20200703_L2A0004902371_7680_3072.png,0,1,0,0.2880859375,0.0908203125,0.060546875,0.033203125,132.0,38.0,31.0,17.0,163.0,55.0,527.0,35.35533905932738,1.8235294117647058,38.0,False,True,small,GF1_WFV1_E110.3_N19.6_20200703_L2A0004902371,WFV1,2020-07-03
GF1_WFV1_E110.3_N19.6_20200703_L2A0004902371_8192_2560.png,0,1,0,0.4189453125,0.8818359375,0.041015625,0.025390625,204.0,445.0,21.0,13.0,225.0,458.0,273.0,24.698178070456937,1.6153846153846154,54.0,False,True,small,GF1_WFV1_E110.3_N19.6_20200703_L2A0004902371,WFV1,2020-07-03
GF1_WFV1_E110.3_N19.6_20200703_L2A0004902371_8192_2560.png,1,2,0,0.75390625,0.966796875,0.0546875,0.0390625,372.0,485.0,28.0,20.0,400.0,505.0,560.0,34.40930106817051,1.4,7.0,False,True,small,GF1_WFV1_E110.3_N19.6_20200703_L2A0004902371,WFV1,2020-07-03
GF1_WFV1_E120.0_N36.3_20200423_L2A0004760887_10240_10752.png,0,1,0,0.37109375,0.3408203125,0.0546875,0.048828125,176.0,162.0,28.0,25.0,204.0,187.0,700.0,37.53664875824692,1.12,162.0,False,True,small,GF1_WFV1_E120.0_N36.3_20200423_L2A0004760887,WFV1,2020-04-23
GF1_WFV1_E120.0_N36.3_20200423_L2A0004760887_10240_10752.png,1,2,0,0.8251953125,0.36328125,0.037109375,0.03125,413.0,178.0,19.0,16.0,432.0,194.0,304.0,24.839484696748443,1.1875,80.0,False,True,small,GF1_WFV1_E120.0_N36.3_20200423_L2A0004760887,WFV1,2020-04-23
GF1_WFV1_E120.0_N36.3_20200423_L2A0004760887_10240_11264.png,0,1,0,0.5654296875,0.689453125,0.037109375,0.03515625,280.0,344.0,19.0,18.0,299.0,362.0,342.0,26.1725046566048,1.0555555555555556,150.0,False,True,small,GF1_WFV1_E120.0_N36.3_20200423_L2A0004760887,WFV1,2020-04-23
GF1_WFV1_E120.0_N36.3_20200423_L2A0004760887_10240_11264.png,1,2,0,0.4609375,0.78515625,0.0390625,0.0390625,226.0,392.0,20.0,20.0,246.0,412.0,400.0,28.284271247461902,1.0,100.0,False,True,small,GF1_WFV1_E120.0_N36.3_20200423_L2A0004760887,WFV1,2020-04-23
GF1_WFV1_E120.0_N36.3_20200423_L2A0004760887_10240_11264.png,2,3,0,0.7529863481228669,0.02538860103626943,0.017918088737201354,0.019689119170984454,380.9419795221843,7.958549222797927,9.174061433447093,10.08082901554404,390.1160409556314,18.039378238341968,92.48214468867701,13.630352776993556,1.0988403651616092,7.958549222797927,False,True,small,GF1_WFV1_E120.0_N36.3_20200423_L2A0004760887,WFV1,2020-04-23
GF1_WFV1_E120.0_N36.3_20200423_L2A0004760887_10240_12288.png,0,1,0,0.671875,0.447265625,0.03125,0.03125,336.0,221.0,16.0,16.0,352.0,237.0,256.0,22.627416997969522,1.0,160.0,False,True,small,GF1_WFV1_E120.0_N36.3_20200423_L2A0004760887,WFV1,2020-04-23
GF1_WFV1_E120.0_N36.3_20200423_L2A0004760887_10240_12288.png,1,2,0,0.6953125,0.435546875,0.03125,0.03125,348.0,215.0,16.0,16.0,364.0,231.0,256.0,22.627416997969522,1.0,148.0,False,True,small,GF1_WFV1_E120.0_N36.3_20200423_L2A0004760887,WFV1,2020-04-23
GF1_WFV1_E120.0_N36.3_20200423_L2A0004760887_10240_12288.png,2,3,0,0.8125,0.40625,0.02734375,0.03515625,409.0,199.0,14.0,18.0,423.0,217.0,252.0,22.80350850198276,1.2857142857142858,89.0,False,True,small,GF1_WFV1_E120.0_N36.3_20200423_L2A0004760887,WFV1,2020-04-23
GF1_WFV1_E120.0_N36.3_20200423_L2A0004760887_10240_12288.png,3,4,0,0.841796875,0.40234375,0.03125,0.03515625,423.0,197.0,16.0,18.0,439.0,215.0,288.0,24.08318915758459,1.125,73.0,False,True,small,GF1_WFV1_E120.0_N36.3_20200423_L2A0004760887,WFV1,2020-04-23
GF1_WFV1_E120.0_N36.3_20200423_L2A0004760887_10240_12800.png,0,1,0,0.6083984375,0.896484375,0.033203125,0.05078125,303.0,446.0,17.0,26.0,320.0,472.0,442.0,31.064449134018133,1.5294117647058822,40.0,False,True,small,GF1_WFV1_E120.0_N36.3_20200423_L2A0004760887,WFV1,2020-04-23
GF1_WFV1_E120.0_N36.3_20200423_L2A0004760887_10240_12800.png,1,2,0,0.9306640625,0.044921875,0.029296875,0.03515625,469.0,14.0,15.0,18.0,484.0,32.0,270.0,23.430749027719962,1.2,14.0,False,True,small,GF1_WFV1_E120.0_N36.3_20200423_L2A0004760887,WFV1,2020-04-23
GF1_WFV1_E120.0_N36.3_20200423_L2A0004760887_10240_12800.png,2,3,0,0.9482421875,0.0693359375,0.037109375,0.033203125,476.0,27.0,19.0,17.0,495.0,44.0,323.0,25.495097567963924,1.1176470588235294,17.0,False,True,small,GF1_WFV1_E120.0_N36.3_20200423_L2A0004760887,WFV1,2020-04-23
GF1_WFV1_E120.0_N36.3_20200423_L2A0004760887_10240_12800.png,3,4,0,0.8662109375,0.69140625,0.029296875,0.03125,436.0,346.0,15.0,16.0,451.0,362.0,240.0,21.93171219946131,1.0666666666666667,61.0,False,True,small,GF1_WFV1_E120.0_N36.3_20200423_L2A0004760887,WFV1,2020-04-23
GF1_WFV1_E120.0_N36.3_20200423_L2A0004760887_10240_12800.png,4,5,0,0.89453125,0.6875,0.03515625,0.0390625,449.0,342.0,18.0,20.0,467.0,362.0,360.0,26.90724809414742,1.1111111111111112,45.0,False,True,small,GF1_WFV1_E120.0_N36.3_20200423_L2A0004760887,WFV1,2020-04-23
GF1_WFV1_E120.0_N36.3_20200423_L2A0004760887_10240_12800.png,5,6,0,0.4150390625,0.90234375,0.033203125,0.03125,204.0,454.0,17.0,16.0,221.0,470.0,272.0,23.345235059857504,1.0625,42.0,False,True,small,GF1_WFV1_E120.0_N36.3_20200423_L2A0004760887,WFV1,2020-04-23
GF1_WFV1_E120.0_N36.3_20200423_L2A0004760887_10240_12800.png,6,7,0,0.4228515625,0.9287109375,0.048828125,0.029296875,204.0,468.0,25.0,15.0,229.0,483.0,375.0,29.154759474226502,1.6666666666666667,29.0,False,True,small,GF1_WFV1_E120.0_N36.3_20200423_L2A0004760887,WFV1,2020-04-23
GF1_WFV1_E120.0_N36.3_20200423_L2A0004760887_10240_12800.png,7,8,0,0.09765625,0.8193359375,0.03125,0.025390625,42.0,413.0,16.0,13.0,58.0,426.0,208.0,20.615528128088304,1.2307692307692308,42.0,False,True,small,GF1_WFV1_E120.0_N36.3_20200423_L2A0004760887,WFV1,2020-04-23
GF1_WFV1_E120.0_N36.3_20200423_L2A0004760887_10240_12800.png,8,9,0,0.1103515625,0.8017578125,0.029296875,0.029296875,49.0,403.0,15.0,15.0,64.0,418.0,225.0,21.213203435596427,1.0,49.0,False,True,small,GF1_WFV1_E120.0_N36.3_20200423_L2A0004760887,WFV1,2020-04-23
GF1_WFV1_E120.0_N36.3_20200423_L2A0004760887_10240_12800.png,9,10,0,0.0283203125,0.5927734375,0.041015625,0.033203125,4.0,295.0,21.0,17.0,25.0,312.0,357.0,27.018512172212592,1.2352941176470589,4.0,False,True,small,GF1_WFV1_E120.0_N36.3_20200423_L2A0004760887,WFV1,2020-04-23
GF1_WFV1_E120.0_N36.3_20200423_L2A0004760887_10240_12800.png,10,11,0,0.46843003412969286,0.9202072538860103,0.02047781569965873,0.01865284974093262,234.5938566552901,466.37098445595853,10.48464163822527,9.550259067357501,245.07849829351537,475.92124352331604,100.13104387345489,14.182212751741218,1.097838452787261,36.078756476683964,False,True,small,GF1_WFV1_E120.0_N36.3_20200423_L2A0004760887,WFV1,2020-04-23
GF1_WFV1_E120.0_N36.3_20200423_L2A0004760887_10240_13312.png,0,1,0,0.055887372013651876,0.4564766839378238,0.01791808873720136,0.019689119170984426,24.027303754266214,228.67564766839376,9.174061433447097,10.080829015544026,33.20136518771331,238.7564766839378,92.48214468867691,13.630352776993549,1.0988403651616072,24.027303754266214,False,True,small,GF1_WFV1_E120.0_N36.3_20200423_L2A0004760887,WFV1,2020-04-23
GF1_WFV1_E120.0_N36.3_20200423_L2A0004760887_10240_13312.png,1,2,0,0.06825938566552901,0.438860103626943,0.01877133105802048,0.01968911917098448,30.14334470989761,219.6559585492228,9.610921501706486,10.080829015544055,39.7542662116041,229.73678756476684,96.88605634051898,13.928134324187104,1.0488930758360824,30.14334470989761,False,True,small,GF1_WFV1_E120.0_N36.3_20200423_L2A0004760887,WFV1,2020-04-23
GF1_WFV1_E120.0_N36.3_20200423_L2A0004760887_10240_13824.png,0,1,0,0.244140625,0.6845703125,0.04296875,0.033203125,114.0,342.0,22.0,17.0,136.0,359.0,374.0,27.80287754891569,1.2941176470588236,114.0,False,True,small,GF1_WFV1_E120.0_N36.3_20200423_L2A0004760887,WFV1,2020-04-23
GF1_WFV1_E120.0_N36.3_20200423_L2A0004760887_10240_9216.png,0,1,0,0.92578125,0.275390625,0.0390625,0.046875,464.0,129.0,20.0,24.0,484.0,153.0,480.0,31.240998703626616,1.2,28.0,False,True,small,GF1_WFV1_E120.0_N36.3_20200423_L2A0004760887,WFV1,2020-04-23
GF1_WFV1_E120.0_N36.3_20200423_L2A0004760887_10240_9216.png,1,2,0,0.837890625,0.45703125,0.03125,0.0390625,421.0,224.0,16.0,20.0,437.0,244.0,320.0,25.612496949731394,1.25,75.0,False,True,small,GF1_WFV1_E120.0_N36.3_20200423_L2A0004760887,WFV1,2020-04-23
GF1_WFV1_E120.0_N36.3_20200423_L2A0004760887_10240_9216.png,2,3,0,0.6982421875,0.03515625,0.041015625,0.046875,347.0,6.0,21.0,24.0,368.0,30.0,504.0,31.89043743820395,1.1428571428571428,6.0,False,True,small,GF1_WFV1_E120.0_N36.3_20200423_L2A0004760887,WFV1,2020-04-23
GF1_WFV1_E120.0_N36.3_20200423_L2A0004760887_10240_9216.png,3,4,0,0.15625,0.1318359375,0.03125,0.044921875,72.0,56.0,16.0,23.0,88.0,79.0,368.0,28.0178514522438,1.4375,56.0,False,True,small,GF1_WFV1_E120.0_N36.3_20200423_L2A0004760887,WFV1,2020-04-23
GF1_WFV1_E120.0_N36.3_20200423_L2A0004760887_10240_9216.png,4,5,0,0.2802734375,0.1064453125,0.041015625,0.025390625,133.0,48.0,21.0,13.0,154.0,61.0,273.0,24.698178070456937,1.6153846153846154,48.0,False,True,small,GF1_WFV1_E120.0_N36.3_20200423_L2A0004760887,WFV1,2020-04-23
GF1_WFV1_E120.0_N36.3_20200423_L2A0004760887_10240_9216.png,5,6,0,0.3671875,0.146484375,0.0234375,0.03125,182.0,67.0,12.0,16.0,194.0,83.0,192.0,20.0,1.3333333333333333,67.0,False,True,small,GF1_WFV1_E120.0_N36.3_20200423_L2A0004760887,WFV1,2020-04-23
GF1_WFV1_E120.0_N36.3_20200423_L2A0004760887_10240_9216.png,6,7,0,0.4072265625,0.099609375,0.033203125,0.03515625,200.0,42.0,17.0,18.0,217.0,60.0,306.0,24.758836806279895,1.0588235294117647,42.0,False,True,small,GF1_WFV1_E120.0_N36.3_20200423_L2A0004760887,WFV1,2020-04-23
GF1_WFV1_E120.0_N36.3_20200423_L2A0004760887_10240_9216.png,7,8,0,0.322265625,0.0244140625,0.03125,0.029296875,157.0,5.0,16.0,15.0,173.0,20.0,240.0,21.93171219946131,1.0666666666666667,5.0,False,True,small,GF1_WFV1_E120.0_N36.3_20200423_L2A0004760887,WFV1,2020-04-23
GF1_WFV1_E120.0_N36.3_20200423_L2A0004760887_10240_9216.png,8,9,0,0.8203125,0.154296875,0.03515625,0.03125,411.0,71.0,18.0,16.0,429.0,87.0,288.0,24.08318915758459,1.125,71.0,False,True,small,GF1_WFV1_E120.0_N36.3_20200423_L2A0004760887,WFV1,2020-04-23
GF1_WFV1_E120.0_N36.3_20200423_L2A0004760887_10752_10240.png,0,1,0,0.83203125,0.4306640625,0.04296875,0.033203125,415.0,212.0,22.0,17.0,437.0,229.0,374.0,27.80287754891569,1.2941176470588236,75.0,False,True,small,GF1_WFV1_E120.0_N36.3_20200423_L2A0004760887,WFV1,2020-04-23
GF1_WFV1_E120.0_N36.3_20200423_L2A0004760887_10752_10240.png,1,2,0,0.3173828125,0.455078125,0.044921875,0.03515625,151.0,224.0,23.0,18.0,174.0,242.0,414.0,29.206163733020468,1.2777777777777777,151.0,False,True,small,GF1_WFV1_E120.0_N36.3_20200423_L2A0004760887,WFV1,2020-04-23
GF1_WFV1_E120.0_N36.3_20200423_L2A0004760887_10752_10240.png,2,3,0,0.69921875,0.7099609375,0.03515625,0.029296875,349.0,356.0,18.0,15.0,367.0,371.0,270.0,23.430749027719962,1.2,141.0,False,True,small,GF1_WFV1_E120.0_N36.3_20200423_L2A0004760887,WFV1,2020-04-23
GF1_WFV1_E120.0_N36.3_20200423_L2A0004760887_10752_10240.png,3,4,0,0.232421875,0.494140625,0.03125,0.02734375,111.0,246.0,16.0,14.0,127.0,260.0,224.0,21.2602916254693,1.1428571428571428,111.0,False,True,small,GF1_WFV1_E120.0_N36.3_20200423_L2A0004760887,WFV1,2020-04-23
GF1_WFV1_E120.0_N36.3_20200423_L2A0004760887_10752_10752.png,0,1,0,0.064453125,0.541015625,0.0390625,0.0234375,23.0,271.0,20.0,12.0,43.0,283.0,240.0,23.323807579381203,1.6666666666666667,23.0,False,True,small,GF1_WFV1_E120.0_N36.3_20200423_L2A0004760887,WFV1,2020-04-23
GF1_WFV1_E120.0_N36.3_20200423_L2A0004760887_10752_12288.png,0,1,0,0.0859375,0.328125,0.0234375,0.02734375,38.0,161.0,12.0,14.0,50.0,175.0,168.0,18.439088914585774,1.1666666666666667,38.0,False,True,small,GF1_WFV1_E120.0_N36.3_20200423_L2A0004760887,WFV1,2020-04-23
GF1_WFV1_E120.0_N36.3_20200423_L2A0004760887_10752_12288.png,1,2,0,0.0625,0.3359375,0.0390625,0.02734375,22.0,165.0,20.0,14.0,42.0,179.0,280.0,24.413111231467404,1.4285714285714286,22.0,False,True,small,GF1_WFV1_E120.0_N36.3_20200423_L2A0004760887,WFV1,2020-04-23
GF1_WFV1_E120.0_N36.3_20200423_L2A0004760887_10752_12800.png,0,1,0,0.6826171875,0.4892578125,0.048828125,0.052734375,337.0,237.0,25.0,27.0,362.0,264.0,675.0,36.796738985948195,1.08,150.0,False,True,small,GF1_WFV1_E120.0_N36.3_20200423_L2A0004760887,WFV1,2020-04-23
GF1_WFV1_E120.0_N36.3_20200423_L2A0004760887_10752_12800.png,1,2,0,0.78125,0.9833984375,0.03515625,0.029296875,391.0,496.0,18.0,15.0,409.0,511.0,270.0,23.430749027719962,1.2,1.0,False,True,small,GF1_WFV1_E120.0_N36.3_20200423_L2A0004760887,WFV1,2020-04-23
GF1_WFV1_E120.0_N36.3_20200423_L2A0004760887_10752_12800.png,2,3,0,0.048828125,0.51953125,0.02734375,0.0390625,18.0,256.0,14.0,20.0,32.0,276.0,280.0,24.413111231467404,1.4285714285714286,18.0,False,True,small,GF1_WFV1_E120.0_N36.3_20200423_L2A0004760887,WFV1,2020-04-23
GF1_WFV1_E120.0_N36.3_20200423_L2A0004760887_10752_12800.png,3,4,0,0.072265625,0.521484375,0.02734375,0.03515625,30.0,258.0,14.0,18.0,44.0,276.0,252.0,22.80350850198276,1.2857142857142858,30.0,False,True,small,GF1_WFV1_E120.0_N36.3_20200423_L2A0004760887,WFV1,2020-04-23
GF1_WFV1_E120.0_N36.3_20200423_L2A0004760887_10752_12800.png,4,5,0,0.044921875,0.748046875,0.03125,0.03515625,15.0,374.0,16.0,18.0,31.0,392.0,288.0,24.08318915758459,1.125,15.0,False,True,small,GF1_WFV1_E120.0_N36.3_20200423_L2A0004760887,WFV1,2020-04-23
GF1_WFV1_E120.0_N36.3_20200423_L2A0004760887_10752_12800.png,5,6,0,0.0712890625,0.740234375,0.037109375,0.03125,27.0,371.0,19.0,16.0,46.0,387.0,304.0,24.839484696748443,1.1875,27.0,False,True,small,GF1_WFV1_E120.0_N36.3_20200423_L2A0004760887,WFV1,2020-04-23
GF1_WFV1_E120.0_N36.3_20200423_L2A0004760887_10752_12800.png,6,7,0,0.2607421875,0.2607421875,0.037109375,0.025390625,124.0,127.0,19.0,13.0,143.0,140.0,247.0,23.021728866442675,1.4615384615384615,124.0,False,True,small,GF1_WFV1_E120.0_N36.3_20200423_L2A0004760887,WFV1,2020-04-23
GF1_WFV1_E120.0_N36.3_20200423_L2A0004760887_10752_12800.png,7,8,0,0.259765625,0.2900390625,0.03515625,0.029296875,124.0,141.0,18.0,15.0,142.0,156.0,270.0,23.430749027719962,1.2,124.0,False,True,small,GF1_WFV1_E120.0_N36.3_20200423_L2A0004760887,WFV1,2020-04-23
GF1_WFV1_E120.0_N36.3_20200423_L2A0004760887_10752_12800.png,8,9,0,0.0439453125,0.123046875,0.033203125,0.03125,14.0,55.0,17.0,16.0,31.0,71.0,272.0,23.345235059857504,1.0625,14.0,False,True,small,GF1_WFV1_E120.0_N36.3_20200423_L2A0004760887,WFV1,2020-04-23
GF1_WFV1_E120.0_N36.3_20200423_L2A0004760887_10752_12800.png,9,10,0,0.091796875,0.130859375,0.03515625,0.01953125,38.0,62.0,18.0,10.0,56.0,72.0,180.0,20.591260281974,1.8,38.0,False,True,small,GF1_WFV1_E120.0_N36.3_20200423_L2A0004760887,WFV1,2020-04-23
GF1_WFV1_E120.0_N36.3_20200423_L2A0004760887_10752_12800.png,10,11,0,0.1357421875,0.1708984375,0.041015625,0.025390625,59.0,81.0,21.0,13.0,80.0,94.0,273.0,24.698178070456937,1.6153846153846154,59.0,False,True,small,GF1_WFV1_E120.0_N36.3_20200423_L2A0004760887,WFV1,2020-04-23
GF1_WFV1_E120.0_N36.3_20200423_L2A0004760887_10752_12800.png,11,12,0,0.0859375,0.1611328125,0.0390625,0.017578125,34.0,78.0,20.0,9.0,54.0,87.0,180.0,21.93171219946131,2.2222222222222223,34.0,False,True,small,GF1_WFV1_E120.0_N36.3_20200423_L2A0004760887,WFV1,2020-04-23
GF1_WFV1_E120.0_N36.3_20200423_L2A0004760887_10752_12800.png,12,13,0,0.087890625,0.1923828125,0.0390625,0.025390625,35.0,92.0,20.0,13.0,55.0,105.0,260.0,23.853720883753127,1.5384615384615385,35.0,False,True,small,GF1_WFV1_E120.0_N36.3_20200423_L2A0004760887,WFV1,2020-04-23
GF1_WFV1_E120.0_N36.3_20200423_L2A0004760887_10752_12800.png,13,14,0,0.048828125,0.146484375,0.03515625,0.03125,16.0,67.0,18.0,16.0,34.0,83.0,288.0,24.08318915758459,1.125,16.0,False,True,small,GF1_WFV1_E120.0_N36.3_20200423_L2A0004760887,WFV1,2020-04-23
GF1_WFV1_E120.0_N36.3_20200423_L2A0004760887_10752_12800.png,14,15,0,0.3125,0.2705078125,0.0390625,0.025390625,150.0,132.0,20.0,13.0,170.0,145.0,260.0,23.853720883753127,1.5384615384615385,132.0,False,True,small,GF1_WFV1_E120.0_N36.3_20200423_L2A0004760887,WFV1,2020-04-23
GF1_WFV1_E120.0_N36.3_20200423_L2A0004760887_10752_13312.png,0,1,0,0.8125,0.0361328125,0.03515625,0.052734375,407.0,5.0,18.0,27.0,425.0,32.0,486.0,32.449961479175904,1.5,5.0,False,True,small,GF1_WFV1_E120.0_N36.3_20200423_L2A0004760887,WFV1,2020-04-23
GF1_WFV1_E120.0_N36.3_20200423_L2A0004760887_10752_13312.png,1,2,0,0.427734375,0.8818359375,0.03515625,0.037109375,210.0,442.0,18.0,19.0,228.0,461.0,342.0,26.1725046566048,1.0555555555555556,51.0,False,True,small,GF1_WFV1_E120.0_N36.3_20200423_L2A0004760887,WFV1,2020-04-23
GF1_WFV1_E120.0_N36.3_20200423_L2A0004760887_10752_8192.png,0,1,0,0.01171875,0.9345703125,0.0234375,0.029296875,0.0,471.0,12.0,15.0,12.0,486.0,180.0,19.209372712298546,1.25,0.0,True,True,small,GF1_WFV1_E120.0_N36.3_20200423_L2A0004760887,WFV1,2020-04-23
GF1_WFV1_E120.0_N36.3_20200423_L2A0004760887_10752_9216.png,0,1,0,0.365234375,0.986328125,0.07421875,0.02734375,168.0,498.0,38.0,14.0,206.0,512.0,532.0,40.496913462633174,2.7142857142857144,0.0,True,True,small,GF1_WFV1_E120.0_N36.3_20200423_L2A0004760887,WFV1,2020-04-23
GF1_WFV1_E120.0_N36.3_20200423_L2A0004760887_10752_9728.png,0,1,0,0.7294921875,0.15234375,0.076171875,0.04296875,354.0,67.0,39.0,22.0,393.0,89.0,858.0,44.77722635447622,1.7727272727272727,67.0,False,True,small,GF1_WFV1_E120.0_N36.3_20200423_L2A0004760887,WFV1,2020-04-23
GF1_WFV1_E120.0_N36.3_20200423_L2A0004760887_10752_9728.png,1,2,0,0.97265625,0.658203125,0.03515625,0.03515625,489.0,328.0,18.0,18.0,507.0,346.0,324.0,25.45584412271571,1.0,5.0,False,True,small,GF1_WFV1_E120.0_N36.3_20200423_L2A0004760887,WFV1,2020-04-23
GF1_WFV1_E120.0_N36.3_20200423_L2A0004760887_10752_9728.png,2,3,0,0.939453125,0.73046875,0.03125,0.02734375,473.0,367.0,16.0,14.0,489.0,381.0,224.0,21.2602916254693,1.1428571428571428,23.0,False,True,small,GF1_WFV1_E120.0_N36.3_20200423_L2A0004760887,WFV1,2020-04-23
GF1_WFV1_E120.0_N36.3_20200423_L2A0004760887_10752_9728.png,3,4,0,0.919921875,0.5478515625,0.046875,0.033203125,459.0,272.0,24.0,17.0,483.0,289.0,408.0,29.410882339705484,1.411764705882353,29.0,False,True,small,GF1_WFV1_E120.0_N36.3_20200423_L2A0004760887,WFV1,2020-04-23
GF1_WFV1_E120.0_N36.3_20200423_L2A0004760887_10752_9728.png,4,5,0,0.5146484375,0.2783203125,0.037109375,0.025390625,254.0,136.0,19.0,13.0,273.0,149.0,247.0,23.021728866442675,1.4615384615384615,136.0,False,True,small,GF1_WFV1_E120.0_N36.3_20200423_L2A0004760887,WFV1,2020-04-23
GF1_WFV1_E120.0_N36.3_20200423_L2A0004760887_10752_9728.png,5,6,0,0.4619140625,0.4111328125,0.021484375,0.041015625,231.0,200.0,11.0,21.0,242.0,221.0,231.0,23.706539182259394,1.9090909090909092,200.0,False,True,small,GF1_WFV1_E120.0_N36.3_20200423_L2A0004760887,WFV1,2020-04-23
GF1_WFV1_E120.0_N36.3_20200423_L2A0004760887_11264_10240.png,0,1,0,0.408203125,0.876953125,0.0625,0.03515625,193.0,440.0,32.0,18.0,225.0,458.0,576.0,36.71511950137164,1.7777777777777777,54.0,False,True,small,GF1_WFV1_E120.0_N36.3_20200423_L2A0004760887,WFV1,2020-04-23
GF1_WFV1_E120.0_N36.3_20200423_L2A0004760887_11264_10240.png,1,2,0,0.6640625,0.8759765625,0.0625,0.033203125,324.0,440.0,32.0,17.0,356.0,457.0,544.0,36.235341863986875,1.8823529411764706,55.0,False,True,small,GF1_WFV1_E120.0_N36.3_20200423_L2A0004760887,WFV1,2020-04-23
GF1_WFV1_E120.0_N36.3_20200423_L2A0004760887_11264_13312.png,0,1,0,0.298828125,0.7568359375,0.03515625,0.025390625,144.0,381.0,18.0,13.0,162.0,394.0,234.0,22.20360331117452,1.3846153846153846,118.0,False,True,small,GF1_WFV1_E120.0_N36.3_20200423_L2A0004760887,WFV1,2020-04-23
GF1_WFV1_E120.0_N36.3_20200423_L2A0004760887_11264_9728.png,0,1,0,0.9501953125,0.1640625,0.083984375,0.0390625,465.0,74.0,43.0,20.0,508.0,94.0,860.0,47.4236228055175,2.15,4.0,False,True,small,GF1_WFV1_E120.0_N36.3_20200423_L2A0004760887,WFV1,2020-04-23
GF1_WFV1_E120.0_N36.3_20200423_L2A0004760887_11264_9728.png,1,2,0,0.8017578125,0.552734375,0.052734375,0.04296875,397.0,272.0,27.0,22.0,424.0,294.0,594.0,34.828149534535996,1.2272727272727273,88.0,False,True,small,GF1_WFV1_E120.0_N36.3_20200423_L2A0004760887,WFV1,2020-04-23
GF1_WFV1_E120.0_N36.3_20200423_L2A0004760887_11264_9728.png,2,3,0,0.01953125,0.8017578125,0.0390625,0.029296875,0.0,403.0,20.0,15.0,20.0,418.0,300.0,25.0,1.3333333333333333,0.0,True,True,small,GF1_WFV1_E120.0_N36.3_20200423_L2A0004760887,WFV1,2020-04-23
GF1_WFV1_E120.0_N36.3_20200423_L2A0004760887_11264_9728.png,3,4,0,0.0732421875,0.66796875,0.033203125,0.02734375,29.0,335.0,17.0,14.0,46.0,349.0,238.0,22.02271554554524,1.2142857142857142,29.0,False,True,small,GF1_WFV1_E120.0_N36.3_20200423_L2A0004760887,WFV1,2020-04-23
GF1_WFV1_E120.0_N36.3_20200423_L2A0004760887_11264_9728.png,4,5,0,0.1572265625,0.57421875,0.033203125,0.02734375,72.0,287.0,17.0,14.0,89.0,301.0,238.0,22.02271554554524,1.2142857142857142,72.0,False,True,small,GF1_WFV1_E120.0_N36.3_20200423_L2A0004760887,WFV1,2020-04-23
GF1_WFV1_E120.0_N36.3_20200423_L2A0004760887_11264_9728.png,5,6,0,0.02734375,0.564453125,0.0390625,0.03125,4.0,281.0,20.0,16.0,24.0,297.0,320.0,25.612496949731394,1.25,4.0,False,True,small,GF1_WFV1_E120.0_N36.3_20200423_L2A0004760887,WFV1,2020-04-23
GF1_WFV1_E120.0_N36.3_20200423_L2A0004760887_11264_9728.png,6,7,0,0.9453125,0.322265625,0.02734375,0.03515625,477.0,156.0,14.0,18.0,491.0,174.0,252.0,22.80350850198276,1.2857142857142858,21.0,False,True,small,GF1_WFV1_E120.0_N36.3_20200423_L2A0004760887,WFV1,2020-04-23
GF1_WFV1_E120.0_N36.3_20200423_L2A0004760887_11264_9728.png,7,8,0,0.634765625,0.60546875,0.0390625,0.02734375,315.0,303.0,20.0,14.0,335.0,317.0,280.0,24.413111231467404,1.4285714285714286,177.0,False,True,small,GF1_WFV1_E120.0_N36.3_20200423_L2A0004760887,WFV1,2020-04-23
GF1_WFV1_E120.0_N36.3_20200423_L2A0004760887_11776_13824.png,0,1,0,0.53515625,0.4970703125,0.0625,0.041015625,258.0,244.0,32.0,21.0,290.0,265.0,672.0,38.27531841800928,1.5238095238095237,222.0,False,True,small,GF1_WFV1_E120.0_N36.3_20200423_L2A0004760887,WFV1,2020-04-23
GF1_WFV1_E120.0_N36.3_20200423_L2A0004760887_12288_13824.png,0,1,0,0.201171875,0.150390625,0.05078125,0.0390625,90.0,67.0,26.0,20.0,116.0,87.0,520.0,32.802438933713454,1.3,67.0,False,True,small,GF1_WFV1_E120.0_N36.3_20200423_L2A0004760887,WFV1,2020-04-23
GF1_WFV1_E120.0_N36.3_20200423_L2A0004760887_12288_13824.png,1,2,0,0.935546875,0.154296875,0.03125,0.04296875,471.0,68.0,16.0,22.0,487.0,90.0,352.0,27.202941017470888,1.375,25.0,False,True,small,GF1_WFV1_E120.0_N36.3_20200423_L2A0004760887,WFV1,2020-04-23
GF1_WFV1_E120.0_N36.3_20200423_L2A0004760887_12288_13824.png,2,3,0,0.244140625,0.82421875,0.0625,0.0390625,109.0,412.0,32.0,20.0,141.0,432.0,640.0,37.73592452822641,1.6,80.0,False,True,small,GF1_WFV1_E120.0_N36.3_20200423_L2A0004760887,WFV1,2020-04-23
GF1_WFV1_E120.0_N36.3_20200423_L2A0004760887_12288_14184.png,0,1,0,0.2509765625,0.12109375,0.064453125,0.02734375,112.0,55.0,33.0,14.0,145.0,69.0,462.0,35.84689665786984,2.357142857142857,55.0,False,True,small,GF1_WFV1_E120.0_N36.3_20200423_L2A0004760887,WFV1,2020-04-23
GF1_WFV1_E120.0_N36.3_20200423_L2A0004760887_12288_14184.png,1,2,0,0.2314453125,0.328125,0.037109375,0.03125,109.0,160.0,19.0,16.0,128.0,176.0,304.0,24.839484696748443,1.1875,109.0,False,True,small,GF1_WFV1_E120.0_N36.3_20200423_L2A0004760887,WFV1,2020-04-23
GF1_WFV1_E120.0_N36.3_20200423_L2A0004760887_12288_9216.png,0,1,0,0.7978515625,0.4638671875,0.033203125,0.033203125,400.0,229.0,17.0,17.0,417.0,246.0,289.0,24.041630560342615,1.0,95.0,False,True,small,GF1_WFV1_E120.0_N36.3_20200423_L2A0004760887,WFV1,2020-04-23
GF1_WFV1_E120.0_N36.3_20200423_L2A0004760887_12288_9216.png,1,2,0,0.6904296875,0.666015625,0.037109375,0.02734375,344.0,334.0,19.0,14.0,363.0,348.0,266.0,23.600847442411894,1.3571428571428572,149.0,False,True,small,GF1_WFV1_E120.0_N36.3_20200423_L2A0004760887,WFV1,2020-04-23
GF1_WFV1_E120.0_N36.3_20200423_L2A0004760887_12288_9216.png,2,3,0,0.837890625,0.77734375,0.0546875,0.0390625,415.0,388.0,28.0,20.0,443.0,408.0,560.0,34.40930106817051,1.4,69.0,False,True,small,GF1_WFV1_E120.0_N36.3_20200423_L2A0004760887,WFV1,2020-04-23
GF1_WFV1_E120.0_N36.3_20200423_L2A0004760887_12288_9216.png,3,4,0,0.248046875,0.115234375,0.0546875,0.0390625,113.0,49.0,28.0,20.0,141.0,69.0,560.0,34.40930106817051,1.4,49.0,False,True,small,GF1_WFV1_E120.0_N36.3_20200423_L2A0004760887,WFV1,2020-04-23
GF1_WFV1_E120.0_N36.3_20200423_L2A0004760887_12288_9728.png,0,1,0,0.412109375,0.4404296875,0.0703125,0.041015625,193.0,215.0,36.0,21.0,229.0,236.0,756.0,41.677331968349414,1.7142857142857142,193.0,False,True,small,GF1_WFV1_E120.0_N36.3_20200423_L2A0004760887,WFV1,2020-04-23
GF1_WFV1_E120.0_N36.3_20200423_L2A0004760887_12288_9728.png,1,2,0,0.5048828125,0.4482421875,0.068359375,0.041015625,241.0,219.0,35.0,21.0,276.0,240.0,735.0,40.8166632639171,1.6666666666666667,219.0,False,True,small,GF1_WFV1_E120.0_N36.3_20200423_L2A0004760887,WFV1,2020-04-23
GF1_WFV1_E120.0_N36.3_20200423_L2A0004760887_12800_12288.png,0,1,0,0.30859375,0.76171875,0.03125,0.0234375,150.0,384.0,16.0,12.0,166.0,396.0,192.0,20.0,1.3333333333333333,116.0,False,True,small,GF1_WFV1_E120.0_N36.3_20200423_L2A0004760887,WFV1,2020-04-23
GF1_WFV1_E120.0_N36.3_20200423_L2A0004760887_12800_12288.png,1,2,0,0.3095703125,0.7900390625,0.029296875,0.029296875,151.0,397.0,15.0,15.0,166.0,412.0,225.0,21.213203435596427,1.0,100.0,False,True,small,GF1_WFV1_E120.0_N36.3_20200423_L2A0004760887,WFV1,2020-04-23
GF1_WFV1_E120.0_N36.3_20200423_L2A0004760887_12800_8192.png,0,1,0,0.849609375,0.9765625,0.03125,0.0390625,427.0,490.0,16.0,20.0,443.0,510.0,320.0,25.612496949731394,1.25,2.0,False,True,small,GF1_WFV1_E120.0_N36.3_20200423_L2A0004760887,WFV1,2020-04-23
GF1_WFV1_E120.0_N36.3_20200423_L2A0004760887_12800_8192.png,1,2,0,0.620307167235495,0.21139896373056993,0.020477815699658675,0.02072538860103626,312.3549488054608,102.93056994818653,10.484641638225241,10.611398963730565,322.83959044368606,113.5419689119171,111.25671541494967,14.917422640974834,1.0120898100172722,102.93056994818653,False,True,small,GF1_WFV1_E120.0_N36.3_20200423_L2A0004760887,WFV1,2020-04-23
GF1_WFV1_E120.0_N36.3_20200423_L2A0004760887_12800_8192.png,2,3,0,0.2598122866894198,0.14300518134715026,0.016211604095563104,0.0227979274611399,128.87372013651878,67.38238341968912,8.300341296928309,11.672538860103629,137.1740614334471,79.05492227979275,96.88605634051864,14.322842912149907,1.4062721570766328,67.38238341968912,False,True,small,GF1_WFV1_E120.0_N36.3_20200423_L2A0004760887,WFV1,2020-04-23
GF1_WFV1_E120.0_N36.3_20200423_L2A0004760887_12800_8704.png,0,1,0,0.798828125,0.5146484375,0.046875,0.033203125,397.0,255.0,24.0,17.0,421.0,272.0,408.0,29.410882339705484,1.411764705882353,91.0,False,True,small,GF1_WFV1_E120.0_N36.3_20200423_L2A0004760887,WFV1,2020-04-23
GF1_WFV1_E120.0_N36.3_20200423_L2A0004760887_12800_8704.png,1,2,0,0.388671875,0.650390625,0.046875,0.03515625,187.0,324.0,24.0,18.0,211.0,342.0,432.0,30.0,1.3333333333333333,170.0,False,True,small,GF1_WFV1_E120.0_N36.3_20200423_L2A0004760887,WFV1,2020-04-23
GF1_WFV1_E120.0_N36.3_20200423_L2A0004760887_12800_9728.png,0,1,0,0.751953125,0.52734375,0.046875,0.03125,373.0,262.0,24.0,16.0,397.0,278.0,384.0,28.844410203711913,1.5,115.0,False,True,small,GF1_WFV1_E120.0_N36.3_20200423_L2A0004760887,WFV1,2020-04-23
GF1_WFV1_E120.0_N36.3_20200423_L2A0004760887_13312_10240.png,0,1,0,0.6220703125,0.6640625,0.037109375,0.03515625,309.0,331.0,19.0,18.0,328.0,349.0,342.0,26.1725046566048,1.0555555555555556,163.0,False,True,small,GF1_WFV1_E120.0_N36.3_20200423_L2A0004760887,WFV1,2020-04-23
GF1_WFV1_E120.0_N36.3_20200423_L2A0004760887_13312_10240.png,1,2,0,0.826171875,0.69140625,0.0234375,0.03125,417.0,346.0,12.0,16.0,429.0,362.0,192.0,20.0,1.3333333333333333,83.0,False,True,small,GF1_WFV1_E120.0_N36.3_20200423_L2A0004760887,WFV1,2020-04-23
GF1_WFV1_E120.0_N36.3_20200423_L2A0004760887_13312_10240.png,2,3,0,0.85546875,0.6640625,0.02734375,0.03515625,431.0,331.0,14.0,18.0,445.0,349.0,252.0,22.80350850198276,1.2857142857142858,67.0,False,True,small,GF1_WFV1_E120.0_N36.3_20200423_L2A0004760887,WFV1,2020-04-23
GF1_WFV1_E120.0_N36.3_20200423_L2A0004760887_13312_10240.png,3,4,0,0.9853515625,0.701171875,0.029296875,0.03125,497.0,351.0,15.0,16.0,512.0,367.0,240.0,21.93171219946131,1.0666666666666667,0.0,True,True,small,GF1_WFV1_E120.0_N36.3_20200423_L2A0004760887,WFV1,2020-04-23
GF1_WFV1_E120.0_N36.3_20200423_L2A0004760887_13312_10752.png,0,1,0,0.9873046875,0.9755859375,0.025390625,0.044921875,499.0,488.0,13.0,23.0,512.0,511.0,299.0,26.419689627245813,1.7692307692307692,0.0,True,True,small,GF1_WFV1_E120.0_N36.3_20200423_L2A0004760887,WFV1,2020-04-23
GF1_WFV1_E120.0_N36.3_20200423_L2A0004760887_13312_8192.png,0,1,0,0.12109375,0.763671875,0.0390625,0.03125,52.0,383.0,20.0,16.0,72.0,399.0,320.0,25.612496949731394,1.25,52.0,False,True,small,GF1_WFV1_E120.0_N36.3_20200423_L2A0004760887,WFV1,2020-04-23
GF1_WFV1_E120.0_N36.3_20200423_L2A0004760887_13312_8192.png,1,2,0,0.6328125,0.78125,0.03125,0.02734375,316.0,393.0,16.0,14.0,332.0,407.0,224.0,21.2602916254693,1.1428571428571428,105.0,False,True,small,GF1_WFV1_E120.0_N36.3_20200423_L2A0004760887,WFV1,2020-04-23
GF1_WFV1_E120.0_N36.3_20200423_L2A0004760887_13312_8192.png,2,3,0,0.873046875,0.81640625,0.03125,0.0234375,439.0,412.0,16.0,12.0,455.0,424.0,192.0,20.0,1.3333333333333333,57.0,False,True,small,GF1_WFV1_E120.0_N36.3_20200423_L2A0004760887,WFV1,2020-04-23
GF1_WFV1_E120.0_N36.3_20200423_L2A0004760887_13312_8192.png,3,4,0,0.892578125,0.1767578125,0.0390625,0.033203125,447.0,82.0,20.0,17.0,467.0,99.0,340.0,26.248809496813376,1.1764705882352942,45.0,False,True,small,GF1_WFV1_E120.0_N36.3_20200423_L2A0004760887,WFV1,2020-04-23
GF1_WFV1_E120.0_N36.3_20200423_L2A0004760887_13312_8192.png,4,5,0,0.7119140625,0.447265625,0.033203125,0.03125,356.0,221.0,17.0,16.0,373.0,237.0,272.0,23.345235059857504,1.0625,139.0,False,True,small,GF1_WFV1_E120.0_N36.3_20200423_L2A0004760887,WFV1,2020-04-23
GF1_WFV1_E120.0_N36.3_20200423_L2A0004760887_13312_8704.png,0,1,0,0.7705078125,0.5087890625,0.037109375,0.029296875,385.0,253.0,19.0,15.0,404.0,268.0,285.0,24.20743687382041,1.2666666666666666,108.0,False,True,small,GF1_WFV1_E120.0_N36.3_20200423_L2A0004760887,WFV1,2020-04-23
GF1_WFV1_E120.0_N36.3_20200423_L2A0004760887_13312_9728.png,0,1,0,0.1943359375,0.955078125,0.052734375,0.046875,86.0,477.0,27.0,24.0,113.0,501.0,648.0,36.124783736376884,1.125,11.0,False,True,small,GF1_WFV1_E120.0_N36.3_20200423_L2A0004760887,WFV1,2020-04-23
GF1_WFV1_E120.0_N36.3_20200423_L2A0004760887_13312_9728.png,1,2,0,0.5029296875,0.7724609375,0.044921875,0.033203125,246.0,387.0,23.0,17.0,269.0,404.0,391.0,28.600699292150182,1.3529411764705883,108.0,False,True,small,GF1_WFV1_E120.0_N36.3_20200423_L2A0004760887,WFV1,2020-04-23
GF1_WFV1_E120.0_N36.3_20200423_L2A0004760887_13824_10240.png,0,1,0,0.6982421875,0.92578125,0.048828125,0.02734375,345.0,467.0,25.0,14.0,370.0,481.0,350.0,28.653097563788805,1.7857142857142858,31.0,False,True,small,GF1_WFV1_E120.0_N36.3_20200423_L2A0004760887,WFV1,2020-04-23
GF1_WFV1_E120.0_N36.3_20200423_L2A0004760887_13824_10240.png,1,2,0,0.970703125,0.7890625,0.0546875,0.03125,483.0,396.0,28.0,16.0,511.0,412.0,448.0,32.2490309931942,1.75,1.0,False,True,small,GF1_WFV1_E120.0_N36.3_20200423_L2A0004760887,WFV1,2020-04-23
GF1_WFV1_E120.0_N36.3_20200423_L2A0004760887_13824_10240.png,2,3,0,0.4609375,0.953125,0.046875,0.03515625,224.0,479.0,24.0,18.0,248.0,497.0,432.0,30.0,1.3333333333333333,15.0,False,True,small,GF1_WFV1_E120.0_N36.3_20200423_L2A0004760887,WFV1,2020-04-23
GF1_WFV1_E120.0_N36.3_20200423_L2A0004760887_13824_10240.png,3,4,0,0.021484375,0.6884765625,0.03125,0.041015625,3.0,342.0,16.0,21.0,19.0,363.0,336.0,26.40075756488817,1.3125,3.0,False,True,small,GF1_WFV1_E120.0_N36.3_20200423_L2A0004760887,WFV1,2020-04-23
GF1_WFV1_E120.0_N36.3_20200423_L2A0004760887_13824_10752.png,0,1,0,0.3740234375,0.1494140625,0.064453125,0.037109375,175.0,67.0,33.0,19.0,208.0,86.0,627.0,38.07886552931954,1.736842105263158,67.0,False,True,small,GF1_WFV1_E120.0_N36.3_20200423_L2A0004760887,WFV1,2020-04-23
GF1_WFV1_E120.0_N36.3_20200423_L2A0004760887_13824_10752.png,1,2,0,0.66015625,0.697265625,0.0625,0.0390625,322.0,347.0,32.0,20.0,354.0,367.0,640.0,37.73592452822641,1.6,145.0,False,True,small,GF1_WFV1_E120.0_N36.3_20200423_L2A0004760887,WFV1,2020-04-23
GF1_WFV1_E120.0_N36.3_20200423_L2A0004760887_13824_14184.png,0,1,0,0.6455078125,0.3232421875,0.048828125,0.041015625,318.0,155.0,25.0,21.0,343.0,176.0,525.0,32.64965543462902,1.1904761904761905,155.0,False,True,small,GF1_WFV1_E120.0_N36.3_20200423_L2A0004760887,WFV1,2020-04-23
GF1_WFV1_E120.0_N36.3_20200423_L2A0004760887_13824_8192.png,0,1,0,0.849609375,0.787109375,0.0390625,0.02734375,425.0,396.0,20.0,14.0,445.0,410.0,280.0,24.413111231467404,1.4285714285714286,67.0,False,True,small,GF1_WFV1_E120.0_N36.3_20200423_L2A0004760887,WFV1,2020-04-23
GF1_WFV1_E120.0_N36.3_20200423_L2A0004760887_13824_8192.png,1,2,0,0.6928327645051195,0.4419689119170984,0.015358361774744034,0.027979274611398985,350.79863481228676,219.12538860103626,7.863481228668945,14.32538860103628,358.6621160409557,233.45077720207254,112.64742435763688,16.3416980636753,1.8217616580310887,153.3378839590443,False,True,small,GF1_WFV1_E120.0_N36.3_20200423_L2A0004760887,WFV1,2020-04-23
GF1_WFV1_E120.0_N36.3_20200423_L2A0004760887_13824_8704.png,0,1,0,0.2666015625,0.0615234375,0.037109375,0.029296875,127.0,24.0,19.0,15.0,146.0,39.0,285.0,24.20743687382041,1.2666666666666666,24.0,False,True,small,GF1_WFV1_E120.0_N36.3_20200423_L2A0004760887,WFV1,2020-04-23
GF1_WFV1_E120.0_N36.3_20200423_L2A0004760887_13824_8704.png,1,2,0,0.92578125,0.8037109375,0.04296875,0.029296875,463.0,404.0,22.0,15.0,485.0,419.0,330.0,26.627053911388696,1.4666666666666666,27.0,False,True,small,GF1_WFV1_E120.0_N36.3_20200423_L2A0004760887,WFV1,2020-04-23
GF1_WFV1_E120.0_N36.3_20200423_L2A0004760887_13824_9216.png,0,1,0,0.0830078125,0.23828125,0.033203125,0.04296875,34.0,111.0,17.0,22.0,51.0,133.0,374.0,27.80287754891569,1.2941176470588236,34.0,False,True,small,GF1_WFV1_E120.0_N36.3_20200423_L2A0004760887,WFV1,2020-04-23
GF1_WFV1_E120.0_N36.3_20200423_L2A0004760887_14336_10240.png,0,1,0,0.17578125,0.55078125,0.0625,0.04296875,74.0,271.0,32.0,22.0,106.0,293.0,704.0,38.8329756778952,1.4545454545454546,74.0,False,True,small,GF1_WFV1_E120.0_N36.3_20200423_L2A0004760887,WFV1,2020-04-23
GF1_WFV1_E120.0_N36.3_20200423_L2A0004760887_14336_10240.png,1,2,0,0.6494140625,0.3759765625,0.048828125,0.033203125,320.0,184.0,25.0,17.0,345.0,201.0,425.0,30.23243291566195,1.4705882352941178,167.0,False,True,small,GF1_WFV1_E120.0_N36.3_20200423_L2A0004760887,WFV1,2020-04-23
GF1_WFV1_E120.0_N36.3_20200423_L2A0004760887_14336_10240.png,2,3,0,0.9365234375,0.3828125,0.064453125,0.04296875,463.0,185.0,33.0,22.0,496.0,207.0,726.0,39.66106403010388,1.5,16.0,False,True,small,GF1_WFV1_E120.0_N36.3_20200423_L2A0004760887,WFV1,2020-04-23
GF1_WFV1_E120.0_N36.3_20200423_L2A0004760887_14336_10240.png,3,4,0,0.5126953125,0.8515625,0.052734375,0.02734375,249.0,429.0,27.0,14.0,276.0,443.0,378.0,30.4138126514911,1.9285714285714286,69.0,False,True,small,GF1_WFV1_E120.0_N36.3_20200423_L2A0004760887,WFV1,2020-04-23
GF1_WFV1_E120.0_N36.3_20200423_L2A0004760887_14336_10752.png,0,1,0,0.6591796875,0.033203125,0.056640625,0.03515625,323.0,8.0,29.0,18.0,352.0,26.0,522.0,34.132096331752024,1.6111111111111112,8.0,False,True,small,GF1_WFV1_E120.0_N36.3_20200423_L2A0004760887,WFV1,2020-04-23
GF1_WFV1_E120.0_N36.3_20200423_L2A0004760887_14336_10752.png,1,2,0,0.0380859375,0.6630859375,0.068359375,0.044921875,2.0,328.0,35.0,23.0,37.0,351.0,805.0,41.88078318274385,1.5217391304347827,2.0,False,True,small,GF1_WFV1_E120.0_N36.3_20200423_L2A0004760887,WFV1,2020-04-23
GF1_WFV1_E120.0_N36.3_20200423_L2A0004760887_14336_10752.png,2,3,0,0.36328125,0.984375,0.0703125,0.02734375,168.0,497.0,36.0,14.0,204.0,511.0,504.0,38.62641583165593,2.5714285714285716,1.0,False,True,small,GF1_WFV1_E120.0_N36.3_20200423_L2A0004760887,WFV1,2020-04-23
GF1_WFV1_E120.0_N36.3_20200423_L2A0004760887_14336_10752.png,3,4,0,0.5888671875,0.2744140625,0.041015625,0.033203125,291.0,132.0,21.0,17.0,312.0,149.0,357.0,27.018512172212592,1.2352941176470589,132.0,False,True,small,GF1_WFV1_E120.0_N36.3_20200423_L2A0004760887,WFV1,2020-04-23
GF1_WFV1_E120.0_N36.3_20200423_L2A0004760887_14336_10752.png,4,5,0,0.169921875,0.373046875,0.03515625,0.0390625,78.0,181.0,18.0,20.0,96.0,201.0,360.0,26.90724809414742,1.1111111111111112,78.0,False,True,small,GF1_WFV1_E120.0_N36.3_20200423_L2A0004760887,WFV1,2020-04-23
GF1_WFV1_E120.0_N36.3_20200423_L2A0004760887_14336_11264.png,0,1,0,0.232421875,0.1953125,0.0546875,0.03125,105.0,92.0,28.0,16.0,133.0,108.0,448.0,32.2490309931942,1.75,92.0,False,True,small,GF1_WFV1_E120.0_N36.3_20200423_L2A0004760887,WFV1,2020-04-23
GF1_WFV1_E120.0_N36.3_20200423_L2A0004760887_14336_11776.png,0,1,0,0.2919921875,0.974609375,0.048828125,0.046875,137.0,487.0,25.0,24.0,162.0,511.0,600.0,34.655446902326915,1.0416666666666667,1.0,False,True,small,GF1_WFV1_E120.0_N36.3_20200423_L2A0004760887,WFV1,2020-04-23
GF1_WFV1_E120.0_N36.3_20200423_L2A0004760887_14336_14696.png,0,1,0,0.4140625,0.1171875,0.0703125,0.03515625,194.0,51.0,36.0,18.0,230.0,69.0,648.0,40.24922359499622,2.0,51.0,False,True,small,GF1_WFV1_E120.0_N36.3_20200423_L2A0004760887,WFV1,2020-04-23
GF1_WFV1_E120.0_N36.3_20200423_L2A0004760887_14336_6144.png,0,1,0,0.3681640625,0.3310546875,0.021484375,0.037109375,183.0,160.0,11.0,19.0,194.0,179.0,209.0,21.95449840010015,1.7272727272727273,160.0,False,True,small,GF1_WFV1_E120.0_N36.3_20200423_L2A0004760887,WFV1,2020-04-23
GF1_WFV1_E120.0_N36.3_20200423_L2A0004760887_14336_6656.png,0,1,0,0.6708984375,0.4619140625,0.060546875,0.033203125,328.0,228.0,31.0,17.0,359.0,245.0,527.0,35.35533905932738,1.8235294117647058,153.0,False,True,small,GF1_WFV1_E120.0_N36.3_20200423_L2A0004760887,WFV1,2020-04-23
GF1_WFV1_E120.0_N36.3_20200423_L2A0004760887_14336_7680.png,0,1,0,0.818359375,0.8818359375,0.03125,0.025390625,411.0,445.0,16.0,13.0,427.0,458.0,208.0,20.615528128088304,1.2307692307692308,54.0,False,True,small,GF1_WFV1_E120.0_N36.3_20200423_L2A0004760887,WFV1,2020-04-23
GF1_WFV1_E120.0_N36.3_20200423_L2A0004760887_14336_9216.png,0,1,0,0.21075085324232082,0.02383419689119171,0.015358361774744034,0.012435233160621763,103.97269624573379,9.019689119170984,7.863481228668945,6.366839378238343,111.83617747440273,15.386528497409326,50.065521936727464,10.117854550343925,1.235068259385666,9.019689119170984,False,True,small,GF1_WFV1_E120.0_N36.3_20200423_L2A0004760887,WFV1,2020-04-23
GF1_WFV1_E120.0_N36.3_20200423_L2A0004760887_14336_9216.png,1,2,0,0.3246587030716723,0.0383419689119171,0.0213310580204778,0.014507772020725389,160.76450511945393,15.917098445595856,10.921501706484634,7.427979274611399,171.68600682593856,23.345077720207257,81.12468832340089,13.208106436155155,1.4703193564115056,15.917098445595856,False,True,small,GF1_WFV1_E120.0_N36.3_20200423_L2A0004760887,WFV1,2020-04-23
GF1_WFV1_E120.0_N36.3_20200423_L2A0004760887_14848_10752.png,0,1,0,0.244140625,0.7314453125,0.0546875,0.041015625,111.0,364.0,28.0,21.0,139.0,385.0,588.0,35.0,1.3333333333333333,111.0,False,True,small,GF1_WFV1_E120.0_N36.3_20200423_L2A0004760887,WFV1,2020-04-23
GF1_WFV1_E120.0_N36.3_20200423_L2A0004760887_14848_11264.png,0,1,0,0.802734375,0.3740234375,0.0546875,0.041015625,397.0,181.0,28.0,21.0,425.0,202.0,588.0,35.0,1.3333333333333333,87.0,False,True,small,GF1_WFV1_E120.0_N36.3_20200423_L2A0004760887,WFV1,2020-04-23
GF1_WFV1_E120.0_N36.3_20200423_L2A0004760887_14848_11264.png,1,2,0,0.0595703125,0.4384765625,0.029296875,0.033203125,23.0,216.0,15.0,17.0,38.0,233.0,255.0,22.67156809750927,1.1333333333333333,23.0,False,True,small,GF1_WFV1_E120.0_N36.3_20200423_L2A0004760887,WFV1,2020-04-23
GF1_WFV1_E120.0_N36.3_20200423_L2A0004760887_14848_11264.png,2,3,0,0.78125,0.9306640625,0.08203125,0.029296875,379.0,469.0,42.0,15.0,421.0,484.0,630.0,44.598206241955516,2.8,28.0,False,True,small,GF1_WFV1_E120.0_N36.3_20200423_L2A0004760887,WFV1,2020-04-23
GF1_WFV1_E120.0_N36.3_20200423_L2A0004760887_14848_11776.png,0,1,0,0.7001953125,0.296875,0.095703125,0.046875,334.0,140.0,49.0,24.0,383.0,164.0,1176.0,54.56189146281496,2.0416666666666665,129.0,False,True,medium,GF1_WFV1_E120.0_N36.3_20200423_L2A0004760887,WFV1,2020-04-23
GF1_WFV1_E120.0_N36.3_20200423_L2A0004760887_14848_11776.png,1,2,0,0.5966796875,0.703125,0.060546875,0.04296875,290.0,349.0,31.0,22.0,321.0,371.0,682.0,38.01315561749642,1.4090909090909092,141.0,False,True,small,GF1_WFV1_E120.0_N36.3_20200423_L2A0004760887,WFV1,2020-04-23
GF1_WFV1_E120.0_N36.3_20200423_L2A0004760887_14848_11776.png,2,3,0,0.9033203125,0.7197265625,0.076171875,0.037109375,443.0,359.0,39.0,19.0,482.0,378.0,741.0,43.382023926967726,2.0526315789473686,30.0,False,True,small,GF1_WFV1_E120.0_N36.3_20200423_L2A0004760887,WFV1,2020-04-23
GF1_WFV1_E120.0_N36.3_20200423_L2A0004760887_14848_12288.png,0,1,0,0.1689453125,0.7431640625,0.048828125,0.037109375,74.0,371.0,25.0,19.0,99.0,390.0,475.0,31.400636936215164,1.3157894736842106,74.0,False,True,small,GF1_WFV1_E120.0_N36.3_20200423_L2A0004760887,WFV1,2020-04-23
GF1_WFV1_E120.0_N36.3_20200423_L2A0004760887_14848_12288.png,1,2,0,0.2216796875,0.759765625,0.041015625,0.03125,103.0,381.0,21.0,16.0,124.0,397.0,336.0,26.40075756488817,1.3125,103.0,False,True,small,GF1_WFV1_E120.0_N36.3_20200423_L2A0004760887,WFV1,2020-04-23
GF1_WFV1_E120.0_N36.3_20200423_L2A0004760887_14848_14696.png,0,1,0,0.228515625,0.541015625,0.0390625,0.03515625,107.0,268.0,20.0,18.0,127.0,286.0,360.0,26.90724809414742,1.1111111111111112,107.0,False,True,small,GF1_WFV1_E120.0_N36.3_20200423_L2A0004760887,WFV1,2020-04-23
GF1_WFV1_E120.0_N36.3_20200423_L2A0004760887_14848_14696.png,1,2,0,0.2353515625,0.6962890625,0.037109375,0.029296875,111.0,349.0,19.0,15.0,130.0,364.0,285.0,24.20743687382041,1.2666666666666666,111.0,False,True,small,GF1_WFV1_E120.0_N36.3_20200423_L2A0004760887,WFV1,2020-04-23
GF1_WFV1_E120.0_N36.3_20200423_L2A0004760887_14848_5632.png,0,1,0,0.294921875,0.9384765625,0.046875,0.029296875,139.0,473.0,24.0,15.0,163.0,488.0,360.0,28.30194339616981,1.6,24.0,False,True,small,GF1_WFV1_E120.0_N36.3_20200423_L2A0004760887,WFV1,2020-04-23
GF1_WFV1_E120.0_N36.3_20200423_L2A0004760887_14848_7168.png,0,1,0,0.5751953125,0.359375,0.044921875,0.0390625,283.0,174.0,23.0,20.0,306.0,194.0,460.0,30.479501308256342,1.15,174.0,False,True,small,GF1_WFV1_E120.0_N36.3_20200423_L2A0004760887,WFV1,2020-04-23
GF1_WFV1_E120.0_N36.3_20200423_L2A0004760887_14848_7168.png,1,2,0,0.5478515625,0.7470703125,0.056640625,0.029296875,266.0,375.0,29.0,15.0,295.0,390.0,435.0,32.64965543462902,1.9333333333333333,122.0,False,True,small,GF1_WFV1_E120.0_N36.3_20200423_L2A0004760887,WFV1,2020-04-23
GF1_WFV1_E120.0_N36.3_20200423_L2A0004760887_14848_7680.png,0,1,0,0.953125,0.06640625,0.03515625,0.0390625,479.0,24.0,18.0,20.0,497.0,44.0,360.0,26.90724809414742,1.1111111111111112,15.0,False,True,small,GF1_WFV1_E120.0_N36.3_20200423_L2A0004760887,WFV1,2020-04-23
GF1_WFV1_E120.0_N36.3_20200423_L2A0004760887_14848_7680.png,1,2,0,0.06640625,0.77734375,0.0390625,0.02734375,24.0,391.0,20.0,14.0,44.0,405.0,280.0,24.413111231467404,1.4285714285714286,24.0,False,True,small,GF1_WFV1_E120.0_N36.3_20200423_L2A0004760887,WFV1,2020-04-23
GF1_WFV1_E120.0_N36.3_20200423_L2A0004760887_14848_8192.png,0,1,0,0.39453125,0.7236328125,0.046875,0.033203125,190.0,362.0,24.0,17.0,214.0,379.0,408.0,29.410882339705484,1.411764705882353,133.0,False,True,small,GF1_WFV1_E120.0_N36.3_20200423_L2A0004760887,WFV1,2020-04-23
GF1_WFV1_E120.0_N36.3_20200423_L2A0004760887_14848_9216.png,0,1,0,0.2900390625,0.26171875,0.083984375,0.0390625,127.0,124.0,43.0,20.0,170.0,144.0,860.0,47.4236228055175,2.15,124.0,False,True,small,GF1_WFV1_E120.0_N36.3_20200423_L2A0004760887,WFV1,2020-04-23
GF1_WFV1_E120.0_N36.3_20200423_L2A0004760887_14848_9216.png,1,2,0,0.07421875,0.32421875,0.0390625,0.03515625,28.0,157.0,20.0,18.0,48.0,175.0,360.0,26.90724809414742,1.1111111111111112,28.0,False,True,small,GF1_WFV1_E120.0_N36.3_20200423_L2A0004760887,WFV1,2020-04-23
GF1_WFV1_E120.0_N36.3_20200423_L2A0004760887_14973_10752.png,0,1,0,0.0166015625,0.7314453125,0.029296875,0.041015625,1.0,364.0,15.0,21.0,16.0,385.0,315.0,25.80697580112788,1.4,1.0,False,True,small,GF1_WFV1_E120.0_N36.3_20200423_L2A0004760887,WFV1,2020-04-23
GF1_WFV1_E120.0_N36.3_20200423_L2A0004760887_14973_11264.png,0,1,0,0.533203125,0.9306640625,0.07421875,0.029296875,254.0,469.0,38.0,15.0,292.0,484.0,570.0,40.85339643163099,2.533333333333333,28.0,False,True,small,GF1_WFV1_E120.0_N36.3_20200423_L2A0004760887,WFV1,2020-04-23
GF1_WFV1_E120.0_N36.3_20200423_L2A0004760887_14973_11264.png,1,2,0,0.55859375,0.376953125,0.0546875,0.03515625,272.0,184.0,28.0,18.0,300.0,202.0,504.0,33.28663395418648,1.5555555555555556,184.0,False,True,small,GF1_WFV1_E120.0_N36.3_20200423_L2A0004760887,WFV1,2020-04-23
GF1_WFV1_E120.0_N36.3_20200423_L2A0004760887_14973_11776.png,0,1,0,0.4541015625,0.2978515625,0.080078125,0.041015625,212.0,142.0,41.0,21.0,253.0,163.0,861.0,46.06517122512408,1.9523809523809523,142.0,False,True,small,GF1_WFV1_E120.0_N36.3_20200423_L2A0004760887,WFV1,2020-04-23
GF1_WFV1_E120.0_N36.3_20200423_L2A0004760887_14973_11776.png,1,2,0,0.66015625,0.720703125,0.08203125,0.0390625,317.0,359.0,42.0,20.0,359.0,379.0,840.0,46.51881339845203,2.1,133.0,False,True,small,GF1_WFV1_E120.0_N36.3_20200423_L2A0004760887,WFV1,2020-04-23
GF1_WFV1_E120.0_N36.3_20200423_L2A0004760887_14973_11776.png,2,3,0,0.3515625,0.7021484375,0.0625,0.037109375,164.0,350.0,32.0,19.0,196.0,369.0,608.0,37.21558813185679,1.6842105263157894,143.0,False,True,small,GF1_WFV1_E120.0_N36.3_20200423_L2A0004760887,WFV1,2020-04-23
GF1_WFV1_E120.0_N36.3_20200423_L2A0004760887_14973_5632.png,0,1,0,0.0498046875,0.943359375,0.033203125,0.03125,17.0,475.0,17.0,16.0,34.0,491.0,272.0,23.345235059857504,1.0625,17.0,False,True,small,GF1_WFV1_E120.0_N36.3_20200423_L2A0004760887,WFV1,2020-04-23
GF1_WFV1_E120.0_N36.3_20200423_L2A0004760887_14973_6144.png,0,1,0,0.90234375,0.2998046875,0.0390625,0.041015625,452.0,143.0,20.0,21.0,472.0,164.0,420.0,29.0,1.05,40.0,False,True,small,GF1_WFV1_E120.0_N36.3_20200423_L2A0004760887,WFV1,2020-04-23
GF1_WFV1_E120.0_N36.3_20200423_L2A0004760887_14973_6144.png,1,2,0,0.8369140625,0.8681640625,0.033203125,0.037109375,420.0,435.0,17.0,19.0,437.0,454.0,323.0,25.495097567963924,1.1176470588235294,58.0,False,True,small,GF1_WFV1_E120.0_N36.3_20200423_L2A0004760887,WFV1,2020-04-23
GF1_WFV1_E120.0_N36.3_20200423_L2A0004760887_14973_6656.png,0,1,0,0.9404296875,0.193359375,0.029296875,0.046875,474.0,87.0,15.0,24.0,489.0,111.0,360.0,28.30194339616981,1.6,23.0,False,True,small,GF1_WFV1_E120.0_N36.3_20200423_L2A0004760887,WFV1,2020-04-23
GF1_WFV1_E120.0_N36.3_20200423_L2A0004760887_14973_7168.png,0,1,0,0.3291015625,0.3583984375,0.048828125,0.033203125,156.0,175.0,25.0,17.0,181.0,192.0,425.0,30.23243291566195,1.4705882352941178,156.0,False,True,small,GF1_WFV1_E120.0_N36.3_20200423_L2A0004760887,WFV1,2020-04-23
GF1_WFV1_E120.0_N36.3_20200423_L2A0004760887_14973_7168.png,1,2,0,0.29296875,0.7451171875,0.0546875,0.041015625,136.0,371.0,28.0,21.0,164.0,392.0,588.0,35.0,1.3333333333333333,120.0,False,True,small,GF1_WFV1_E120.0_N36.3_20200423_L2A0004760887,WFV1,2020-04-23
GF1_WFV1_E120.0_N36.3_20200423_L2A0004760887_14973_7680.png,0,1,0,0.708984375,0.0634765625,0.03125,0.033203125,355.0,24.0,16.0,17.0,371.0,41.0,272.0,23.345235059857504,1.0625,24.0,False,True,small,GF1_WFV1_E120.0_N36.3_20200423_L2A0004760887,WFV1,2020-04-23
GF1_WFV1_E120.0_N36.3_20200423_L2A0004760887_14973_8192.png,0,1,0,0.150390625,0.72265625,0.05859375,0.0390625,62.0,360.0,30.0,20.0,92.0,380.0,600.0,36.05551275463989,1.5,62.0,False,True,small,GF1_WFV1_E120.0_N36.3_20200423_L2A0004760887,WFV1,2020-04-23
GF1_WFV1_E120.0_N36.3_20200423_L2A0004760887_14973_9216.png,0,1,0,0.0478515625,0.259765625,0.080078125,0.0390625,4.0,123.0,41.0,20.0,45.0,143.0,820.0,45.617978911828175,2.05,4.0,False,True,small,GF1_WFV1_E120.0_N36.3_20200423_L2A0004760887,WFV1,2020-04-23
GF1_WFV1_E120.0_N36.3_20200423_L2A0004760887_15360_10752.png,0,1,0,0.51953125,0.1953125,0.05078125,0.0390625,253.0,90.0,26.0,20.0,279.0,110.0,520.0,32.802438933713454,1.3,90.0,False,True,small,GF1_WFV1_E120.0_N36.3_20200423_L2A0004760887,WFV1,2020-04-23
GF1_WFV1_E120.0_N36.3_20200423_L2A0004760887_15360_10752.png,1,2,0,0.5771484375,0.162109375,0.044921875,0.03515625,284.0,74.0,23.0,18.0,307.0,92.0,414.0,29.206163733020468,1.2777777777777777,74.0,False,True,small,GF1_WFV1_E120.0_N36.3_20200423_L2A0004760887,WFV1,2020-04-23
GF1_WFV1_E120.0_N36.3_20200423_L2A0004760887_15360_6144.png,0,1,0,0.7783203125,0.8720703125,0.037109375,0.044921875,389.0,435.0,19.0,23.0,408.0,458.0,437.0,29.832867780352597,1.2105263157894737,54.0,False,True,small,GF1_WFV1_E120.0_N36.3_20200423_L2A0004760887,WFV1,2020-04-23
GF1_WFV1_E120.0_N36.3_20200423_L2A0004760887_15360_6144.png,1,2,0,0.142578125,0.2978515625,0.03515625,0.037109375,64.0,143.0,18.0,19.0,82.0,162.0,342.0,26.1725046566048,1.0555555555555556,64.0,False,True,small,GF1_WFV1_E120.0_N36.3_20200423_L2A0004760887,WFV1,2020-04-23
GF1_WFV1_E120.0_N36.3_20200423_L2A0004760887_15360_6656.png,0,1,0,0.849609375,0.412109375,0.0546875,0.0390625,421.0,201.0,28.0,20.0,449.0,221.0,560.0,34.40930106817051,1.4,63.0,False,True,small,GF1_WFV1_E120.0_N36.3_20200423_L2A0004760887,WFV1,2020-04-23
GF1_WFV1_E120.0_N36.3_20200423_L2A0004760887_15360_6656.png,1,2,0,0.7724609375,0.5537109375,0.033203125,0.029296875,387.0,276.0,17.0,15.0,404.0,291.0,255.0,22.67156809750927,1.1333333333333333,108.0,False,True,small,GF1_WFV1_E120.0_N36.3_20200423_L2A0004760887,WFV1,2020-04-23
GF1_WFV1_E120.0_N36.3_20200423_L2A0004760887_15360_6656.png,2,3,0,0.1845703125,0.1982421875,0.021484375,0.037109375,89.0,92.0,11.0,19.0,100.0,111.0,209.0,21.95449840010015,1.7272727272727273,89.0,False,True,small,GF1_WFV1_E120.0_N36.3_20200423_L2A0004760887,WFV1,2020-04-23
GF1_WFV1_E120.0_N36.3_20200423_L2A0004760887_15360_7680.png,0,1,0,0.9658203125,0.16796875,0.037109375,0.03125,485.0,78.0,19.0,16.0,504.0,94.0,304.0,24.839484696748443,1.1875,8.0,False,True,small,GF1_WFV1_E120.0_N36.3_20200423_L2A0004760887,WFV1,2020-04-23
GF1_WFV1_E120.0_N36.3_20200423_L2A0004760887_15360_8192.png,0,1,0,0.390625,0.6689453125,0.046875,0.037109375,188.0,333.0,24.0,19.0,212.0,352.0,456.0,30.610455730027933,1.263157894736842,160.0,False,True,small,GF1_WFV1_E120.0_N36.3_20200423_L2A0004760887,WFV1,2020-04-23
GF1_WFV1_E120.0_N36.3_20200423_L2A0004760887_15485_10752.png,0,1,0,0.2783203125,0.19921875,0.033203125,0.03125,134.0,94.0,17.0,16.0,151.0,110.0,272.0,23.345235059857504,1.0625,94.0,False,True,small,GF1_WFV1_E120.0_N36.3_20200423_L2A0004760887,WFV1,2020-04-23
GF1_WFV1_E120.0_N36.3_20200423_L2A0004760887_15485_10752.png,1,2,0,0.3291015625,0.1640625,0.037109375,0.03125,159.0,76.0,19.0,16.0,178.0,92.0,304.0,24.839484696748443,1.1875,76.0,False,True,small,GF1_WFV1_E120.0_N36.3_20200423_L2A0004760887,WFV1,2020-04-23
GF1_WFV1_E120.0_N36.3_20200423_L2A0004760887_15485_5120.png,0,1,0,0.2724609375,0.369140625,0.037109375,0.0234375,130.0,183.0,19.0,12.0,149.0,195.0,228.0,22.47220505424423,1.5833333333333333,130.0,False,True,small,GF1_WFV1_E120.0_N36.3_20200423_L2A0004760887,WFV1,2020-04-23
GF1_WFV1_E120.0_N36.3_20200423_L2A0004760887_15485_5632.png,0,1,0,0.896484375,0.12109375,0.02734375,0.04296875,452.0,51.0,14.0,22.0,466.0,73.0,308.0,26.076809620810597,1.5714285714285714,46.0,False,True,small,GF1_WFV1_E120.0_N36.3_20200423_L2A0004760887,WFV1,2020-04-23
GF1_WFV1_E120.0_N36.3_20200423_L2A0004760887_15485_6144.png,0,1,0,0.8916015625,0.0810546875,0.037109375,0.044921875,447.0,30.0,19.0,23.0,466.0,53.0,437.0,29.832867780352597,1.2105263157894737,30.0,False,True,small,GF1_WFV1_E120.0_N36.3_20200423_L2A0004760887,WFV1,2020-04-23
GF1_WFV1_E120.0_N36.3_20200423_L2A0004760887_15485_6144.png,1,2,0,0.5322265625,0.876953125,0.025390625,0.04296875,266.0,438.0,13.0,22.0,279.0,460.0,286.0,25.553864678361276,1.6923076923076923,52.0,False,True,small,GF1_WFV1_E120.0_N36.3_20200423_L2A0004760887,WFV1,2020-04-23
GF1_WFV1_E120.0_N36.3_20200423_L2A0004760887_15485_6656.png,0,1,0,0.7548828125,0.8564453125,0.029296875,0.041015625,379.0,428.0,15.0,21.0,394.0,449.0,315.0,25.80697580112788,1.4,63.0,False,True,small,GF1_WFV1_E120.0_N36.3_20200423_L2A0004760887,WFV1,2020-04-23
GF1_WFV1_E120.0_N36.3_20200423_L2A0004760887_15485_6656.png,1,2,0,0.8984375,0.33203125,0.04296875,0.046875,449.0,158.0,22.0,24.0,471.0,182.0,528.0,32.55764119219941,1.0909090909090908,41.0,False,True,small,GF1_WFV1_E120.0_N36.3_20200423_L2A0004760887,WFV1,2020-04-23
GF1_WFV1_E120.0_N36.3_20200423_L2A0004760887_15485_6656.png,2,3,0,0.6171875,0.4111328125,0.05859375,0.041015625,301.0,200.0,30.0,21.0,331.0,221.0,630.0,36.61966684720111,1.4285714285714286,181.0,False,True,small,GF1_WFV1_E120.0_N36.3_20200423_L2A0004760887,WFV1,2020-04-23
GF1_WFV1_E120.0_N36.3_20200423_L2A0004760887_15485_6656.png,3,4,0,0.490234375,0.189453125,0.03125,0.03125,243.0,89.0,16.0,16.0,259.0,105.0,256.0,22.627416997969522,1.0,89.0,False,True,small,GF1_WFV1_E120.0_N36.3_20200423_L2A0004760887,WFV1,2020-04-23
GF1_WFV1_E120.0_N36.3_20200423_L2A0004760887_15485_6656.png,4,5,0,0.5322265625,0.55078125,0.041015625,0.03125,262.0,274.0,21.0,16.0,283.0,290.0,336.0,26.40075756488817,1.3125,222.0,False,True,small,GF1_WFV1_E120.0_N36.3_20200423_L2A0004760887,WFV1,2020-04-23
GF1_WFV1_E120.0_N36.3_20200423_L2A0004760887_15485_7168.png,0,1,0,0.97265625,0.3837890625,0.04296875,0.037109375,487.0,187.0,22.0,19.0,509.0,206.0,418.0,29.068883707497267,1.1578947368421053,3.0,False,True,small,GF1_WFV1_E120.0_N36.3_20200423_L2A0004760887,WFV1,2020-04-23
GF1_WFV1_E120.0_N36.3_20200423_L2A0004760887_15485_7168.png,1,2,0,0.8994140625,0.28125,0.037109375,0.04296875,451.0,133.0,19.0,22.0,470.0,155.0,418.0,29.068883707497267,1.1578947368421053,42.0,False,True,small,GF1_WFV1_E120.0_N36.3_20200423_L2A0004760887,WFV1,2020-04-23
GF1_WFV1_E120.0_N36.3_20200423_L2A0004760887_15485_7680.png,0,1,0,0.7236328125,0.16796875,0.044921875,0.03125,359.0,78.0,23.0,16.0,382.0,94.0,368.0,28.0178514522438,1.4375,78.0,False,True,small,GF1_WFV1_E120.0_N36.3_20200423_L2A0004760887,WFV1,2020-04-23
GF1_WFV1_E120.0_N36.3_20200423_L2A0004760887_15485_8192.png,0,1,0,0.1474609375,0.6689453125,0.044921875,0.033203125,64.0,334.0,23.0,17.0,87.0,351.0,391.0,28.600699292150182,1.3529411764705883,64.0,False,True,small,GF1_WFV1_E120.0_N36.3_20200423_L2A0004760887,WFV1,2020-04-23
GF1_WFV1_E120.0_N36.3_20200423_L2A0004760887_15485_8192.png,1,2,0,0.8203125,0.7109375,0.0390625,0.04296875,410.0,353.0,20.0,22.0,430.0,375.0,440.0,29.732137494637012,1.1,82.0,False,True,small,GF1_WFV1_E120.0_N36.3_20200423_L2A0004760887,WFV1,2020-04-23
GF1_WFV1_E120.0_N36.3_20200423_L2A0004760887_15485_8192.png,2,3,0,0.7861328125,0.5205078125,0.033203125,0.033203125,394.0,258.0,17.0,17.0,411.0,275.0,289.0,24.041630560342615,1.0,101.0,False,True,small,GF1_WFV1_E120.0_N36.3_20200423_L2A0004760887,WFV1,2020-04-23
GF1_WFV1_E120.0_N36.3_20200423_L2A0004760887_15485_8704.png,0,1,0,0.845703125,0.171875,0.0546875,0.04296875,419.0,77.0,28.0,22.0,447.0,99.0,616.0,35.608987629529715,1.2727272727272727,65.0,False,True,small,GF1_WFV1_E120.0_N36.3_20200423_L2A0004760887,WFV1,2020-04-23
GF1_WFV1_E120.0_N36.3_20200423_L2A0004760887_15872_5632.png,0,1,0,0.1416015625,0.1220703125,0.029296875,0.052734375,65.0,49.0,15.0,27.0,80.0,76.0,405.0,30.886890422961002,1.8,49.0,False,True,small,GF1_WFV1_E120.0_N36.3_20200423_L2A0004760887,WFV1,2020-04-23
GF1_WFV1_E120.0_N36.3_20200423_L2A0004760887_15872_6144.png,0,1,0,0.1416015625,0.0791015625,0.041015625,0.048828125,62.0,28.0,21.0,25.0,83.0,53.0,525.0,32.64965543462902,1.1904761904761905,28.0,False,True,small,GF1_WFV1_E120.0_N36.3_20200423_L2A0004760887,WFV1,2020-04-23
GF1_WFV1_E120.0_N36.3_20200423_L2A0004760887_15872_6144.png,1,2,0,0.9814453125,0.4375,0.017578125,0.03515625,498.0,215.0,9.0,18.0,507.0,233.0,162.0,20.12461179749811,2.0,5.0,False,True,small,GF1_WFV1_E120.0_N36.3_20200423_L2A0004760887,WFV1,2020-04-23
GF1_WFV1_E120.0_N36.3_20200423_L2A0004760887_15872_6656.png,0,1,0,0.1416015625,0.3330078125,0.037109375,0.044921875,63.0,159.0,19.0,23.0,82.0,182.0,437.0,29.832867780352597,1.2105263157894737,63.0,False,True,small,GF1_WFV1_E120.0_N36.3_20200423_L2A0004760887,WFV1,2020-04-23
GF1_WFV1_E120.0_N36.3_20200423_L2A0004760887_15872_6656.png,1,2,0,0.0078125,0.85546875,0.015625,0.04296875,0.0,427.0,8.0,22.0,8.0,449.0,176.0,23.40939982143925,2.75,0.0,True,True,small,GF1_WFV1_E120.0_N36.3_20200423_L2A0004760887,WFV1,2020-04-23
GF1_WFV1_E120.0_N36.3_20200423_L2A0004760887_15872_7168.png,0,1,0,0.1484375,0.2802734375,0.0390625,0.037109375,66.0,134.0,20.0,19.0,86.0,153.0,380.0,27.586228448267445,1.0526315789473684,66.0,False,True,small,GF1_WFV1_E120.0_N36.3_20200423_L2A0004760887,WFV1,2020-04-23
GF1_WFV1_E120.0_N36.3_20200423_L2A0004760887_15872_7168.png,1,2,0,0.216796875,0.3828125,0.03515625,0.03515625,102.0,187.0,18.0,18.0,120.0,205.0,324.0,25.45584412271571,1.0,102.0,False,True,small,GF1_WFV1_E120.0_N36.3_20200423_L2A0004760887,WFV1,2020-04-23
GF1_WFV1_E120.0_N36.3_20200423_L2A0004760887_15872_7168.png,2,3,0,0.443359375,0.6240234375,0.04296875,0.044921875,216.0,308.0,22.0,23.0,238.0,331.0,506.0,31.827660925679098,1.0454545454545454,181.0,False,True,small,GF1_WFV1_E120.0_N36.3_20200423_L2A0004760887,WFV1,2020-04-23
GF1_WFV1_E120.0_N36.3_20200423_L2A0004760887_15872_8192.png,0,1,0,0.03125,0.517578125,0.03125,0.02734375,8.0,258.0,16.0,14.0,24.0,272.0,224.0,21.2602916254693,1.1428571428571428,8.0,False,True,small,GF1_WFV1_E120.0_N36.3_20200423_L2A0004760887,WFV1,2020-04-23
GF1_WFV1_E120.0_N36.3_20200423_L2A0004760887_15872_8192.png,1,2,0,0.06640625,0.708984375,0.0390625,0.04296875,24.0,352.0,20.0,22.0,44.0,374.0,440.0,29.732137494637012,1.1,24.0,False,True,small,GF1_WFV1_E120.0_N36.3_20200423_L2A0004760887,WFV1,2020-04-23
GF1_WFV1_E120.0_N36.3_20200423_L2A0004760887_15872_8704.png,0,1,0,0.095703125,0.169921875,0.0390625,0.04296875,39.0,76.0,20.0,22.0,59.0,98.0,440.0,29.732137494637012,1.1,39.0,False,True,small,GF1_WFV1_E120.0_N36.3_20200423_L2A0004760887,WFV1,2020-04-23
GF1_WFV1_E120.0_N36.3_20200423_L2A0004760887_15997_6144.png,0,1,0,0.73828125,0.4404296875,0.0234375,0.048828125,372.0,213.0,12.0,25.0,384.0,238.0,300.0,27.730849247724095,2.0833333333333335,128.0,False,True,small,GF1_WFV1_E120.0_N36.3_20200423_L2A0004760887,WFV1,2020-04-23
GF1_WFV1_E120.0_N36.3_20200423_L2A0004760887_15997_7168.png,0,1,0,0.203125,0.626953125,0.046875,0.0390625,92.0,311.0,24.0,20.0,116.0,331.0,480.0,31.240998703626616,1.2,92.0,False,True,small,GF1_WFV1_E120.0_N36.3_20200423_L2A0004760887,WFV1,2020-04-23
GF1_WFV1_E120.0_N36.3_20200423_L2A0004760887_3072_1024.png,0,1,0,0.9501953125,0.08203125,0.052734375,0.02734375,473.0,35.0,27.0,14.0,500.0,49.0,378.0,30.4138126514911,1.9285714285714286,12.0,False,True,small,GF1_WFV1_E120.0_N36.3_20200423_L2A0004760887,WFV1,2020-04-23
GF1_WFV1_E120.0_N36.3_20200423_L2A0004760887_4096_512.png,0,1,0,0.55859375,0.4521484375,0.0546875,0.041015625,272.0,221.0,28.0,21.0,300.0,242.0,588.0,35.0,1.3333333333333333,212.0,False,True,small,GF1_WFV1_E120.0_N36.3_20200423_L2A0004760887,WFV1,2020-04-23
GF1_WFV1_E120.0_N36.3_20200423_L2A0004760887_4096_512.png,1,2,0,0.80078125,0.2705078125,0.05078125,0.044921875,397.0,127.0,26.0,23.0,423.0,150.0,598.0,34.713109915419565,1.1304347826086956,89.0,False,True,small,GF1_WFV1_E120.0_N36.3_20200423_L2A0004760887,WFV1,2020-04-23
GF1_WFV1_E120.0_N36.3_20200423_L2A0004760887_4096_512.png,2,3,0,0.97265625,0.6318359375,0.0390625,0.037109375,488.0,314.0,20.0,19.0,508.0,333.0,380.0,27.586228448267445,1.0526315789473684,4.0,False,True,small,GF1_WFV1_E120.0_N36.3_20200423_L2A0004760887,WFV1,2020-04-23
GF1_WFV1_E120.0_N36.3_20200423_L2A0004760887_4608_512.png,0,1,0,0.0419921875,0.0302734375,0.052734375,0.044921875,8.0,4.0,27.0,23.0,35.0,27.0,621.0,35.4682957019364,1.173913043478261,4.0,False,True,small,GF1_WFV1_E120.0_N36.3_20200423_L2A0004760887,WFV1,2020-04-23
GF1_WFV1_E120.0_N36.3_20200423_L2A0004760887_4608_512.png,1,2,0,0.2783203125,0.5634765625,0.044921875,0.033203125,131.0,280.0,23.0,17.0,154.0,297.0,391.0,28.600699292150182,1.3529411764705883,131.0,False,True,small,GF1_WFV1_E120.0_N36.3_20200423_L2A0004760887,WFV1,2020-04-23
GF1_WFV1_E120.0_N36.3_20200423_L2A0004760887_4608_512.png,2,3,0,0.68359375,0.4833984375,0.046875,0.033203125,338.0,239.0,24.0,17.0,362.0,256.0,408.0,29.410882339705484,1.411764705882353,150.0,False,True,small,GF1_WFV1_E120.0_N36.3_20200423_L2A0004760887,WFV1,2020-04-23
GF1_WFV1_E120.0_N36.3_20200423_L2A0004760887_4608_512.png,3,4,0,0.7509765625,0.4580078125,0.041015625,0.041015625,374.0,224.0,21.0,21.0,395.0,245.0,441.0,29.698484809834994,1.0,117.0,False,True,small,GF1_WFV1_E120.0_N36.3_20200423_L2A0004760887,WFV1,2020-04-23
GF1_WFV1_E120.0_N36.3_20200423_L2A0004760887_4608_512.png,4,5,0,0.5516211604095563,0.6409326424870466,0.019624573378839605,0.023834196891191706,277.4061433447099,322.0559585492228,10.047781569965878,12.203108808290153,287.4539249146758,334.25906735751295,122.61417178022607,15.807396340470326,1.2145077720207242,177.74093264248705,False,True,small,GF1_WFV1_E120.0_N36.3_20200423_L2A0004760887,WFV1,2020-04-23
GF1_WFV1_E120.0_N36.3_20200423_L2A0004760887_7680_12800.png,0,1,0,0.3330078125,0.4521484375,0.033203125,0.052734375,162.0,218.0,17.0,27.0,179.0,245.0,459.0,31.906112267087632,1.588235294117647,162.0,False,True,small,GF1_WFV1_E120.0_N36.3_20200423_L2A0004760887,WFV1,2020-04-23
GF1_WFV1_E120.0_N36.3_20200423_L2A0004760887_7680_12800.png,1,2,0,0.84375,0.1044921875,0.03125,0.056640625,424.0,39.0,16.0,29.0,440.0,68.0,464.0,33.12099032335839,1.8125,39.0,False,True,small,GF1_WFV1_E120.0_N36.3_20200423_L2A0004760887,WFV1,2020-04-23
GF1_WFV1_E120.0_N36.3_20200423_L2A0004760887_7680_12800.png,2,3,0,0.962890625,0.9130859375,0.0234375,0.033203125,487.0,459.0,12.0,17.0,499.0,476.0,204.0,20.808652046684813,1.4166666666666667,13.0,False,True,small,GF1_WFV1_E120.0_N36.3_20200423_L2A0004760887,WFV1,2020-04-23
GF1_WFV1_E120.0_N36.3_20200423_L2A0004760887_7680_12800.png,3,4,0,0.4921875,0.484375,0.03125,0.01953125,244.0,243.0,16.0,10.0,260.0,253.0,160.0,18.867962264113206,1.6,243.0,False,True,small,GF1_WFV1_E120.0_N36.3_20200423_L2A0004760887,WFV1,2020-04-23
GF1_WFV1_E120.0_N36.3_20200423_L2A0004760887_7680_12800.png,4,5,0,0.447265625,0.4970703125,0.01953125,0.033203125,224.0,246.0,10.0,17.0,234.0,263.0,170.0,19.72308292331602,1.7,224.0,False,True,small,GF1_WFV1_E120.0_N36.3_20200423_L2A0004760887,WFV1,2020-04-23
GF1_WFV1_E120.0_N36.3_20200423_L2A0004760887_7680_12800.png,5,6,0,0.3408203125,0.4931640625,0.021484375,0.029296875,169.0,245.0,11.0,15.0,180.0,260.0,165.0,18.601075237738275,1.3636363636363635,169.0,False,True,small,GF1_WFV1_E120.0_N36.3_20200423_L2A0004760887,WFV1,2020-04-23
GF1_WFV1_E120.0_N36.3_20200423_L2A0004760887_7680_13312.png,0,1,0,0.4541015625,0.9775390625,0.037109375,0.044921875,223.0,489.0,19.0,23.0,242.0,512.0,437.0,29.832867780352597,1.2105263157894737,0.0,True,True,small,GF1_WFV1_E120.0_N36.3_20200423_L2A0004760887,WFV1,2020-04-23
GF1_WFV1_E120.0_N36.3_20200423_L2A0004760887_7680_13824.png,0,1,0,0.3935546875,0.1005859375,0.041015625,0.048828125,191.0,39.0,21.0,25.0,212.0,64.0,525.0,32.64965543462902,1.1904761904761905,39.0,False,True,small,GF1_WFV1_E120.0_N36.3_20200423_L2A0004760887,WFV1,2020-04-23
GF1_WFV1_E120.0_N36.3_20200423_L2A0004760887_7680_13824.png,1,2,0,0.67578125,0.2880859375,0.046875,0.029296875,334.0,140.0,24.0,15.0,358.0,155.0,360.0,28.30194339616981,1.6,140.0,False,True,small,GF1_WFV1_E120.0_N36.3_20200423_L2A0004760887,WFV1,2020-04-23
GF1_WFV1_E120.0_N36.3_20200423_L2A0004760887_8192_13312.png,0,1,0,0.650390625,0.6787109375,0.0390625,0.033203125,323.0,339.0,20.0,17.0,343.0,356.0,340.0,26.248809496813376,1.1764705882352942,156.0,False,True,small,GF1_WFV1_E120.0_N36.3_20200423_L2A0004760887,WFV1,2020-04-23
GF1_WFV1_E120.0_N36.3_20200423_L2A0004760887_8192_13312.png,1,2,0,0.765625,0.59375,0.04296875,0.03125,381.0,296.0,22.0,16.0,403.0,312.0,352.0,27.202941017470888,1.375,109.0,False,True,small,GF1_WFV1_E120.0_N36.3_20200423_L2A0004760887,WFV1,2020-04-23
GF1_WFV1_E120.0_N36.3_20200423_L2A0004760887_8192_13312.png,2,3,0,0.98046875,0.544921875,0.0390625,0.03125,492.0,271.0,20.0,16.0,512.0,287.0,320.0,25.612496949731394,1.25,0.0,True,True,small,GF1_WFV1_E120.0_N36.3_20200423_L2A0004760887,WFV1,2020-04-23
GF1_WFV1_E120.0_N36.3_20200423_L2A0004760887_8192_13312.png,3,4,0,0.8896484375,0.658203125,0.044921875,0.03515625,444.0,328.0,23.0,18.0,467.0,346.0,414.0,29.206163733020468,1.2777777777777777,45.0,False,True,small,GF1_WFV1_E120.0_N36.3_20200423_L2A0004760887,WFV1,2020-04-23
GF1_WFV1_E120.0_N36.3_20200423_L2A0004760887_8192_13312.png,4,5,0,0.716796875,0.7900390625,0.0390625,0.029296875,357.0,397.0,20.0,15.0,377.0,412.0,300.0,25.0,1.3333333333333333,100.0,False,True,small,GF1_WFV1_E120.0_N36.3_20200423_L2A0004760887,WFV1,2020-04-23
GF1_WFV1_E120.0_N36.3_20200423_L2A0004760887_8192_13312.png,5,6,0,0.9296875,0.8193359375,0.05078125,0.033203125,463.0,411.0,26.0,17.0,489.0,428.0,442.0,31.064449134018133,1.5294117647058822,23.0,False,True,small,GF1_WFV1_E120.0_N36.3_20200423_L2A0004760887,WFV1,2020-04-23
GF1_WFV1_E120.0_N36.3_20200423_L2A0004760887_9216_11264.png,0,1,0,0.9169921875,0.283203125,0.056640625,0.04296875,455.0,134.0,29.0,22.0,484.0,156.0,638.0,36.40054944640259,1.3181818181818181,28.0,False,True,small,GF1_WFV1_E120.0_N36.3_20200423_L2A0004760887,WFV1,2020-04-23
GF1_WFV1_E120.0_N36.3_20200423_L2A0004760887_9216_11264.png,1,2,0,0.85546875,0.3623046875,0.05859375,0.041015625,423.0,175.0,30.0,21.0,453.0,196.0,630.0,36.61966684720111,1.4285714285714286,59.0,False,True,small,GF1_WFV1_E120.0_N36.3_20200423_L2A0004760887,WFV1,2020-04-23
GF1_WFV1_E120.0_N36.3_20200423_L2A0004760887_9216_11776.png,0,1,0,0.7041015625,0.9091796875,0.048828125,0.048828125,348.0,453.0,25.0,25.0,373.0,478.0,625.0,35.35533905932738,1.0,34.0,False,True,small,GF1_WFV1_E120.0_N36.3_20200423_L2A0004760887,WFV1,2020-04-23
GF1_WFV1_E120.0_N36.3_20200423_L2A0004760887_9728_11264.png,0,1,0,0.337890625,0.376953125,0.04296875,0.0390625,162.0,183.0,22.0,20.0,184.0,203.0,440.0,29.732137494637012,1.1,162.0,False,True,small,GF1_WFV1_E120.0_N36.3_20200423_L2A0004760887,WFV1,2020-04-23
GF1_WFV1_E120.0_N36.3_20200423_L2A0004760887_9728_11776.png,0,1,0,0.1279296875,0.0673828125,0.037109375,0.052734375,56.0,21.0,19.0,27.0,75.0,48.0,513.0,33.015148038438355,1.4210526315789473,21.0,False,True,small,GF1_WFV1_E120.0_N36.3_20200423_L2A0004760887,WFV1,2020-04-23
GF1_WFV1_E120.0_N36.3_20200423_L2A0004760887_9728_11776.png,1,2,0,0.380859375,0.1162109375,0.04296875,0.037109375,184.0,50.0,22.0,19.0,206.0,69.0,418.0,29.068883707497267,1.1578947368421053,50.0,False,True,small,GF1_WFV1_E120.0_N36.3_20200423_L2A0004760887,WFV1,2020-04-23
GF1_WFV1_E120.0_N36.3_20200423_L2A0004760887_9728_11776.png,2,3,0,0.8359375,0.52734375,0.05078125,0.0390625,415.0,260.0,26.0,20.0,441.0,280.0,520.0,32.802438933713454,1.3,71.0,False,True,small,GF1_WFV1_E120.0_N36.3_20200423_L2A0004760887,WFV1,2020-04-23
GF1_WFV1_E120.0_N36.3_20200423_L2A0004760887_9728_11776.png,3,4,0,0.6826171875,0.66015625,0.044921875,0.02734375,338.0,331.0,23.0,14.0,361.0,345.0,322.0,26.92582403567252,1.6428571428571428,151.0,False,True,small,GF1_WFV1_E120.0_N36.3_20200423_L2A0004760887,WFV1,2020-04-23
GF1_WFV1_E127.5_N16.2_20200630_L2A0004898206_10240_12800.png,0,1,0,0.3203125,0.1865234375,0.046875,0.037109375,152.0,86.0,24.0,19.0,176.0,105.0,456.0,30.610455730027933,1.263157894736842,86.0,False,True,small,GF1_WFV1_E127.5_N16.2_20200630_L2A0004898206,WFV1,2020-06-30
GF1_WFV1_E127.5_N16.2_20200630_L2A0004898206_2560_10752.png,0,1,0,0.8447265625,0.48828125,0.048828125,0.0546875,420.0,236.0,25.0,28.0,445.0,264.0,700.0,37.53664875824692,1.12,67.0,False,True,small,GF1_WFV1_E127.5_N16.2_20200630_L2A0004898206,WFV1,2020-06-30
GF1_WFV1_E127.5_N16.2_20200630_L2A0004898206_7680_8192.png,0,1,0,0.9111328125,0.607421875,0.048828125,0.06640625,454.0,294.0,25.0,34.0,479.0,328.0,850.0,42.20189569201838,1.36,33.0,False,True,small,GF1_WFV1_E127.5_N16.2_20200630_L2A0004898206,WFV1,2020-06-30
GF1_WFV2_E111.6_N17.5_20200703_L2A0004902588_10240_7168.png,0,1,0,0.3369140625,0.7783203125,0.060546875,0.044921875,157.0,387.0,31.0,23.0,188.0,410.0,713.0,38.600518131237564,1.3478260869565217,102.0,False,True,small,GF1_WFV2_E111.6_N17.5_20200703_L2A0004902588,WFV2,2020-07-03
GF1_WFV2_E111.6_N17.5_20200703_L2A0004902588_1024_7168.png,0,1,0,0.6416015625,0.9794921875,0.029296875,0.037109375,321.0,492.0,15.0,19.0,336.0,511.0,285.0,24.20743687382041,1.2666666666666666,1.0,False,True,small,GF1_WFV2_E111.6_N17.5_20200703_L2A0004902588,WFV2,2020-07-03
GF1_WFV2_E111.6_N17.5_20200703_L2A0004902588_11776_11776.png,0,1,0,0.8154296875,0.017578125,0.064453125,0.03515625,401.0,0.0,33.0,18.0,434.0,18.0,594.0,37.589892258425,1.8333333333333333,0.0,True,True,small,GF1_WFV2_E111.6_N17.5_20200703_L2A0004902588,WFV2,2020-07-03
GF1_WFV2_E111.6_N17.5_20200703_L2A0004902588_11776_11776.png,1,2,0,0.947265625,0.9775390625,0.046875,0.037109375,473.0,491.0,24.0,19.0,497.0,510.0,456.0,30.610455730027933,1.263157894736842,2.0,False,True,small,GF1_WFV2_E111.6_N17.5_20200703_L2A0004902588,WFV2,2020-07-03
GF1_WFV2_E111.6_N17.5_20200703_L2A0004902588_12288_8704.png,0,1,0,0.6796875,0.6416015625,0.05078125,0.064453125,335.0,312.0,26.0,33.0,361.0,345.0,858.0,42.01190307520001,1.2692307692307692,151.0,False,True,small,GF1_WFV2_E111.6_N17.5_20200703_L2A0004902588,WFV2,2020-07-03
GF1_WFV2_E111.6_N17.5_20200703_L2A0004902588_12288_8704.png,1,2,0,0.8857421875,0.1357421875,0.041015625,0.060546875,443.0,54.0,21.0,31.0,464.0,85.0,651.0,37.44329045369811,1.4761904761904763,48.0,False,True,small,GF1_WFV2_E111.6_N17.5_20200703_L2A0004902588,WFV2,2020-07-03
GF1_WFV2_E111.6_N17.5_20200703_L2A0004902588_12288_9216.png,0,1,0,0.5625,0.421875,0.04296875,0.0546875,277.0,202.0,22.0,28.0,299.0,230.0,616.0,35.608987629529715,1.2727272727272727,202.0,False,True,small,GF1_WFV2_E111.6_N17.5_20200703_L2A0004902588,WFV2,2020-07-03
GF1_WFV2_E111.6_N17.5_20200703_L2A0004902588_12389_8704.png,0,1,0,0.6904296875,0.138671875,0.037109375,0.046875,344.0,59.0,19.0,24.0,363.0,83.0,456.0,30.610455730027933,1.263157894736842,59.0,False,True,small,GF1_WFV2_E111.6_N17.5_20200703_L2A0004902588,WFV2,2020-07-03
GF1_WFV2_E111.6_N17.5_20200703_L2A0004902588_12389_8704.png,1,2,0,0.484375,0.6435546875,0.04296875,0.056640625,237.0,315.0,22.0,29.0,259.0,344.0,638.0,36.40054944640259,1.3181818181818181,168.0,False,True,small,GF1_WFV2_E111.6_N17.5_20200703_L2A0004902588,WFV2,2020-07-03
GF1_WFV2_E111.6_N17.5_20200703_L2A0004902588_12389_9216.png,0,1,0,0.361328125,0.4208984375,0.03515625,0.048828125,176.0,203.0,18.0,25.0,194.0,228.0,450.0,30.805843601498726,1.3888888888888888,176.0,False,True,small,GF1_WFV2_E111.6_N17.5_20200703_L2A0004902588,WFV2,2020-07-03
GF1_WFV2_E111.6_N17.5_20200703_L2A0004902588_3072_12288.png,0,1,0,0.7109375,0.41015625,0.03125,0.0703125,356.0,192.0,16.0,36.0,372.0,228.0,576.0,39.395431207184416,2.25,140.0,False,True,small,GF1_WFV2_E111.6_N17.5_20200703_L2A0004902588,WFV2,2020-07-03
GF1_WFV2_E111.6_N17.5_20200703_L2A0004902588_4096_4096.png,0,1,0,0.8984375,0.3994140625,0.04296875,0.064453125,449.0,188.0,22.0,33.0,471.0,221.0,726.0,39.66106403010388,1.5,41.0,False,True,small,GF1_WFV2_E111.6_N17.5_20200703_L2A0004902588,WFV2,2020-07-03
GF1_WFV2_E111.6_N17.5_20200703_L2A0004902588_7168_5120.png,0,1,0,0.6005859375,0.744140625,0.044921875,0.05859375,296.0,366.0,23.0,30.0,319.0,396.0,690.0,37.8021163428716,1.3043478260869565,116.0,False,True,small,GF1_WFV2_E111.6_N17.5_20200703_L2A0004902588,WFV2,2020-07-03
GF1_WFV2_E111.6_N17.5_20200703_L2A0004902588_7680_5120.png,0,1,0,0.2939453125,0.41796875,0.033203125,0.03125,142.0,206.0,17.0,16.0,159.0,222.0,272.0,23.345235059857504,1.0625,142.0,False,True,small,GF1_WFV2_E111.6_N17.5_20200703_L2A0004902588,WFV2,2020-07-03
GF1_WFV2_E111.6_N17.5_20200703_L2A0004902588_8704_6144.png,0,1,0,0.0576171875,0.5380859375,0.041015625,0.037109375,19.0,266.0,21.0,19.0,40.0,285.0,399.0,28.319604517012593,1.105263157894737,19.0,False,True,small,GF1_WFV2_E111.6_N17.5_20200703_L2A0004902588,WFV2,2020-07-03
GF1_WFV2_E111.6_N17.5_20200703_L2A0004902588_9216_2048.png,0,1,0,0.1689453125,0.2587890625,0.041015625,0.037109375,76.0,123.0,21.0,19.0,97.0,142.0,399.0,28.319604517012593,1.105263157894737,76.0,False,True,small,GF1_WFV2_E111.6_N17.5_20200703_L2A0004902588,WFV2,2020-07-03
GF1_WFV2_E111.6_N17.5_20200703_L2A0004902588_9728_2048.png,0,1,0,0.333984375,0.986328125,0.04296875,0.02734375,160.0,498.0,22.0,14.0,182.0,512.0,308.0,26.076809620810597,1.5714285714285714,0.0,True,True,small,GF1_WFV2_E111.6_N17.5_20200703_L2A0004902588,WFV2,2020-07-03
GF1_WFV2_E111.6_N17.5_20200703_L2A0004902588_9728_4608.png,0,1,0,0.57421875,0.5107421875,0.03125,0.025390625,286.0,255.0,16.0,13.0,302.0,268.0,208.0,20.615528128088304,1.2307692307692308,210.0,False,True,small,GF1_WFV2_E111.6_N17.5_20200703_L2A0004902588,WFV2,2020-07-03
GF1_WFV2_E112.0_N19.2_20200703_L2A0004902375_10752_13312.png,0,1,0,0.44140625,0.3759765625,0.02734375,0.041015625,219.0,182.0,14.0,21.0,233.0,203.0,294.0,25.238858928247925,1.5,182.0,False,True,small,GF1_WFV2_E112.0_N19.2_20200703_L2A0004902375,WFV2,2020-07-03
GF1_WFV2_E112.0_N19.2_20200703_L2A0004902375_2560_2048.png,0,1,0,0.9208984375,0.787109375,0.052734375,0.03515625,458.0,394.0,27.0,18.0,485.0,412.0,486.0,32.449961479175904,1.5,27.0,False,True,small,GF1_WFV2_E112.0_N19.2_20200703_L2A0004902375,WFV2,2020-07-03
GF1_WFV2_E112.0_N19.2_20200703_L2A0004902375_3072_0.png,0,1,0,0.248046875,0.58203125,0.05078125,0.03125,114.0,290.0,26.0,16.0,140.0,306.0,416.0,30.528675044947494,1.625,114.0,False,True,small,GF1_WFV2_E112.0_N19.2_20200703_L2A0004902375,WFV2,2020-07-03
GF1_WFV2_E112.0_N19.2_20200703_L2A0004902375_4096_5120.png,0,1,0,0.453125,0.9599609375,0.0234375,0.052734375,226.0,478.0,12.0,27.0,238.0,505.0,324.0,29.546573405388315,2.25,7.0,False,True,small,GF1_WFV2_E112.0_N19.2_20200703_L2A0004902375,WFV2,2020-07-03
GF1_WFV2_E112.0_N19.2_20200703_L2A0004902375_512_11264.png,0,1,0,0.34765625,0.408203125,0.03125,0.046875,170.0,197.0,16.0,24.0,186.0,221.0,384.0,28.844410203711913,1.5,170.0,False,True,small,GF1_WFV2_E112.0_N19.2_20200703_L2A0004902375,WFV2,2020-07-03
GF1_WFV2_E112.0_N19.2_20200703_L2A0004902375_512_11264.png,1,2,0,0.380859375,0.5810546875,0.03125,0.048828125,187.0,285.0,16.0,25.0,203.0,310.0,400.0,29.68164415931166,1.5625,187.0,False,True,small,GF1_WFV2_E112.0_N19.2_20200703_L2A0004902375,WFV2,2020-07-03
GF1_WFV2_E112.0_N19.2_20200703_L2A0004902375_6656_13312.png,0,1,0,0.4150390625,0.9501953125,0.041015625,0.041015625,202.0,476.0,21.0,21.0,223.0,497.0,441.0,29.698484809834994,1.0,15.0,False,True,small,GF1_WFV2_E112.0_N19.2_20200703_L2A0004902375,WFV2,2020-07-03
GF1_WFV2_E112.0_N19.2_20200703_L2A0004902375_6656_4608.png,0,1,0,0.7626953125,0.7119140625,0.021484375,0.037109375,385.0,355.0,11.0,19.0,396.0,374.0,209.0,21.95449840010015,1.7272727272727273,116.0,False,True,small,GF1_WFV2_E112.0_N19.2_20200703_L2A0004902375,WFV2,2020-07-03
GF1_WFV2_E112.0_N19.2_20200703_L2A0004902375_6656_4608.png,1,2,0,0.9375,0.9091796875,0.0234375,0.029296875,474.0,458.0,12.0,15.0,486.0,473.0,180.0,19.209372712298546,1.25,26.0,False,True,small,GF1_WFV2_E112.0_N19.2_20200703_L2A0004902375,WFV2,2020-07-03
GF1_WFV2_E112.0_N19.2_20200703_L2A0004902375_7168_13824.png,0,1,0,0.576171875,0.6796875,0.0390625,0.04296875,285.0,337.0,20.0,22.0,305.0,359.0,440.0,29.732137494637012,1.1,153.0,False,True,small,GF1_WFV2_E112.0_N19.2_20200703_L2A0004902375,WFV2,2020-07-03
GF1_WFV2_E112.0_N19.2_20200703_L2A0004902375_7168_14167.png,0,1,0,0.576171875,0.01953125,0.046875,0.03515625,283.0,1.0,24.0,18.0,307.0,19.0,432.0,30.0,1.3333333333333333,1.0,False,True,small,GF1_WFV2_E112.0_N19.2_20200703_L2A0004902375,WFV2,2020-07-03
GF1_WFV2_E112.0_N19.2_20200703_L2A0004902375_7168_4608.png,0,1,0,0.2958984375,0.51953125,0.025390625,0.04296875,145.0,255.0,13.0,22.0,158.0,277.0,286.0,25.553864678361276,1.6923076923076923,145.0,False,True,small,GF1_WFV2_E112.0_N19.2_20200703_L2A0004902375,WFV2,2020-07-03
GF1_WFV2_E112.0_N19.2_20200703_L2A0004902375_7168_4608.png,1,2,0,0.51953125,0.3193359375,0.02734375,0.029296875,259.0,156.0,14.0,15.0,273.0,171.0,210.0,20.518284528683193,1.0714285714285714,156.0,False,True,small,GF1_WFV2_E112.0_N19.2_20200703_L2A0004902375,WFV2,2020-07-03
GF1_WFV2_E112.0_N19.2_20200703_L2A0004902375_7680_12800.png,0,1,0,0.8798828125,0.3203125,0.029296875,0.0390625,443.0,154.0,15.0,20.0,458.0,174.0,300.0,25.0,1.3333333333333333,54.0,False,True,small,GF1_WFV2_E112.0_N19.2_20200703_L2A0004902375,WFV2,2020-07-03
GF1_WFV2_E112.0_N19.2_20200703_L2A0004902375_7680_4096.png,0,1,0,0.068359375,0.947265625,0.01953125,0.02734375,30.0,478.0,10.0,14.0,40.0,492.0,140.0,17.204650534085253,1.4,20.0,False,True,small,GF1_WFV2_E112.0_N19.2_20200703_L2A0004902375,WFV2,2020-07-03
GF1_WFV2_E112.0_N19.2_20200703_L2A0004902375_7680_5632.png,0,1,0,0.1103515625,0.87109375,0.041015625,0.0546875,46.0,432.0,21.0,28.0,67.0,460.0,588.0,35.0,1.3333333333333333,46.0,False,True,small,GF1_WFV2_E112.0_N19.2_20200703_L2A0004902375,WFV2,2020-07-03
GF1_WFV2_E112.0_N19.2_20200703_L2A0004902375_8704_10240.png,0,1,0,0.87890625,0.2373046875,0.046875,0.044921875,438.0,110.0,24.0,23.0,462.0,133.0,552.0,33.24154027718932,1.0434782608695652,50.0,False,True,small,GF1_WFV2_E112.0_N19.2_20200703_L2A0004902375,WFV2,2020-07-03
GF1_WFV2_E112.0_N19.2_20200703_L2A0004902375_8704_4608.png,0,1,0,0.2333984375,0.2119140625,0.033203125,0.041015625,111.0,98.0,17.0,21.0,128.0,119.0,357.0,27.018512172212592,1.2352941176470589,98.0,False,True,small,GF1_WFV2_E112.0_N19.2_20200703_L2A0004902375,WFV2,2020-07-03
GF1_WFV2_E112.0_N19.2_20200703_L2A0004902375_9216_9216.png,0,1,0,0.5341796875,0.6435546875,0.041015625,0.052734375,263.0,316.0,21.0,27.0,284.0,343.0,567.0,34.20526275297414,1.2857142857142858,169.0,False,True,small,GF1_WFV2_E112.0_N19.2_20200703_L2A0004902375,WFV2,2020-07-03
GF1_WFV2_E118.9_N24.3_20200710_L2A0004922278_0_11776.png,0,1,0,0.4453125,0.2314453125,0.046875,0.044921875,216.0,107.0,24.0,23.0,240.0,130.0,552.0,33.24154027718932,1.0434782608695652,107.0,False,True,small,GF1_WFV2_E118.9_N24.3_20200710_L2A0004922278,WFV2,2020-07-10
GF1_WFV2_E118.9_N24.3_20200710_L2A0004922278_0_12288.png,0,1,0,0.6650390625,0.4931640625,0.044921875,0.033203125,329.0,244.0,23.0,17.0,352.0,261.0,391.0,28.600699292150182,1.3529411764705883,160.0,False,True,small,GF1_WFV2_E118.9_N24.3_20200710_L2A0004922278,WFV2,2020-07-10
GF1_WFV2_E118.9_N24.3_20200710_L2A0004922278_0_12288.png,1,2,0,0.91015625,0.8984375,0.0546875,0.046875,452.0,448.0,28.0,24.0,480.0,472.0,672.0,36.87817782917155,1.1666666666666667,32.0,False,True,small,GF1_WFV2_E118.9_N24.3_20200710_L2A0004922278,WFV2,2020-07-10
GF1_WFV2_E118.9_N24.3_20200710_L2A0004922278_0_12288.png,2,3,0,0.9580078125,0.8486328125,0.041015625,0.048828125,480.0,422.0,21.0,25.0,501.0,447.0,525.0,32.64965543462902,1.1904761904761905,11.0,False,True,small,GF1_WFV2_E118.9_N24.3_20200710_L2A0004922278,WFV2,2020-07-10
GF1_WFV2_E118.9_N24.3_20200710_L2A0004922278_0_12288.png,3,4,0,0.8857421875,0.94140625,0.037109375,0.02734375,444.0,475.0,19.0,14.0,463.0,489.0,266.0,23.600847442411894,1.3571428571428572,23.0,False,True,small,GF1_WFV2_E118.9_N24.3_20200710_L2A0004922278,WFV2,2020-07-10
GF1_WFV2_E118.9_N24.3_20200710_L2A0004922278_1024_10240.png,0,1,0,0.1337890625,0.576171875,0.033203125,0.02734375,60.0,288.0,17.0,14.0,77.0,302.0,238.0,22.02271554554524,1.2142857142857142,60.0,False,True,small,GF1_WFV2_E118.9_N24.3_20200710_L2A0004922278,WFV2,2020-07-10
GF1_WFV2_E118.9_N24.3_20200710_L2A0004922278_1024_10752.png,0,1,0,0.0498046875,0.96484375,0.044921875,0.04296875,14.0,483.0,23.0,22.0,37.0,505.0,506.0,31.827660925679098,1.0454545454545454,7.0,False,True,small,GF1_WFV2_E118.9_N24.3_20200710_L2A0004922278,WFV2,2020-07-10
GF1_WFV2_E118.9_N24.3_20200710_L2A0004922278_1024_11776.png,0,1,0,0.265625,0.390625,0.0546875,0.05078125,122.0,187.0,28.0,26.0,150.0,213.0,728.0,38.2099463490856,1.0769230769230769,122.0,False,True,small,GF1_WFV2_E118.9_N24.3_20200710_L2A0004922278,WFV2,2020-07-10
GF1_WFV2_E118.9_N24.3_20200710_L2A0004922278_1024_11776.png,1,2,0,0.1630859375,0.62109375,0.041015625,0.05859375,73.0,303.0,21.0,30.0,94.0,333.0,630.0,36.61966684720111,1.4285714285714286,73.0,False,True,small,GF1_WFV2_E118.9_N24.3_20200710_L2A0004922278,WFV2,2020-07-10
GF1_WFV2_E118.9_N24.3_20200710_L2A0004922278_1024_11776.png,2,3,0,0.021484375,0.6142578125,0.04296875,0.080078125,0.0,294.0,22.0,41.0,22.0,335.0,902.0,46.52956049652737,1.8636363636363635,0.0,True,True,small,GF1_WFV2_E118.9_N24.3_20200710_L2A0004922278,WFV2,2020-07-10
GF1_WFV2_E118.9_N24.3_20200710_L2A0004922278_1024_11776.png,3,4,0,0.014505119453924915,0.5025906735751295,0.025597269624573378,0.031088082901554348,0.8737201365187719,249.36787564766843,13.10580204778157,15.917098445595826,13.979522184300341,265.2849740932643,208.60634140303063,20.618343052787356,1.2145077720207231,0.8737201365187719,False,True,small,GF1_WFV2_E118.9_N24.3_20200710_L2A0004922278,WFV2,2020-07-10
GF1_WFV2_E118.9_N24.3_20200710_L2A0004922278_10752_13312.png,0,1,0,0.5791015625,0.943359375,0.025390625,0.02734375,290.0,476.0,13.0,14.0,303.0,490.0,182.0,19.1049731745428,1.0769230769230769,22.0,False,True,small,GF1_WFV2_E118.9_N24.3_20200710_L2A0004922278,WFV2,2020-07-10
GF1_WFV2_E118.9_N24.3_20200710_L2A0004922278_10752_13824.png,0,1,0,0.2841796875,0.8291015625,0.037109375,0.041015625,136.0,414.0,19.0,21.0,155.0,435.0,399.0,28.319604517012593,1.105263157894737,77.0,False,True,small,GF1_WFV2_E118.9_N24.3_20200710_L2A0004922278,WFV2,2020-07-10
GF1_WFV2_E118.9_N24.3_20200710_L2A0004922278_10752_14117.png,0,1,0,0.2861328125,0.2607421875,0.029296875,0.041015625,139.0,123.0,15.0,21.0,154.0,144.0,315.0,25.80697580112788,1.4,123.0,False,True,small,GF1_WFV2_E118.9_N24.3_20200710_L2A0004922278,WFV2,2020-07-10
GF1_WFV2_E118.9_N24.3_20200710_L2A0004922278_10752_14117.png,1,2,0,0.8603515625,0.919921875,0.037109375,0.05078125,431.0,458.0,19.0,26.0,450.0,484.0,494.0,32.202484376209235,1.368421052631579,28.0,False,True,small,GF1_WFV2_E118.9_N24.3_20200710_L2A0004922278,WFV2,2020-07-10
GF1_WFV2_E118.9_N24.3_20200710_L2A0004922278_10752_14629.png,0,1,0,0.87890625,0.060546875,0.03125,0.0390625,442.0,21.0,16.0,20.0,458.0,41.0,320.0,25.612496949731394,1.25,21.0,False,True,small,GF1_WFV2_E118.9_N24.3_20200710_L2A0004922278,WFV2,2020-07-10
GF1_WFV2_E118.9_N24.3_20200710_L2A0004922278_10752_14629.png,1,2,0,0.287109375,0.470703125,0.04296875,0.03125,136.0,233.0,22.0,16.0,158.0,249.0,352.0,27.202941017470888,1.375,136.0,False,True,small,GF1_WFV2_E118.9_N24.3_20200710_L2A0004922278,WFV2,2020-07-10
GF1_WFV2_E118.9_N24.3_20200710_L2A0004922278_10752_14629.png,2,3,0,0.3681640625,0.53515625,0.017578125,0.02734375,184.0,267.0,9.0,14.0,193.0,281.0,126.0,16.64331697709324,1.5555555555555556,184.0,False,True,small,GF1_WFV2_E118.9_N24.3_20200710_L2A0004922278,WFV2,2020-07-10
GF1_WFV2_E118.9_N24.3_20200710_L2A0004922278_11264_10240.png,0,1,0,0.38353242320819114,0.3538860103626943,0.019624573378839605,0.01968911917098448,191.34470989761093,176.14922279792745,10.047781569965878,10.080829015544055,201.3924914675768,186.2300518134715,101.28996799236081,14.2330962238854,1.0032890290605998,176.14922279792745,False,True,small,GF1_WFV2_E118.9_N24.3_20200710_L2A0004922278,WFV2,2020-07-10
GF1_WFV2_E118.9_N24.3_20200710_L2A0004922278_11264_10240.png,1,2,0,0.3626279863481229,0.5715025906735751,0.013651877133105783,0.01968911917098448,182.17064846416383,287.56891191709843,6.989761092150161,10.080829015544055,189.160409556314,297.6497409326425,70.46258642946825,12.267023834898632,1.4422279792746153,182.17064846416383,False,True,small,GF1_WFV2_E118.9_N24.3_20200710_L2A0004922278,WFV2,2020-07-10
GF1_WFV2_E118.9_N24.3_20200710_L2A0004922278_11264_10240.png,2,3,0,0.068259385665529,0.438860103626943,0.011945392491467574,0.011398963730569922,31.89078498293515,221.77823834196892,6.116040955631398,5.8362694300518,38.00682593856655,227.61450777202072,35.694862862296326,8.453874722937275,1.0479367049332942,31.89078498293515,False,True,small,GF1_WFV2_E118.9_N24.3_20200710_L2A0004922278,WFV2,2020-07-10
GF1_WFV2_E118.9_N24.3_20200710_L2A0004922278_11264_10240.png,3,4,0,0.14419795221843004,0.4295336787564767,0.011945392491467588,0.011398963730569922,70.77133105802048,217.00310880829016,6.116040955631405,5.8362694300518,76.88737201365188,222.83937823834196,35.69486286229637,8.45387472293728,1.0479367049332953,70.77133105802048,False,True,small,GF1_WFV2_E118.9_N24.3_20200710_L2A0004922278,WFV2,2020-07-10
GF1_WFV2_E118.9_N24.3_20200710_L2A0004922278_11264_10240.png,4,5,0,0.20563139931740615,0.3393782383419689,0.01365187713310581,0.011398963730569978,101.78839590443687,170.84352331606215,6.989761092150175,5.8362694300518285,108.77815699658704,176.67979274611397,40.79412898548175,9.105976113821841,1.1976419484951886,101.78839590443687,False,True,small,GF1_WFV2_E118.9_N24.3_20200710_L2A0004922278,WFV2,2020-07-10
GF1_WFV2_E118.9_N24.3_20200710_L2A0004922278_11264_10240.png,5,6,0,0.1416382252559727,0.5984455958549223,0.010238907849829337,0.01761658031088076,69.89761092150171,301.89430051813474,5.242320819112621,9.019689119170948,75.13993174061433,310.9139896373057,47.28410405135344,10.432483854624095,1.7205526770293564,69.89761092150171,False,True,small,GF1_WFV2_E118.9_N24.3_20200710_L2A0004922278,WFV2,2020-07-10
GF1_WFV2_E118.9_N24.3_20200710_L2A0004922278_11264_10240.png,6,7,0,0.19965870307167236,0.3766839378238342,0.008532423208191142,0.011398963730569922,100.04095563139931,189.9440414507772,4.368600682593865,5.8362694300518,104.40955631399318,195.780310880829,25.496330615926,7.290179201097648,1.3359585492227923,100.04095563139931,False,True,small,GF1_WFV2_E118.9_N24.3_20200710_L2A0004922278,WFV2,2020-07-10
GF1_WFV2_E118.9_N24.3_20200710_L2A0004922278_11264_10240.png,7,8,0,0.25341296928327645,0.3927461139896373,0.01194539249146756,0.016580310880829008,126.68941979522185,196.84145077720208,6.116040955631391,8.489119170984452,132.80546075085323,205.33056994818654,51.91980052697651,10.462843842385123,1.3880088823094017,126.68941979522185,False,True,small,GF1_WFV2_E118.9_N24.3_20200710_L2A0004922278,WFV2,2020-07-10
GF1_WFV2_E118.9_N24.3_20200710_L2A0004922278_11264_14117.png,0,1,0,0.5341796875,0.6416015625,0.052734375,0.033203125,260.0,320.0,27.0,17.0,287.0,337.0,459.0,31.906112267087632,1.588235294117647,175.0,False,True,small,GF1_WFV2_E118.9_N24.3_20200710_L2A0004922278,WFV2,2020-07-10
GF1_WFV2_E118.9_N24.3_20200710_L2A0004922278_11264_4096.png,0,1,0,0.19112627986348124,0.3466321243523316,0.046075085324232073,0.042487046632124326,86.06143344709898,166.59896373056995,23.59044368600682,21.753367875647655,109.6518771331058,188.3523316062176,513.1715998514559,32.08922010949968,1.08445017897278,86.06143344709898,False,True,small,GF1_WFV2_E118.9_N24.3_20200710_L2A0004922278,WFV2,2020-07-10
GF1_WFV2_E118.9_N24.3_20200710_L2A0004922278_11264_4608.png,0,1,0,0.3758532423208191,0.5585492227979274,0.03327645051194539,0.03730569948186535,183.91808873720137,276.42694300518133,17.03754266211604,19.10051813471506,200.9556313993174,295.5274611398964,325.4258925887289,25.595070872689586,1.1210840972499025,183.91808873720137,False,True,small,GF1_WFV2_E118.9_N24.3_20200710_L2A0004922278,WFV2,2020-07-10
GF1_WFV2_E118.9_N24.3_20200710_L2A0004922278_11264_5120.png,0,1,0,0.7333984375,0.2099609375,0.048828125,0.041015625,363.0,97.0,25.0,21.0,388.0,118.0,525.0,32.64965543462902,1.1904761904761905,97.0,False,True,small,GF1_WFV2_E118.9_N24.3_20200710_L2A0004922278,WFV2,2020-07-10
GF1_WFV2_E118.9_N24.3_20200710_L2A0004922278_11776_10240.png,0,1,0,0.37542662116040953,0.6274611398963731,0.022184300341296925,0.01968911917098448,186.53924914675767,316.219689119171,11.358361774744026,10.080829015544055,197.8976109215017,326.30051813471505,114.50170294788603,15.18668811316678,1.1267289383869212,185.69948186528495,False,True,small,GF1_WFV2_E118.9_N24.3_20200710_L2A0004922278,WFV2,2020-07-10
GF1_WFV2_E118.9_N24.3_20200710_L2A0004922278_11776_13312.png,0,1,0,0.072265625,0.71875,0.0390625,0.046875,27.0,356.0,20.0,24.0,47.0,380.0,480.0,31.240998703626616,1.2,27.0,False,True,small,GF1_WFV2_E118.9_N24.3_20200710_L2A0004922278,WFV2,2020-07-10
GF1_WFV2_E118.9_N24.3_20200710_L2A0004922278_11776_13824.png,0,1,0,0.0498046875,0.97265625,0.041015625,0.03125,15.0,490.0,21.0,16.0,36.0,506.0,336.0,26.40075756488817,1.3125,6.0,False,True,small,GF1_WFV2_E118.9_N24.3_20200710_L2A0004922278,WFV2,2020-07-10
GF1_WFV2_E118.9_N24.3_20200710_L2A0004922278_11776_14117.png,0,1,0,0.0478515625,0.40234375,0.037109375,0.03125,15.0,198.0,19.0,16.0,34.0,214.0,304.0,24.839484696748443,1.1875,15.0,False,True,small,GF1_WFV2_E118.9_N24.3_20200710_L2A0004922278,WFV2,2020-07-10
GF1_WFV2_E118.9_N24.3_20200710_L2A0004922278_11776_14117.png,1,2,0,0.4775390625,0.4677734375,0.048828125,0.033203125,232.0,231.0,25.0,17.0,257.0,248.0,425.0,30.23243291566195,1.4705882352941178,231.0,False,True,small,GF1_WFV2_E118.9_N24.3_20200710_L2A0004922278,WFV2,2020-07-10
GF1_WFV2_E118.9_N24.3_20200710_L2A0004922278_11776_14117.png,2,3,0,0.1806640625,0.7080078125,0.037109375,0.037109375,83.0,353.0,19.0,19.0,102.0,372.0,361.0,26.870057685088806,1.0,83.0,False,True,small,GF1_WFV2_E118.9_N24.3_20200710_L2A0004922278,WFV2,2020-07-10
GF1_WFV2_E118.9_N24.3_20200710_L2A0004922278_11776_4096.png,0,1,0,0.7470703125,0.72265625,0.048828125,0.0390625,370.0,360.0,25.0,20.0,395.0,380.0,500.0,32.01562118716424,1.25,117.0,False,True,small,GF1_WFV2_E118.9_N24.3_20200710_L2A0004922278,WFV2,2020-07-10
GF1_WFV2_E118.9_N24.3_20200710_L2A0004922278_12288_11264.png,0,1,0,0.1806640625,0.80859375,0.037109375,0.02734375,83.0,407.0,19.0,14.0,102.0,421.0,266.0,23.600847442411894,1.3571428571428572,83.0,False,True,small,GF1_WFV2_E118.9_N24.3_20200710_L2A0004922278,WFV2,2020-07-10
GF1_WFV2_E118.9_N24.3_20200710_L2A0004922278_12288_12800.png,0,1,0,0.1171875,0.048828125,0.0625,0.0390625,44.0,15.0,32.0,20.0,76.0,35.0,640.0,37.73592452822641,1.6,15.0,False,True,small,GF1_WFV2_E118.9_N24.3_20200710_L2A0004922278,WFV2,2020-07-10
GF1_WFV2_E118.9_N24.3_20200710_L2A0004922278_12288_4096.png,0,1,0,0.6630859375,0.361328125,0.048828125,0.04296875,327.0,174.0,25.0,22.0,352.0,196.0,550.0,33.301651610693426,1.1363636363636365,160.0,False,True,small,GF1_WFV2_E118.9_N24.3_20200710_L2A0004922278,WFV2,2020-07-10
GF1_WFV2_E118.9_N24.3_20200710_L2A0004922278_12288_4096.png,1,2,0,0.4688566552901024,0.3103626943005181,0.017918088737201354,0.017616580310880814,235.46757679180888,154.3958549222798,9.174061433447093,9.019689119170977,244.64163822525597,163.41554404145077,82.74718208986884,12.865387479246502,1.0171150371411366,154.3958549222798,False,True,small,GF1_WFV2_E118.9_N24.3_20200710_L2A0004922278,WFV2,2020-07-10
GF1_WFV2_E118.9_N24.3_20200710_L2A0004922278_12288_4096.png,2,3,0,0.007679180887372013,0.5704663212435233,0.011945392491467578,0.01761658031088087,0.873720136518771,287.5689119170984,6.1160409556314,9.019689119171005,6.989761092150171,296.5886010362694,55.16478805991277,10.897740535425335,1.4747594374537412,0.873720136518771,False,True,small,GF1_WFV2_E118.9_N24.3_20200710_L2A0004922278,WFV2,2020-07-10
GF1_WFV2_E118.9_N24.3_20200710_L2A0004922278_12288_5632.png,0,1,0,0.6123046875,0.541015625,0.041015625,0.046875,303.0,265.0,21.0,24.0,324.0,289.0,504.0,31.89043743820395,1.1428571428571428,188.0,False,True,small,GF1_WFV2_E118.9_N24.3_20200710_L2A0004922278,WFV2,2020-07-10
GF1_WFV2_E118.9_N24.3_20200710_L2A0004922278_12483_4096.png,0,1,0,0.27734375,0.361328125,0.0546875,0.04296875,128.0,174.0,28.0,22.0,156.0,196.0,616.0,35.608987629529715,1.2727272727272727,128.0,False,True,small,GF1_WFV2_E118.9_N24.3_20200710_L2A0004922278,WFV2,2020-07-10
GF1_WFV2_E118.9_N24.3_20200710_L2A0004922278_12483_4096.png,1,2,0,0.0859375,0.306640625,0.03125,0.0234375,36.0,151.0,16.0,12.0,52.0,163.0,192.0,20.0,1.3333333333333333,36.0,False,True,small,GF1_WFV2_E118.9_N24.3_20200710_L2A0004922278,WFV2,2020-07-10
GF1_WFV2_E118.9_N24.3_20200710_L2A0004922278_12483_5120.png,0,1,0,0.8798828125,0.8193359375,0.052734375,0.044921875,437.0,408.0,27.0,23.0,464.0,431.0,621.0,35.4682957019364,1.173913043478261,48.0,False,True,small,GF1_WFV2_E118.9_N24.3_20200710_L2A0004922278,WFV2,2020-07-10
GF1_WFV2_E118.9_N24.3_20200710_L2A0004922278_12483_5632.png,0,1,0,0.236328125,0.544921875,0.046875,0.04296875,109.0,268.0,24.0,22.0,133.0,290.0,528.0,32.55764119219941,1.0909090909090908,109.0,False,True,small,GF1_WFV2_E118.9_N24.3_20200710_L2A0004922278,WFV2,2020-07-10
GF1_WFV2_E118.9_N24.3_20200710_L2A0004922278_12800_4608.png,0,1,0,0.9892578125,0.845703125,0.021484375,0.04296875,501.0,422.0,11.0,22.0,512.0,444.0,242.0,24.596747752497688,2.0,0.0,True,True,small,GF1_WFV2_E118.9_N24.3_20200710_L2A0004922278,WFV2,2020-07-10
GF1_WFV2_E118.9_N24.3_20200710_L2A0004922278_12800_4608.png,1,2,0,0.939453125,0.86328125,0.0390625,0.04296875,471.0,431.0,20.0,22.0,491.0,453.0,440.0,29.732137494637012,1.1,21.0,False,True,small,GF1_WFV2_E118.9_N24.3_20200710_L2A0004922278,WFV2,2020-07-10
GF1_WFV2_E118.9_N24.3_20200710_L2A0004922278_12800_4608.png,2,3,0,0.6561433447098977,0.4533678756476684,0.015358361774744034,0.021761658031088094,332.01365187713316,226.55336787564767,7.863481228668945,11.141968911917104,339.8771331058021,237.69533678756477,87.6146633892731,13.637368084339297,1.4169257340241797,172.1228668941979,False,True,small,GF1_WFV2_E118.9_N24.3_20200710_L2A0004922278,WFV2,2020-07-10
GF1_WFV2_E118.9_N24.3_20200710_L2A0004922278_12800_5120.png,0,1,0,0.26171875,0.822265625,0.046875,0.0546875,122.0,407.0,24.0,28.0,146.0,435.0,672.0,36.87817782917155,1.1666666666666667,77.0,False,True,small,GF1_WFV2_E118.9_N24.3_20200710_L2A0004922278,WFV2,2020-07-10
GF1_WFV2_E118.9_N24.3_20200710_L2A0004922278_12995_4608.png,0,1,0,0.6748046875,0.73046875,0.044921875,0.04296875,334.0,363.0,23.0,22.0,357.0,385.0,506.0,31.827660925679098,1.0454545454545454,127.0,False,True,small,GF1_WFV2_E118.9_N24.3_20200710_L2A0004922278,WFV2,2020-07-10
GF1_WFV2_E118.9_N24.3_20200710_L2A0004922278_12995_4608.png,1,2,0,0.615234375,0.84375,0.0390625,0.0390625,305.0,422.0,20.0,20.0,325.0,442.0,400.0,28.284271247461902,1.0,70.0,False,True,small,GF1_WFV2_E118.9_N24.3_20200710_L2A0004922278,WFV2,2020-07-10
GF1_WFV2_E118.9_N24.3_20200710_L2A0004922278_12995_4608.png,2,3,0,0.5625,0.861328125,0.04296875,0.046875,277.0,429.0,22.0,24.0,299.0,453.0,528.0,32.55764119219941,1.0909090909090908,59.0,False,True,small,GF1_WFV2_E118.9_N24.3_20200710_L2A0004922278,WFV2,2020-07-10
GF1_WFV2_E118.9_N24.3_20200710_L2A0004922278_12995_4608.png,3,4,0,0.2743174061433447,0.4533678756476684,0.014505119453924964,0.01968911917098448,136.7372013651877,227.0839378238342,7.4266211604095815,10.080829015544055,144.16382252559728,237.16476683937825,74.86649808131037,12.521094820377261,1.3573910393172786,136.7372013651877,False,True,small,GF1_WFV2_E118.9_N24.3_20200710_L2A0004922278,WFV2,2020-07-10
GF1_WFV2_E118.9_N24.3_20200710_L2A0004922278_13312_4608.png,0,1,0,0.060546875,0.732421875,0.0390625,0.046875,21.0,363.0,20.0,24.0,41.0,387.0,480.0,31.240998703626616,1.2,21.0,False,True,small,GF1_WFV2_E118.9_N24.3_20200710_L2A0004922278,WFV2,2020-07-10
GF1_WFV2_E118.9_N24.3_20200710_L2A0004922278_13312_5120.png,0,1,0,0.8359375,0.435546875,0.0234375,0.03125,422.0,215.0,12.0,16.0,434.0,231.0,192.0,20.0,1.3333333333333333,78.0,False,True,small,GF1_WFV2_E118.9_N24.3_20200710_L2A0004922278,WFV2,2020-07-10
GF1_WFV2_E118.9_N24.3_20200710_L2A0004922278_13312_5632.png,0,1,0,0.6130546075085324,0.05336787564766839,0.014505119453924853,0.017616580310880828,310.17064846416383,22.814507772020725,7.426621160409525,9.019689119170984,317.59726962457336,31.83419689119171,66.98581407275077,11.683727729912828,1.2145077720207305,22.814507772020725,False,True,small,GF1_WFV2_E118.9_N24.3_20200710_L2A0004922278,WFV2,2020-07-10
GF1_WFV2_E118.9_N24.3_20200710_L2A0004922278_13507_3584.png,0,1,0,0.81640625,0.865234375,0.02734375,0.046875,411.0,431.0,14.0,24.0,425.0,455.0,336.0,27.784887978899608,1.7142857142857142,57.0,False,True,small,GF1_WFV2_E118.9_N24.3_20200710_L2A0004922278,WFV2,2020-07-10
GF1_WFV2_E118.9_N24.3_20200710_L2A0004922278_13507_3584.png,1,2,0,0.8993174061433447,0.44093264248704667,0.017064846416382173,0.019689119170984426,456.0819112627986,220.71709844559587,8.737201365187673,10.080829015544026,464.81911262798627,230.7979274611399,88.07823303683477,13.340232431875828,1.1537823834196927,47.18088737201373,False,True,small,GF1_WFV2_E118.9_N24.3_20200710_L2A0004922278,WFV2,2020-07-10
GF1_WFV2_E118.9_N24.3_20200710_L2A0004922278_13507_5120.png,0,1,0,0.455078125,0.4384765625,0.02734375,0.033203125,226.0,216.0,14.0,17.0,240.0,233.0,238.0,22.02271554554524,1.2142857142857142,216.0,False,True,small,GF1_WFV2_E118.9_N24.3_20200710_L2A0004922278,WFV2,2020-07-10
GF1_WFV2_E118.9_N24.3_20200710_L2A0004922278_13824_3584.png,0,1,0,0.1943359375,0.8681640625,0.033203125,0.048828125,91.0,432.0,17.0,25.0,108.0,457.0,425.0,30.23243291566195,1.4705882352941178,55.0,False,True,small,GF1_WFV2_E118.9_N24.3_20200710_L2A0004922278,WFV2,2020-07-10
GF1_WFV2_E118.9_N24.3_20200710_L2A0004922278_13824_3584.png,1,2,0,0.2811433447098976,0.44145077720207254,0.016211604095563104,0.01865284974093262,139.79522184300342,221.2476683937824,8.300341296928309,9.550259067357501,148.09556313993173,230.7979274611399,79.27040973315151,12.653185918935108,1.1505863103354252,139.79522184300342,False,True,small,GF1_WFV2_E118.9_N24.3_20200710_L2A0004922278,WFV2,2020-07-10
GF1_WFV2_E118.9_N24.3_20200710_L2A0004922278_1536_10752.png,0,1,0,0.033203125,0.62109375,0.0546875,0.05078125,3.0,305.0,28.0,26.0,31.0,331.0,728.0,38.2099463490856,1.0769230769230769,3.0,False,True,small,GF1_WFV2_E118.9_N24.3_20200710_L2A0004922278,WFV2,2020-07-10
GF1_WFV2_E118.9_N24.3_20200710_L2A0004922278_1536_12288.png,0,1,0,0.6806640625,0.5478515625,0.037109375,0.037109375,339.0,271.0,19.0,19.0,358.0,290.0,361.0,26.870057685088806,1.0,154.0,False,True,small,GF1_WFV2_E118.9_N24.3_20200710_L2A0004922278,WFV2,2020-07-10
GF1_WFV2_E118.9_N24.3_20200710_L2A0004922278_2048_11776.png,0,1,0,0.8369140625,0.1953125,0.080078125,0.0703125,408.0,82.0,41.0,36.0,449.0,118.0,1476.0,54.56189146281496,1.1388888888888888,63.0,False,True,medium,GF1_WFV2_E118.9_N24.3_20200710_L2A0004922278,WFV2,2020-07-10
GF1_WFV2_E118.9_N24.3_20200710_L2A0004922278_2048_12288.png,0,1,0,0.529296875,0.220703125,0.0546875,0.0390625,257.0,103.0,28.0,20.0,285.0,123.0,560.0,34.40930106817051,1.4,103.0,False,True,small,GF1_WFV2_E118.9_N24.3_20200710_L2A0004922278,WFV2,2020-07-10
GF1_WFV2_E118.9_N24.3_20200710_L2A0004922278_2048_6144.png,0,1,0,0.716796875,0.8544921875,0.02734375,0.044921875,360.0,426.0,14.0,23.0,374.0,449.0,322.0,26.92582403567252,1.6428571428571428,63.0,False,True,small,GF1_WFV2_E118.9_N24.3_20200710_L2A0004922278,WFV2,2020-07-10
GF1_WFV2_E118.9_N24.3_20200710_L2A0004922278_2048_6144.png,1,2,0,0.546875,0.5693359375,0.03125,0.033203125,272.0,283.0,16.0,17.0,288.0,300.0,272.0,23.345235059857504,1.0625,212.0,False,True,small,GF1_WFV2_E118.9_N24.3_20200710_L2A0004922278,WFV2,2020-07-10
GF1_WFV2_E118.9_N24.3_20200710_L2A0004922278_2048_7680.png,0,1,0,0.873046875,0.2978515625,0.0546875,0.041015625,433.0,142.0,28.0,21.0,461.0,163.0,588.0,35.0,1.3333333333333333,51.0,False,True,small,GF1_WFV2_E118.9_N24.3_20200710_L2A0004922278,WFV2,2020-07-10
GF1_WFV2_E118.9_N24.3_20200710_L2A0004922278_2048_9216.png,0,1,0,0.1943359375,0.55078125,0.056640625,0.04296875,85.0,271.0,29.0,22.0,114.0,293.0,638.0,36.40054944640259,1.3181818181818181,85.0,False,True,small,GF1_WFV2_E118.9_N24.3_20200710_L2A0004922278,WFV2,2020-07-10
GF1_WFV2_E118.9_N24.3_20200710_L2A0004922278_2048_9216.png,1,2,0,0.3505859375,0.5107421875,0.056640625,0.037109375,165.0,252.0,29.0,19.0,194.0,271.0,551.0,34.66987164671943,1.5263157894736843,165.0,False,True,small,GF1_WFV2_E118.9_N24.3_20200710_L2A0004922278,WFV2,2020-07-10
GF1_WFV2_E118.9_N24.3_20200710_L2A0004922278_2048_9216.png,2,3,0,0.75390625,0.8486328125,0.0390625,0.033203125,376.0,426.0,20.0,17.0,396.0,443.0,340.0,26.248809496813376,1.1764705882352942,69.0,False,True,small,GF1_WFV2_E118.9_N24.3_20200710_L2A0004922278,WFV2,2020-07-10
GF1_WFV2_E118.9_N24.3_20200710_L2A0004922278_2048_9216.png,3,4,0,0.1044921875,0.548828125,0.033203125,0.02734375,45.0,274.0,17.0,14.0,62.0,288.0,238.0,22.02271554554524,1.2142857142857142,45.0,False,True,small,GF1_WFV2_E118.9_N24.3_20200710_L2A0004922278,WFV2,2020-07-10
GF1_WFV2_E118.9_N24.3_20200710_L2A0004922278_2560_10240.png,0,1,0,0.66796875,0.4306640625,0.0625,0.056640625,326.0,206.0,32.0,29.0,358.0,235.0,928.0,43.18564576337837,1.103448275862069,154.0,False,True,small,GF1_WFV2_E118.9_N24.3_20200710_L2A0004922278,WFV2,2020-07-10
GF1_WFV2_E118.9_N24.3_20200710_L2A0004922278_2560_12800.png,0,1,0,0.7451171875,0.7900390625,0.033203125,0.037109375,373.0,395.0,17.0,19.0,390.0,414.0,323.0,25.495097567963924,1.1176470588235294,98.0,False,True,small,GF1_WFV2_E118.9_N24.3_20200710_L2A0004922278,WFV2,2020-07-10
GF1_WFV2_E118.9_N24.3_20200710_L2A0004922278_2560_12800.png,1,2,0,0.314453125,0.8662109375,0.03125,0.037109375,153.0,434.0,16.0,19.0,169.0,453.0,304.0,24.839484696748443,1.1875,59.0,False,True,small,GF1_WFV2_E118.9_N24.3_20200710_L2A0004922278,WFV2,2020-07-10
GF1_WFV2_E118.9_N24.3_20200710_L2A0004922278_2560_7168.png,0,1,0,0.6162109375,0.08984375,0.037109375,0.046875,306.0,34.0,19.0,24.0,325.0,58.0,456.0,30.610455730027933,1.263157894736842,34.0,False,True,small,GF1_WFV2_E118.9_N24.3_20200710_L2A0004922278,WFV2,2020-07-10
GF1_WFV2_E118.9_N24.3_20200710_L2A0004922278_2560_9216.png,0,1,0,0.1904296875,0.2109375,0.037109375,0.03515625,88.0,99.0,19.0,18.0,107.0,117.0,342.0,26.1725046566048,1.0555555555555556,88.0,False,True,small,GF1_WFV2_E118.9_N24.3_20200710_L2A0004922278,WFV2,2020-07-10
GF1_WFV2_E118.9_N24.3_20200710_L2A0004922278_3072_10752.png,0,1,0,0.9267578125,0.68359375,0.025390625,0.0390625,468.0,340.0,13.0,20.0,481.0,360.0,260.0,23.853720883753127,1.5384615384615385,31.0,False,True,small,GF1_WFV2_E118.9_N24.3_20200710_L2A0004922278,WFV2,2020-07-10
GF1_WFV2_E118.9_N24.3_20200710_L2A0004922278_3072_12800.png,0,1,0,0.142578125,0.953125,0.03515625,0.02734375,64.0,481.0,18.0,14.0,82.0,495.0,252.0,22.80350850198276,1.2857142857142858,17.0,False,True,small,GF1_WFV2_E118.9_N24.3_20200710_L2A0004922278,WFV2,2020-07-10
GF1_WFV2_E118.9_N24.3_20200710_L2A0004922278_3072_7168.png,0,1,0,0.181640625,0.349609375,0.06640625,0.06640625,76.0,162.0,34.0,34.0,110.0,196.0,1156.0,48.08326112068523,1.0,76.0,False,True,medium,GF1_WFV2_E118.9_N24.3_20200710_L2A0004922278,WFV2,2020-07-10
GF1_WFV2_E118.9_N24.3_20200710_L2A0004922278_3072_7680.png,0,1,0,0.9599609375,0.1318359375,0.060546875,0.056640625,476.0,53.0,31.0,29.0,507.0,82.0,899.0,42.44997055358225,1.0689655172413792,5.0,False,True,small,GF1_WFV2_E118.9_N24.3_20200710_L2A0004922278,WFV2,2020-07-10
GF1_WFV2_E118.9_N24.3_20200710_L2A0004922278_3072_7680.png,1,2,0,0.8212890625,0.7822265625,0.048828125,0.056640625,408.0,386.0,25.0,29.0,433.0,415.0,725.0,38.28837943815329,1.16,79.0,False,True,small,GF1_WFV2_E118.9_N24.3_20200710_L2A0004922278,WFV2,2020-07-10
GF1_WFV2_E118.9_N24.3_20200710_L2A0004922278_3072_8192.png,0,1,0,0.7919921875,0.634765625,0.041015625,0.03515625,395.0,316.0,21.0,18.0,416.0,334.0,378.0,27.65863337187866,1.1666666666666667,96.0,False,True,small,GF1_WFV2_E118.9_N24.3_20200710_L2A0004922278,WFV2,2020-07-10
GF1_WFV2_E118.9_N24.3_20200710_L2A0004922278_3072_8192.png,1,2,0,0.8486328125,0.619140625,0.037109375,0.03515625,425.0,308.0,19.0,18.0,444.0,326.0,342.0,26.1725046566048,1.0555555555555556,68.0,False,True,small,GF1_WFV2_E118.9_N24.3_20200710_L2A0004922278,WFV2,2020-07-10
GF1_WFV2_E118.9_N24.3_20200710_L2A0004922278_3072_9216.png,0,1,0,0.5625,0.2939453125,0.046875,0.041015625,276.0,140.0,24.0,21.0,300.0,161.0,504.0,31.89043743820395,1.1428571428571428,140.0,False,True,small,GF1_WFV2_E118.9_N24.3_20200710_L2A0004922278,WFV2,2020-07-10
GF1_WFV2_E118.9_N24.3_20200710_L2A0004922278_3072_9216.png,1,2,0,0.2861328125,0.09375,0.056640625,0.03515625,132.0,39.0,29.0,18.0,161.0,57.0,522.0,34.132096331752024,1.6111111111111112,39.0,False,True,small,GF1_WFV2_E118.9_N24.3_20200710_L2A0004922278,WFV2,2020-07-10
GF1_WFV2_E118.9_N24.3_20200710_L2A0004922278_3072_9216.png,2,3,0,0.6064453125,0.431640625,0.052734375,0.05078125,297.0,208.0,27.0,26.0,324.0,234.0,702.0,37.48332962798263,1.0384615384615385,188.0,False,True,small,GF1_WFV2_E118.9_N24.3_20200710_L2A0004922278,WFV2,2020-07-10
GF1_WFV2_E118.9_N24.3_20200710_L2A0004922278_3072_9216.png,3,4,0,0.7685546875,0.4755859375,0.072265625,0.052734375,375.0,230.0,37.0,27.0,412.0,257.0,999.0,45.803929962395145,1.3703703703703705,100.0,False,True,small,GF1_WFV2_E118.9_N24.3_20200710_L2A0004922278,WFV2,2020-07-10
GF1_WFV2_E118.9_N24.3_20200710_L2A0004922278_3072_9216.png,4,5,0,0.8720703125,0.7431640625,0.068359375,0.052734375,429.0,367.0,35.0,27.0,464.0,394.0,945.0,44.204072210600685,1.2962962962962963,48.0,False,True,small,GF1_WFV2_E118.9_N24.3_20200710_L2A0004922278,WFV2,2020-07-10
GF1_WFV2_E118.9_N24.3_20200710_L2A0004922278_3584_11264.png,0,1,0,0.2333984375,0.1279296875,0.060546875,0.072265625,104.0,47.0,31.0,37.0,135.0,84.0,1147.0,48.27007354458868,1.1935483870967742,47.0,False,True,medium,GF1_WFV2_E118.9_N24.3_20200710_L2A0004922278,WFV2,2020-07-10
GF1_WFV2_E118.9_N24.3_20200710_L2A0004922278_3584_12800.png,0,1,0,0.21875,0.5107421875,0.03125,0.037109375,104.0,252.0,16.0,19.0,120.0,271.0,304.0,24.839484696748443,1.1875,104.0,False,True,small,GF1_WFV2_E118.9_N24.3_20200710_L2A0004922278,WFV2,2020-07-10
GF1_WFV2_E118.9_N24.3_20200710_L2A0004922278_3584_12800.png,1,2,0,0.3896484375,0.36328125,0.037109375,0.04296875,190.0,175.0,19.0,22.0,209.0,197.0,418.0,29.068883707497267,1.1578947368421053,175.0,False,True,small,GF1_WFV2_E118.9_N24.3_20200710_L2A0004922278,WFV2,2020-07-10
GF1_WFV2_E118.9_N24.3_20200710_L2A0004922278_3584_12800.png,2,3,0,0.533203125,0.259765625,0.03125,0.0390625,265.0,123.0,16.0,20.0,281.0,143.0,320.0,25.612496949731394,1.25,123.0,False,True,small,GF1_WFV2_E118.9_N24.3_20200710_L2A0004922278,WFV2,2020-07-10
GF1_WFV2_E118.9_N24.3_20200710_L2A0004922278_3584_7680.png,0,1,0,0.6923828125,0.1318359375,0.044921875,0.048828125,343.0,55.0,23.0,25.0,366.0,80.0,575.0,33.97057550292606,1.0869565217391304,55.0,False,True,small,GF1_WFV2_E118.9_N24.3_20200710_L2A0004922278,WFV2,2020-07-10
GF1_WFV2_E118.9_N24.3_20200710_L2A0004922278_3584_7680.png,1,2,0,0.8359375,0.345703125,0.0546875,0.06640625,414.0,160.0,28.0,34.0,442.0,194.0,952.0,44.04543109109048,1.2142857142857142,70.0,False,True,small,GF1_WFV2_E118.9_N24.3_20200710_L2A0004922278,WFV2,2020-07-10
GF1_WFV2_E118.9_N24.3_20200710_L2A0004922278_3584_8192.png,0,1,0,0.10546875,0.671875,0.046875,0.05078125,42.0,331.0,24.0,26.0,66.0,357.0,624.0,35.38361202590826,1.0833333333333333,42.0,False,True,small,GF1_WFV2_E118.9_N24.3_20200710_L2A0004922278,WFV2,2020-07-10
GF1_WFV2_E118.9_N24.3_20200710_L2A0004922278_3584_8192.png,1,2,0,0.294921875,0.8798828125,0.04296875,0.041015625,140.0,440.0,22.0,21.0,162.0,461.0,462.0,30.4138126514911,1.0476190476190477,51.0,False,True,small,GF1_WFV2_E118.9_N24.3_20200710_L2A0004922278,WFV2,2020-07-10
GF1_WFV2_E118.9_N24.3_20200710_L2A0004922278_3584_9728.png,0,1,0,0.52734375,0.59375,0.046875,0.0390625,258.0,294.0,24.0,20.0,282.0,314.0,480.0,31.240998703626616,1.2,198.0,False,True,small,GF1_WFV2_E118.9_N24.3_20200710_L2A0004922278,WFV2,2020-07-10
GF1_WFV2_E118.9_N24.3_20200710_L2A0004922278_512_10240.png,0,1,0,0.609375,0.7685546875,0.04296875,0.033203125,301.0,385.0,22.0,17.0,323.0,402.0,374.0,27.80287754891569,1.2941176470588236,110.0,False,True,small,GF1_WFV2_E118.9_N24.3_20200710_L2A0004922278,WFV2,2020-07-10
GF1_WFV2_E118.9_N24.3_20200710_L2A0004922278_512_10752.png,0,1,0,0.7392578125,0.802734375,0.044921875,0.04296875,367.0,400.0,23.0,22.0,390.0,422.0,506.0,31.827660925679098,1.0454545454545454,90.0,False,True,small,GF1_WFV2_E118.9_N24.3_20200710_L2A0004922278,WFV2,2020-07-10
GF1_WFV2_E118.9_N24.3_20200710_L2A0004922278_512_10752.png,1,2,0,0.4384765625,0.5576171875,0.041015625,0.037109375,214.0,276.0,21.0,19.0,235.0,295.0,399.0,28.319604517012593,1.105263157894737,214.0,False,True,small,GF1_WFV2_E118.9_N24.3_20200710_L2A0004922278,WFV2,2020-07-10
GF1_WFV2_E118.9_N24.3_20200710_L2A0004922278_512_10752.png,2,3,0,0.6494140625,0.4619140625,0.037109375,0.037109375,323.0,227.0,19.0,19.0,342.0,246.0,361.0,26.870057685088806,1.0,170.0,False,True,small,GF1_WFV2_E118.9_N24.3_20200710_L2A0004922278,WFV2,2020-07-10
GF1_WFV2_E118.9_N24.3_20200710_L2A0004922278_512_10752.png,3,4,0,0.1875,0.1943359375,0.0390625,0.037109375,86.0,90.0,20.0,19.0,106.0,109.0,380.0,27.586228448267445,1.0526315789473684,86.0,False,True,small,GF1_WFV2_E118.9_N24.3_20200710_L2A0004922278,WFV2,2020-07-10
GF1_WFV2_E118.9_N24.3_20200710_L2A0004922278_512_11776.png,0,1,0,0.685546875,0.1806640625,0.046875,0.048828125,339.0,80.0,24.0,25.0,363.0,105.0,600.0,34.655446902326915,1.0416666666666667,80.0,False,True,small,GF1_WFV2_E118.9_N24.3_20200710_L2A0004922278,WFV2,2020-07-10
GF1_WFV2_E118.9_N24.3_20200710_L2A0004922278_512_11776.png,1,2,0,0.7412109375,0.12109375,0.056640625,0.0546875,365.0,48.0,29.0,28.0,394.0,76.0,812.0,40.311288741492746,1.0357142857142858,48.0,False,True,small,GF1_WFV2_E118.9_N24.3_20200710_L2A0004922278,WFV2,2020-07-10
GF1_WFV2_E118.9_N24.3_20200710_L2A0004922278_512_11776.png,2,3,0,0.9794921875,0.5126953125,0.041015625,0.072265625,491.0,244.0,21.0,37.0,512.0,281.0,777.0,42.5440947723653,1.7619047619047619,0.0,True,True,small,GF1_WFV2_E118.9_N24.3_20200710_L2A0004922278,WFV2,2020-07-10
GF1_WFV2_E118.9_N24.3_20200710_L2A0004922278_512_12288.png,0,1,0,0.0478515625,0.81640625,0.037109375,0.04296875,15.0,407.0,19.0,22.0,34.0,429.0,418.0,29.068883707497267,1.1578947368421053,15.0,False,True,small,GF1_WFV2_E118.9_N24.3_20200710_L2A0004922278,WFV2,2020-07-10
GF1_WFV2_E118.9_N24.3_20200710_L2A0004922278_512_12288.png,1,2,0,0.076171875,0.7978515625,0.03515625,0.041015625,30.0,398.0,18.0,21.0,48.0,419.0,378.0,27.65863337187866,1.1666666666666667,30.0,False,True,small,GF1_WFV2_E118.9_N24.3_20200710_L2A0004922278,WFV2,2020-07-10
GF1_WFV2_E118.9_N24.3_20200710_L2A0004922278_6144_12800.png,0,1,0,0.8251953125,0.529296875,0.041015625,0.04296875,412.0,260.0,21.0,22.0,433.0,282.0,462.0,30.4138126514911,1.0476190476190477,79.0,False,True,small,GF1_WFV2_E118.9_N24.3_20200710_L2A0004922278,WFV2,2020-07-10
GF1_WFV2_E118.9_N24.3_20200710_L2A0004922278_6144_12800.png,1,2,0,0.97265625,0.2998046875,0.05078125,0.044921875,485.0,142.0,26.0,23.0,511.0,165.0,598.0,34.713109915419565,1.1304347826086956,1.0,False,True,small,GF1_WFV2_E118.9_N24.3_20200710_L2A0004922278,WFV2,2020-07-10
GF1_WFV2_E118.9_N24.3_20200710_L2A0004922278_6144_12800.png,2,3,0,0.919921875,0.30078125,0.0390625,0.0390625,461.0,144.0,20.0,20.0,481.0,164.0,400.0,28.284271247461902,1.0,31.0,False,True,small,GF1_WFV2_E118.9_N24.3_20200710_L2A0004922278,WFV2,2020-07-10
GF1_WFV2_E118.9_N24.3_20200710_L2A0004922278_6144_13312.png,0,1,0,0.32421875,0.408203125,0.0390625,0.0390625,156.0,199.0,20.0,20.0,176.0,219.0,400.0,28.284271247461902,1.0,156.0,False,True,small,GF1_WFV2_E118.9_N24.3_20200710_L2A0004922278,WFV2,2020-07-10
GF1_WFV2_E118.9_N24.3_20200710_L2A0004922278_6144_13312.png,1,2,0,0.5341796875,0.1357421875,0.037109375,0.037109375,264.0,60.0,19.0,19.0,283.0,79.0,361.0,26.870057685088806,1.0,60.0,False,True,small,GF1_WFV2_E118.9_N24.3_20200710_L2A0004922278,WFV2,2020-07-10
GF1_WFV2_E118.9_N24.3_20200710_L2A0004922278_6144_13312.png,2,3,0,0.5322265625,0.1884765625,0.044921875,0.037109375,261.0,87.0,23.0,19.0,284.0,106.0,437.0,29.832867780352597,1.2105263157894737,87.0,False,True,small,GF1_WFV2_E118.9_N24.3_20200710_L2A0004922278,WFV2,2020-07-10
GF1_WFV2_E118.9_N24.3_20200710_L2A0004922278_6144_13824.png,0,1,0,0.548828125,0.24609375,0.046875,0.04296875,269.0,115.0,24.0,22.0,293.0,137.0,528.0,32.55764119219941,1.0909090909090908,115.0,False,True,small,GF1_WFV2_E118.9_N24.3_20200710_L2A0004922278,WFV2,2020-07-10
GF1_WFV2_E118.9_N24.3_20200710_L2A0004922278_6656_12288.png,0,1,0,0.3662109375,0.423828125,0.033203125,0.04296875,179.0,206.0,17.0,22.0,196.0,228.0,374.0,27.80287754891569,1.2941176470588236,179.0,False,True,small,GF1_WFV2_E118.9_N24.3_20200710_L2A0004922278,WFV2,2020-07-10
GF1_WFV2_E118.9_N24.3_20200710_L2A0004922278_6656_12288.png,1,2,0,0.3974609375,0.45703125,0.029296875,0.046875,196.0,222.0,15.0,24.0,211.0,246.0,360.0,28.30194339616981,1.6,196.0,False,True,small,GF1_WFV2_E118.9_N24.3_20200710_L2A0004922278,WFV2,2020-07-10
GF1_WFV2_E118.9_N24.3_20200710_L2A0004922278_6656_12288.png,2,3,0,0.2529296875,0.630859375,0.029296875,0.0390625,122.0,313.0,15.0,20.0,137.0,333.0,300.0,25.0,1.3333333333333333,122.0,False,True,small,GF1_WFV2_E118.9_N24.3_20200710_L2A0004922278,WFV2,2020-07-10
GF1_WFV2_E118.9_N24.3_20200710_L2A0004922278_6656_12288.png,3,4,0,0.330078125,0.6328125,0.02734375,0.046875,162.0,312.0,14.0,24.0,176.0,336.0,336.0,27.784887978899608,1.7142857142857142,162.0,False,True,small,GF1_WFV2_E118.9_N24.3_20200710_L2A0004922278,WFV2,2020-07-10
GF1_WFV2_E118.9_N24.3_20200710_L2A0004922278_6656_13312.png,0,1,0,0.3671875,0.91015625,0.0546875,0.03125,174.0,458.0,28.0,16.0,202.0,474.0,448.0,32.2490309931942,1.75,38.0,False,True,small,GF1_WFV2_E118.9_N24.3_20200710_L2A0004922278,WFV2,2020-07-10
GF1_WFV2_E118.9_N24.3_20200710_L2A0004922278_6656_13312.png,1,2,0,0.373046875,0.8837890625,0.03515625,0.029296875,182.0,445.0,18.0,15.0,200.0,460.0,270.0,23.430749027719962,1.2,52.0,False,True,small,GF1_WFV2_E118.9_N24.3_20200710_L2A0004922278,WFV2,2020-07-10
GF1_WFV2_E118.9_N24.3_20200710_L2A0004922278_6656_13312.png,2,3,0,0.33984375,0.36328125,0.0390625,0.0390625,164.0,176.0,20.0,20.0,184.0,196.0,400.0,28.284271247461902,1.0,164.0,False,True,small,GF1_WFV2_E118.9_N24.3_20200710_L2A0004922278,WFV2,2020-07-10
GF1_WFV2_E118.9_N24.3_20200710_L2A0004922278_6656_13312.png,3,4,0,0.90625,0.58984375,0.03515625,0.0234375,455.0,296.0,18.0,12.0,473.0,308.0,216.0,21.633307652783937,1.5,39.0,False,True,small,GF1_WFV2_E118.9_N24.3_20200710_L2A0004922278,WFV2,2020-07-10
GF1_WFV2_E118.9_N24.3_20200710_L2A0004922278_6656_13312.png,4,5,0,0.2080078125,0.5859375,0.033203125,0.02734375,98.0,293.0,17.0,14.0,115.0,307.0,238.0,22.02271554554524,1.2142857142857142,98.0,False,True,small,GF1_WFV2_E118.9_N24.3_20200710_L2A0004922278,WFV2,2020-07-10
GF1_WFV2_E118.9_N24.3_20200710_L2A0004922278_7168_13312.png,0,1,0,0.87109375,0.3515625,0.0390625,0.02734375,436.0,173.0,20.0,14.0,456.0,187.0,280.0,24.413111231467404,1.4285714285714286,56.0,False,True,small,GF1_WFV2_E118.9_N24.3_20200710_L2A0004922278,WFV2,2020-07-10
GF1_WFV2_E118.9_N24.3_20200710_L2A0004922278_7168_13312.png,1,2,0,0.3916015625,0.658203125,0.044921875,0.02734375,189.0,330.0,23.0,14.0,212.0,344.0,322.0,26.92582403567252,1.6428571428571428,168.0,False,True,small,GF1_WFV2_E118.9_N24.3_20200710_L2A0004922278,WFV2,2020-07-10
GF1_WFV2_E118.9_N24.3_20200710_L2A0004922278_8704_13824.png,0,1,0,0.2451171875,0.1123046875,0.037109375,0.037109375,116.0,48.0,19.0,19.0,135.0,67.0,361.0,26.870057685088806,1.0,48.0,False,True,small,GF1_WFV2_E118.9_N24.3_20200710_L2A0004922278,WFV2,2020-07-10
GF1_WFV2_E118.9_N24.3_20200710_L2A0004922278_8704_13824.png,1,2,0,0.8037109375,0.0068359375,0.041015625,0.013671875,401.0,0.0,21.0,7.0,422.0,7.0,147.0,22.135943621178654,3.0,0.0,True,True,small,GF1_WFV2_E118.9_N24.3_20200710_L2A0004922278,WFV2,2020-07-10
GF1_WFV2_E118.9_N24.3_20200710_L2A0004922278_9216_13312.png,0,1,0,0.2060546875,0.498046875,0.044921875,0.04296875,94.0,244.0,23.0,22.0,117.0,266.0,506.0,31.827660925679098,1.0454545454545454,94.0,False,True,small,GF1_WFV2_E118.9_N24.3_20200710_L2A0004922278,WFV2,2020-07-10
GF1_WFV2_E118.9_N24.3_20200710_L2A0004922278_9728_10752.png,0,1,0,0.2890625,0.0947265625,0.0546875,0.048828125,134.0,36.0,28.0,25.0,162.0,61.0,700.0,37.53664875824692,1.12,36.0,False,True,small,GF1_WFV2_E118.9_N24.3_20200710_L2A0004922278,WFV2,2020-07-10
GF1_WFV2_E118.9_N24.3_20200710_L2A0004922278_9728_13824.png,0,1,0,0.17578125,0.2255859375,0.0390625,0.029296875,80.0,108.0,20.0,15.0,100.0,123.0,300.0,25.0,1.3333333333333333,80.0,False,True,small,GF1_WFV2_E118.9_N24.3_20200710_L2A0004922278,WFV2,2020-07-10
GF1_WFV2_E123.6_N29.3_20190910_L2A0004239231_0_11264.png,0,1,0,0.779296875,0.560546875,0.0625,0.046875,383.0,275.0,32.0,24.0,415.0,299.0,768.0,40.0,1.3333333333333333,97.0,False,True,small,GF1_WFV2_E123.6_N29.3_20190910_L2A0004239231,WFV2,2019-09-10
GF1_WFV2_E123.6_N29.3_20190910_L2A0004239231_1024_10240.png,0,1,0,0.8994140625,0.7763671875,0.029296875,0.048828125,453.0,385.0,15.0,25.0,468.0,410.0,375.0,29.154759474226502,1.6666666666666667,44.0,False,True,small,GF1_WFV2_E123.6_N29.3_20190910_L2A0004239231,WFV2,2019-09-10
GF1_WFV2_E123.6_N29.3_20190910_L2A0004239231_1024_10752.png,0,1,0,0.2998046875,0.4677734375,0.048828125,0.060546875,141.0,224.0,25.0,31.0,166.0,255.0,775.0,39.824615503479755,1.24,141.0,False,True,small,GF1_WFV2_E123.6_N29.3_20190910_L2A0004239231,WFV2,2019-09-10
GF1_WFV2_E123.6_N29.3_20190910_L2A0004239231_1024_10752.png,1,2,0,0.5146484375,0.60546875,0.037109375,0.05078125,254.0,297.0,19.0,26.0,273.0,323.0,494.0,32.202484376209235,1.368421052631579,189.0,False,True,small,GF1_WFV2_E123.6_N29.3_20190910_L2A0004239231,WFV2,2019-09-10
GF1_WFV2_E123.6_N29.3_20190910_L2A0004239231_1024_10752.png,2,3,0,0.9169921875,0.251953125,0.037109375,0.046875,460.0,117.0,19.0,24.0,479.0,141.0,456.0,30.610455730027933,1.263157894736842,33.0,False,True,small,GF1_WFV2_E123.6_N29.3_20190910_L2A0004239231,WFV2,2019-09-10
GF1_WFV2_E123.6_N29.3_20190910_L2A0004239231_1024_11264.png,0,1,0,0.8125,0.7841796875,0.05859375,0.068359375,401.0,384.0,30.0,35.0,431.0,419.0,1050.0,46.09772228646444,1.1666666666666667,81.0,False,True,medium,GF1_WFV2_E123.6_N29.3_20190910_L2A0004239231,WFV2,2019-09-10
GF1_WFV2_E123.6_N29.3_20190910_L2A0004239231_1024_11776.png,0,1,0,0.5927734375,0.3603515625,0.048828125,0.060546875,291.0,169.0,25.0,31.0,316.0,200.0,775.0,39.824615503479755,1.24,169.0,False,True,small,GF1_WFV2_E123.6_N29.3_20190910_L2A0004239231,WFV2,2019-09-10
GF1_WFV2_E123.6_N29.3_20190910_L2A0004239231_1024_11776.png,1,2,0,0.6982421875,0.7470703125,0.056640625,0.056640625,343.0,368.0,29.0,29.0,372.0,397.0,841.0,41.012193308819754,1.0,115.0,False,True,small,GF1_WFV2_E123.6_N29.3_20190910_L2A0004239231,WFV2,2019-09-10
GF1_WFV2_E123.6_N29.3_20190910_L2A0004239231_1024_12288.png,0,1,0,0.5087890625,0.697265625,0.044921875,0.0546875,249.0,343.0,23.0,28.0,272.0,371.0,644.0,36.235341863986875,1.2173913043478262,141.0,False,True,small,GF1_WFV2_E123.6_N29.3_20190910_L2A0004239231,WFV2,2019-09-10
GF1_WFV2_E123.6_N29.3_20190910_L2A0004239231_1024_6144.png,0,1,0,0.7060546875,0.6103515625,0.052734375,0.044921875,348.0,301.0,27.0,23.0,375.0,324.0,621.0,35.4682957019364,1.173913043478261,137.0,False,True,small,GF1_WFV2_E123.6_N29.3_20190910_L2A0004239231,WFV2,2019-09-10
GF1_WFV2_E123.6_N29.3_20190910_L2A0004239231_1024_6144.png,1,2,0,0.728515625,0.1416015625,0.0390625,0.029296875,363.0,65.0,20.0,15.0,383.0,80.0,300.0,25.0,1.3333333333333333,65.0,False,True,small,GF1_WFV2_E123.6_N29.3_20190910_L2A0004239231,WFV2,2019-09-10
GF1_WFV2_E123.6_N29.3_20190910_L2A0004239231_1024_7168.png,0,1,0,0.2880859375,0.44921875,0.041015625,0.05078125,137.0,217.0,21.0,26.0,158.0,243.0,546.0,33.421549934136806,1.2380952380952381,137.0,False,True,small,GF1_WFV2_E123.6_N29.3_20190910_L2A0004239231,WFV2,2019-09-10
GF1_WFV2_E123.6_N29.3_20190910_L2A0004239231_1024_7168.png,1,2,0,0.814453125,0.525390625,0.0390625,0.04296875,407.0,258.0,20.0,22.0,427.0,280.0,440.0,29.732137494637012,1.1,85.0,False,True,small,GF1_WFV2_E123.6_N29.3_20190910_L2A0004239231,WFV2,2019-09-10
GF1_WFV2_E123.6_N29.3_20190910_L2A0004239231_1024_7168.png,2,3,0,0.879692832764505,0.9694300518134715,0.011945392491467532,0.021761658031088094,447.34470989761087,490.7772020725389,6.116040955631377,11.141968911917104,453.46075085324225,501.919170984456,68.14473819165657,12.710209605080774,1.8217616580310958,10.080829015543998,False,True,small,GF1_WFV2_E123.6_N29.3_20190910_L2A0004239231,WFV2,2019-09-10
GF1_WFV2_E123.6_N29.3_20190910_L2A0004239231_1024_8192.png,0,1,0,0.128839590443686,0.749222797927461,0.01877133105802048,0.020725388601036232,61.160409556313994,378.29637305699475,9.610921501706486,10.61139896373055,70.77133105802048,388.9077720207253,101.98532246370387,14.316829260678702,1.1040979745642938,61.160409556313994,False,True,small,GF1_WFV2_E123.6_N29.3_20190910_L2A0004239231,WFV2,2019-09-10
GF1_WFV2_E123.6_N29.3_20190910_L2A0004239231_11776_8192.png,0,1,0,0.6396484375,0.9931640625,0.025390625,0.013671875,321.0,505.0,13.0,7.0,334.0,512.0,91.0,14.7648230602334,1.8571428571428572,0.0,True,True,small,GF1_WFV2_E123.6_N29.3_20190910_L2A0004239231,WFV2,2019-09-10
GF1_WFV2_E123.6_N29.3_20190910_L2A0004239231_1536_10240.png,0,1,0,0.16796875,0.8359375,0.046875,0.0625,74.0,412.0,24.0,32.0,98.0,444.0,768.0,40.0,1.3333333333333333,68.0,False,True,small,GF1_WFV2_E123.6_N29.3_20190910_L2A0004239231,WFV2,2019-09-10
GF1_WFV2_E123.6_N29.3_20190910_L2A0004239231_1536_10240.png,1,2,0,0.5849609375,0.3544921875,0.052734375,0.056640625,286.0,167.0,27.0,29.0,313.0,196.0,783.0,39.6232255123179,1.0740740740740742,167.0,False,True,small,GF1_WFV2_E123.6_N29.3_20190910_L2A0004239231,WFV2,2019-09-10
GF1_WFV2_E123.6_N29.3_20190910_L2A0004239231_1536_3072.png,0,1,0,0.775390625,0.9716796875,0.046875,0.037109375,385.0,488.0,24.0,19.0,409.0,507.0,456.0,30.610455730027933,1.263157894736842,5.0,False,True,small,GF1_WFV2_E123.6_N29.3_20190910_L2A0004239231,WFV2,2019-09-10
GF1_WFV2_E123.6_N29.3_20190910_L2A0004239231_1536_3584.png,0,1,0,0.6103515625,0.693359375,0.068359375,0.0390625,295.0,345.0,35.0,20.0,330.0,365.0,700.0,40.311288741492746,1.75,147.0,False,True,small,GF1_WFV2_E123.6_N29.3_20190910_L2A0004239231,WFV2,2019-09-10
GF1_WFV2_E123.6_N29.3_20190910_L2A0004239231_1536_3584.png,1,2,0,0.96484375,0.537109375,0.046875,0.046875,482.0,263.0,24.0,24.0,506.0,287.0,576.0,33.94112549695428,1.0,6.0,False,True,small,GF1_WFV2_E123.6_N29.3_20190910_L2A0004239231,WFV2,2019-09-10
GF1_WFV2_E123.6_N29.3_20190910_L2A0004239231_1536_4096.png,0,1,0,0.7607421875,0.3095703125,0.064453125,0.041015625,373.0,148.0,33.0,21.0,406.0,169.0,693.0,39.11521443121589,1.5714285714285714,106.0,False,True,small,GF1_WFV2_E123.6_N29.3_20190910_L2A0004239231,WFV2,2019-09-10
GF1_WFV2_E123.6_N29.3_20190910_L2A0004239231_1536_4096.png,1,2,0,0.7939453125,0.83203125,0.076171875,0.05078125,387.0,413.0,39.0,26.0,426.0,439.0,1014.0,46.87216658103186,1.5,73.0,False,True,small,GF1_WFV2_E123.6_N29.3_20190910_L2A0004239231,WFV2,2019-09-10
GF1_WFV2_E123.6_N29.3_20190910_L2A0004239231_1536_4096.png,2,3,0,0.591796875,0.740234375,0.0703125,0.05078125,285.0,366.0,36.0,26.0,321.0,392.0,936.0,44.40720662234904,1.3846153846153846,120.0,False,True,small,GF1_WFV2_E123.6_N29.3_20190910_L2A0004239231,WFV2,2019-09-10
GF1_WFV2_E123.6_N29.3_20190910_L2A0004239231_1536_4096.png,3,4,0,0.4482421875,0.865234375,0.056640625,0.03515625,215.0,434.0,29.0,18.0,244.0,452.0,522.0,34.132096331752024,1.6111111111111112,60.0,False,True,small,GF1_WFV2_E123.6_N29.3_20190910_L2A0004239231,WFV2,2019-09-10
GF1_WFV2_E123.6_N29.3_20190910_L2A0004239231_1536_4608.png,0,1,0,0.6787109375,0.0224609375,0.037109375,0.044921875,338.0,0.0,19.0,23.0,357.0,23.0,437.0,29.832867780352597,1.2105263157894737,0.0,True,True,small,GF1_WFV2_E123.6_N29.3_20190910_L2A0004239231,WFV2,2019-09-10
GF1_WFV2_E123.6_N29.3_20190910_L2A0004239231_1536_4608.png,1,2,0,0.96875,0.0166015625,0.05859375,0.033203125,481.0,0.0,30.0,17.0,511.0,17.0,510.0,34.48187929913333,1.7647058823529411,0.0,True,True,small,GF1_WFV2_E123.6_N29.3_20190910_L2A0004239231,WFV2,2019-09-10
GF1_WFV2_E123.6_N29.3_20190910_L2A0004239231_1536_4608.png,2,3,0,0.54296875,0.330078125,0.08203125,0.05078125,257.0,156.0,42.0,26.0,299.0,182.0,1092.0,49.39635614091387,1.6153846153846154,156.0,False,True,medium,GF1_WFV2_E123.6_N29.3_20190910_L2A0004239231,WFV2,2019-09-10
GF1_WFV2_E123.6_N29.3_20190910_L2A0004239231_1536_4608.png,3,4,0,0.2314453125,0.361328125,0.064453125,0.05078125,102.0,172.0,33.0,26.0,135.0,198.0,858.0,42.01190307520001,1.2692307692307692,102.0,False,True,small,GF1_WFV2_E123.6_N29.3_20190910_L2A0004239231,WFV2,2019-09-10
GF1_WFV2_E123.6_N29.3_20190910_L2A0004239231_1536_4608.png,4,5,0,0.732421875,0.5830078125,0.0625,0.052734375,359.0,285.0,32.0,27.0,391.0,312.0,864.0,41.86884283091664,1.1851851851851851,121.0,False,True,small,GF1_WFV2_E123.6_N29.3_20190910_L2A0004239231,WFV2,2019-09-10
GF1_WFV2_E123.6_N29.3_20190910_L2A0004239231_1536_4608.png,5,6,0,0.6474609375,0.5498046875,0.037109375,0.041015625,322.0,271.0,19.0,21.0,341.0,292.0,399.0,28.319604517012593,1.105263157894737,171.0,False,True,small,GF1_WFV2_E123.6_N29.3_20190910_L2A0004239231,WFV2,2019-09-10
GF1_WFV2_E123.6_N29.3_20190910_L2A0004239231_1536_4608.png,6,7,0,0.296875,0.962890625,0.0625,0.04296875,136.0,482.0,32.0,22.0,168.0,504.0,704.0,38.8329756778952,1.4545454545454546,8.0,False,True,small,GF1_WFV2_E123.6_N29.3_20190910_L2A0004239231,WFV2,2019-09-10
GF1_WFV2_E123.6_N29.3_20190910_L2A0004239231_1536_4608.png,7,8,0,0.2421875,0.7666015625,0.0546875,0.041015625,110.0,382.0,28.0,21.0,138.0,403.0,588.0,35.0,1.3333333333333333,109.0,False,True,small,GF1_WFV2_E123.6_N29.3_20190910_L2A0004239231,WFV2,2019-09-10
GF1_WFV2_E123.6_N29.3_20190910_L2A0004239231_1536_4608.png,8,9,0,0.544921875,0.8701171875,0.0546875,0.041015625,265.0,435.0,28.0,21.0,293.0,456.0,588.0,35.0,1.3333333333333333,56.0,False,True,small,GF1_WFV2_E123.6_N29.3_20190910_L2A0004239231,WFV2,2019-09-10
GF1_WFV2_E123.6_N29.3_20190910_L2A0004239231_1536_4608.png,9,10,0,0.4794921875,0.97265625,0.052734375,0.046875,232.0,486.0,27.0,24.0,259.0,510.0,648.0,36.124783736376884,1.125,2.0,False,True,small,GF1_WFV2_E123.6_N29.3_20190910_L2A0004239231,WFV2,2019-09-10
GF1_WFV2_E123.6_N29.3_20190910_L2A0004239231_1536_5120.png,0,1,0,0.0478515625,0.220703125,0.052734375,0.046875,11.0,101.0,27.0,24.0,38.0,125.0,648.0,36.124783736376884,1.125,11.0,False,True,small,GF1_WFV2_E123.6_N29.3_20190910_L2A0004239231,WFV2,2019-09-10
GF1_WFV2_E123.6_N29.3_20190910_L2A0004239231_1536_5120.png,1,2,0,0.01953125,0.5302734375,0.0390625,0.037109375,0.0,262.0,20.0,19.0,20.0,281.0,380.0,27.586228448267445,1.0526315789473684,0.0,True,True,small,GF1_WFV2_E123.6_N29.3_20190910_L2A0004239231,WFV2,2019-09-10
GF1_WFV2_E123.6_N29.3_20190910_L2A0004239231_1536_5632.png,0,1,0,0.1630859375,0.0791015625,0.064453125,0.056640625,67.0,26.0,33.0,29.0,100.0,55.0,957.0,43.93176527297759,1.1379310344827587,26.0,False,True,small,GF1_WFV2_E123.6_N29.3_20190910_L2A0004239231,WFV2,2019-09-10
GF1_WFV2_E123.6_N29.3_20190910_L2A0004239231_1536_7168.png,0,1,0,0.451171875,0.9560546875,0.05859375,0.052734375,216.0,476.0,30.0,27.0,246.0,503.0,810.0,40.36087214122113,1.1111111111111112,9.0,False,True,small,GF1_WFV2_E123.6_N29.3_20190910_L2A0004239231,WFV2,2019-09-10
GF1_WFV2_E123.6_N29.3_20190910_L2A0004239231_1536_9728.png,0,1,0,0.3701171875,0.55078125,0.041015625,0.05078125,179.0,269.0,21.0,26.0,200.0,295.0,546.0,33.421549934136806,1.2380952380952381,179.0,False,True,small,GF1_WFV2_E123.6_N29.3_20190910_L2A0004239231,WFV2,2019-09-10
GF1_WFV2_E123.6_N29.3_20190910_L2A0004239231_2048_0.png,0,1,0,0.9755859375,0.9501953125,0.048828125,0.033203125,487.0,478.0,25.0,17.0,512.0,495.0,425.0,30.23243291566195,1.4705882352941178,0.0,True,True,small,GF1_WFV2_E123.6_N29.3_20190910_L2A0004239231,WFV2,2019-09-10
GF1_WFV2_E123.6_N29.3_20190910_L2A0004239231_2048_1024.png,0,1,0,0.818359375,0.9892578125,0.0390625,0.021484375,409.0,501.0,20.0,11.0,429.0,512.0,220.0,22.825424421026653,1.8181818181818181,0.0,True,True,small,GF1_WFV2_E123.6_N29.3_20190910_L2A0004239231,WFV2,2019-09-10
GF1_WFV2_E123.6_N29.3_20190910_L2A0004239231_2048_11264.png,0,1,0,0.8779296875,0.3544921875,0.037109375,0.033203125,440.0,173.0,19.0,17.0,459.0,190.0,323.0,25.495097567963924,1.1176470588235294,53.0,False,True,small,GF1_WFV2_E123.6_N29.3_20190910_L2A0004239231,WFV2,2019-09-10
GF1_WFV2_E123.6_N29.3_20190910_L2A0004239231_2048_1536.png,0,1,0,0.625,0.5302734375,0.05859375,0.044921875,305.0,260.0,30.0,23.0,335.0,283.0,690.0,37.8021163428716,1.3043478260869565,177.0,False,True,small,GF1_WFV2_E123.6_N29.3_20190910_L2A0004239231,WFV2,2019-09-10
GF1_WFV2_E123.6_N29.3_20190910_L2A0004239231_2048_1536.png,1,2,0,0.7783203125,0.349609375,0.041015625,0.02734375,388.0,172.0,21.0,14.0,409.0,186.0,294.0,25.238858928247925,1.5,103.0,False,True,small,GF1_WFV2_E123.6_N29.3_20190910_L2A0004239231,WFV2,2019-09-10
GF1_WFV2_E123.6_N29.3_20190910_L2A0004239231_2048_1536.png,2,3,0,0.916015625,0.0546875,0.0390625,0.03515625,459.0,19.0,20.0,18.0,479.0,37.0,360.0,26.90724809414742,1.1111111111111112,19.0,False,True,small,GF1_WFV2_E123.6_N29.3_20190910_L2A0004239231,WFV2,2019-09-10
GF1_WFV2_E123.6_N29.3_20190910_L2A0004239231_2048_2048.png,0,1,0,0.3974609375,0.4345703125,0.041015625,0.044921875,193.0,211.0,21.0,23.0,214.0,234.0,483.0,31.144823004794873,1.0952380952380953,193.0,False,True,small,GF1_WFV2_E123.6_N29.3_20190910_L2A0004239231,WFV2,2019-09-10
GF1_WFV2_E123.6_N29.3_20190910_L2A0004239231_2048_2048.png,1,2,0,0.455078125,0.50390625,0.05078125,0.04296875,220.0,247.0,26.0,22.0,246.0,269.0,572.0,34.058772731852805,1.1818181818181819,220.0,False,True,small,GF1_WFV2_E123.6_N29.3_20190910_L2A0004239231,WFV2,2019-09-10
GF1_WFV2_E123.6_N29.3_20190910_L2A0004239231_2048_2048.png,2,3,0,0.6044921875,0.1884765625,0.041015625,0.033203125,299.0,88.0,21.0,17.0,320.0,105.0,357.0,27.018512172212592,1.2352941176470589,88.0,False,True,small,GF1_WFV2_E123.6_N29.3_20190910_L2A0004239231,WFV2,2019-09-10
GF1_WFV2_E123.6_N29.3_20190910_L2A0004239231_2048_2048.png,3,4,0,0.640625,0.076171875,0.04296875,0.0390625,317.0,29.0,22.0,20.0,339.0,49.0,440.0,29.732137494637012,1.1,29.0,False,True,small,GF1_WFV2_E123.6_N29.3_20190910_L2A0004239231,WFV2,2019-09-10
GF1_WFV2_E123.6_N29.3_20190910_L2A0004239231_2048_2048.png,4,5,0,0.626953125,0.2890625,0.046875,0.03125,309.0,140.0,24.0,16.0,333.0,156.0,384.0,28.844410203711913,1.5,140.0,False,True,small,GF1_WFV2_E123.6_N29.3_20190910_L2A0004239231,WFV2,2019-09-10
GF1_WFV2_E123.6_N29.3_20190910_L2A0004239231_2048_2560.png,0,1,0,0.6337890625,0.1162109375,0.048828125,0.037109375,312.0,50.0,25.0,19.0,337.0,69.0,475.0,31.400636936215164,1.3157894736842106,50.0,False,True,small,GF1_WFV2_E123.6_N29.3_20190910_L2A0004239231,WFV2,2019-09-10
GF1_WFV2_E123.6_N29.3_20190910_L2A0004239231_2048_2560.png,1,2,0,0.640625,0.5126953125,0.01953125,0.021484375,323.0,257.0,10.0,11.0,333.0,268.0,110.0,14.866068747318506,1.1,179.0,False,True,small,GF1_WFV2_E123.6_N29.3_20190910_L2A0004239231,WFV2,2019-09-10
GF1_WFV2_E123.6_N29.3_20190910_L2A0004239231_2048_2560.png,2,3,0,0.275390625,0.4326171875,0.0234375,0.021484375,135.0,216.0,12.0,11.0,147.0,227.0,132.0,16.278820596099706,1.0909090909090908,135.0,False,True,small,GF1_WFV2_E123.6_N29.3_20190910_L2A0004239231,WFV2,2019-09-10
GF1_WFV2_E123.6_N29.3_20190910_L2A0004239231_2048_3072.png,0,1,0,0.8291015625,0.9150390625,0.048828125,0.044921875,412.0,457.0,25.0,23.0,437.0,480.0,575.0,33.97057550292606,1.0869565217391304,32.0,False,True,small,GF1_WFV2_E123.6_N29.3_20190910_L2A0004239231,WFV2,2019-09-10
GF1_WFV2_E123.6_N29.3_20190910_L2A0004239231_2048_3072.png,1,2,0,0.845703125,0.7470703125,0.02734375,0.021484375,426.0,377.0,14.0,11.0,440.0,388.0,154.0,17.804493814764857,1.2727272727272727,72.0,False,True,small,GF1_WFV2_E123.6_N29.3_20190910_L2A0004239231,WFV2,2019-09-10
GF1_WFV2_E123.6_N29.3_20190910_L2A0004239231_2048_3584.png,0,1,0,0.5029296875,0.947265625,0.052734375,0.046875,244.0,473.0,27.0,24.0,271.0,497.0,648.0,36.124783736376884,1.125,15.0,False,True,small,GF1_WFV2_E123.6_N29.3_20190910_L2A0004239231,WFV2,2019-09-10
GF1_WFV2_E123.6_N29.3_20190910_L2A0004239231_2048_4096.png,0,1,0,0.5107421875,0.68359375,0.060546875,0.04296875,246.0,339.0,31.0,22.0,277.0,361.0,682.0,38.01315561749642,1.4090909090909092,151.0,False,True,small,GF1_WFV2_E123.6_N29.3_20190910_L2A0004239231,WFV2,2019-09-10
GF1_WFV2_E123.6_N29.3_20190910_L2A0004239231_2048_4096.png,1,2,0,0.1005859375,0.5517578125,0.056640625,0.052734375,37.0,269.0,29.0,27.0,66.0,296.0,783.0,39.6232255123179,1.0740740740740742,37.0,False,True,small,GF1_WFV2_E123.6_N29.3_20190910_L2A0004239231,WFV2,2019-09-10
GF1_WFV2_E123.6_N29.3_20190910_L2A0004239231_2048_4096.png,2,3,0,0.2919921875,0.5361328125,0.044921875,0.052734375,138.0,261.0,23.0,27.0,161.0,288.0,621.0,35.4682957019364,1.173913043478261,138.0,False,True,small,GF1_WFV2_E123.6_N29.3_20190910_L2A0004239231,WFV2,2019-09-10
GF1_WFV2_E123.6_N29.3_20190910_L2A0004239231_2048_4096.png,3,4,0,0.2666015625,0.021484375,0.080078125,0.0390625,116.0,1.0,41.0,20.0,157.0,21.0,820.0,45.617978911828175,2.05,1.0,False,True,small,GF1_WFV2_E123.6_N29.3_20190910_L2A0004239231,WFV2,2019-09-10
GF1_WFV2_E123.6_N29.3_20190910_L2A0004239231_2048_4608.png,0,1,0,0.91796875,0.3466796875,0.06640625,0.052734375,453.0,164.0,34.0,27.0,487.0,191.0,918.0,43.41658669218482,1.2592592592592593,25.0,False,True,small,GF1_WFV2_E123.6_N29.3_20190910_L2A0004239231,WFV2,2019-09-10
GF1_WFV2_E123.6_N29.3_20190910_L2A0004239231_2048_4608.png,1,2,0,0.861328125,0.2265625,0.0703125,0.0625,423.0,100.0,36.0,32.0,459.0,132.0,1152.0,48.16637831516918,1.125,53.0,False,True,medium,GF1_WFV2_E123.6_N29.3_20190910_L2A0004239231,WFV2,2019-09-10
GF1_WFV2_E123.6_N29.3_20190910_L2A0004239231_2048_4608.png,2,3,0,0.875,0.083984375,0.04296875,0.04296875,437.0,32.0,22.0,22.0,459.0,54.0,484.0,31.11269837220809,1.0,32.0,False,True,small,GF1_WFV2_E123.6_N29.3_20190910_L2A0004239231,WFV2,2019-09-10
GF1_WFV2_E123.6_N29.3_20190910_L2A0004239231_2048_4608.png,3,4,0,0.224609375,0.216796875,0.05859375,0.04296875,100.0,100.0,30.0,22.0,130.0,122.0,660.0,37.20215047547655,1.3636363636363635,100.0,False,True,small,GF1_WFV2_E123.6_N29.3_20190910_L2A0004239231,WFV2,2019-09-10
GF1_WFV2_E123.6_N29.3_20190910_L2A0004239231_2048_4608.png,4,5,0,0.1396484375,0.5048828125,0.068359375,0.052734375,54.0,245.0,35.0,27.0,89.0,272.0,945.0,44.204072210600685,1.2962962962962963,54.0,False,True,small,GF1_WFV2_E123.6_N29.3_20190910_L2A0004239231,WFV2,2019-09-10
GF1_WFV2_E123.6_N29.3_20190910_L2A0004239231_2048_5632.png,0,1,0,0.25,0.095703125,0.0625,0.03125,112.0,41.0,32.0,16.0,144.0,57.0,512.0,35.77708763999664,2.0,41.0,False,True,small,GF1_WFV2_E123.6_N29.3_20190910_L2A0004239231,WFV2,2019-09-10
GF1_WFV2_E123.6_N29.3_20190910_L2A0004239231_2048_6656.png,0,1,0,0.1728515625,0.9619140625,0.044921875,0.041015625,77.0,482.0,23.0,21.0,100.0,503.0,483.0,31.144823004794873,1.0952380952380953,9.0,False,True,small,GF1_WFV2_E123.6_N29.3_20190910_L2A0004239231,WFV2,2019-09-10
GF1_WFV2_E123.6_N29.3_20190910_L2A0004239231_2048_8192.png,0,1,0,0.744140625,0.75390625,0.0625,0.046875,365.0,374.0,32.0,24.0,397.0,398.0,768.0,40.0,1.3333333333333333,114.0,False,True,small,GF1_WFV2_E123.6_N29.3_20190910_L2A0004239231,WFV2,2019-09-10
GF1_WFV2_E123.6_N29.3_20190910_L2A0004239231_2048_8704.png,0,1,0,0.318359375,0.203125,0.06640625,0.05859375,146.0,89.0,34.0,30.0,180.0,119.0,1020.0,45.34313619501854,1.1333333333333333,89.0,False,True,small,GF1_WFV2_E123.6_N29.3_20190910_L2A0004239231,WFV2,2019-09-10
GF1_WFV2_E123.6_N29.3_20190910_L2A0004239231_2048_8704.png,1,2,0,0.4658203125,0.30859375,0.041015625,0.0390625,228.0,148.0,21.0,20.0,249.0,168.0,420.0,29.0,1.05,148.0,False,True,small,GF1_WFV2_E123.6_N29.3_20190910_L2A0004239231,WFV2,2019-09-10
GF1_WFV2_E123.6_N29.3_20190910_L2A0004239231_2048_9216.png,0,1,0,0.9853515625,0.5888671875,0.029296875,0.044921875,497.0,290.0,15.0,23.0,512.0,313.0,345.0,27.459060435491963,1.5333333333333334,0.0,True,True,small,GF1_WFV2_E123.6_N29.3_20190910_L2A0004239231,WFV2,2019-09-10
GF1_WFV2_E123.6_N29.3_20190910_L2A0004239231_2048_9728.png,0,1,0,0.0263671875,0.9052734375,0.048828125,0.068359375,1.0,446.0,25.0,35.0,26.0,481.0,875.0,43.01162633521314,1.4,1.0,False,True,small,GF1_WFV2_E123.6_N29.3_20190910_L2A0004239231,WFV2,2019-09-10
GF1_WFV2_E123.6_N29.3_20190910_L2A0004239231_2560_0.png,0,1,0,0.1689453125,0.6474609375,0.044921875,0.041015625,75.0,321.0,23.0,21.0,98.0,342.0,483.0,31.144823004794873,1.0952380952380953,75.0,False,True,small,GF1_WFV2_E123.6_N29.3_20190910_L2A0004239231,WFV2,2019-09-10
GF1_WFV2_E123.6_N29.3_20190910_L2A0004239231_2560_0.png,1,2,0,0.2353515625,0.330078125,0.041015625,0.03515625,110.0,160.0,21.0,18.0,131.0,178.0,378.0,27.65863337187866,1.1666666666666667,110.0,False,True,small,GF1_WFV2_E123.6_N29.3_20190910_L2A0004239231,WFV2,2019-09-10
GF1_WFV2_E123.6_N29.3_20190910_L2A0004239231_2560_0.png,2,3,0,0.408203125,0.658203125,0.0390625,0.02734375,199.0,330.0,20.0,14.0,219.0,344.0,280.0,24.413111231467404,1.4285714285714286,168.0,False,True,small,GF1_WFV2_E123.6_N29.3_20190910_L2A0004239231,WFV2,2019-09-10
GF1_WFV2_E123.6_N29.3_20190910_L2A0004239231_2560_0.png,3,4,0,0.34765625,0.6845703125,0.046875,0.025390625,166.0,344.0,24.0,13.0,190.0,357.0,312.0,27.294688127912362,1.8461538461538463,155.0,False,True,small,GF1_WFV2_E123.6_N29.3_20190910_L2A0004239231,WFV2,2019-09-10
GF1_WFV2_E123.6_N29.3_20190910_L2A0004239231_2560_1024.png,0,1,0,0.2177734375,0.6982421875,0.048828125,0.037109375,99.0,348.0,25.0,19.0,124.0,367.0,475.0,31.400636936215164,1.3157894736842106,99.0,False,True,small,GF1_WFV2_E123.6_N29.3_20190910_L2A0004239231,WFV2,2019-09-10
GF1_WFV2_E123.6_N29.3_20190910_L2A0004239231_2560_1024.png,1,2,0,0.73828125,0.818359375,0.05078125,0.03515625,365.0,410.0,26.0,18.0,391.0,428.0,468.0,31.622776601683793,1.4444444444444444,84.0,False,True,small,GF1_WFV2_E123.6_N29.3_20190910_L2A0004239231,WFV2,2019-09-10
GF1_WFV2_E123.6_N29.3_20190910_L2A0004239231_2560_11264.png,0,1,0,0.328125,0.8017578125,0.03125,0.041015625,160.0,400.0,16.0,21.0,176.0,421.0,336.0,26.40075756488817,1.3125,91.0,False,True,small,GF1_WFV2_E123.6_N29.3_20190910_L2A0004239231,WFV2,2019-09-10
GF1_WFV2_E123.6_N29.3_20190910_L2A0004239231_2560_11776.png,0,1,0,0.5556640625,0.2939453125,0.021484375,0.025390625,279.0,144.0,11.0,13.0,290.0,157.0,143.0,17.029386365926403,1.1818181818181819,144.0,False,True,small,GF1_WFV2_E123.6_N29.3_20190910_L2A0004239231,WFV2,2019-09-10
GF1_WFV2_E123.6_N29.3_20190910_L2A0004239231_2560_1536.png,0,1,0,0.751953125,0.8720703125,0.0390625,0.044921875,375.0,435.0,20.0,23.0,395.0,458.0,460.0,30.479501308256342,1.15,54.0,False,True,small,GF1_WFV2_E123.6_N29.3_20190910_L2A0004239231,WFV2,2019-09-10
GF1_WFV2_E123.6_N29.3_20190910_L2A0004239231_2560_1536.png,1,2,0,0.6826171875,0.775390625,0.048828125,0.046875,337.0,385.0,25.0,24.0,362.0,409.0,600.0,34.655446902326915,1.0416666666666667,103.0,False,True,small,GF1_WFV2_E123.6_N29.3_20190910_L2A0004239231,WFV2,2019-09-10
GF1_WFV2_E123.6_N29.3_20190910_L2A0004239231_2560_1536.png,2,3,0,0.3232421875,0.447265625,0.044921875,0.02734375,154.0,222.0,23.0,14.0,177.0,236.0,322.0,26.92582403567252,1.6428571428571428,154.0,False,True,small,GF1_WFV2_E123.6_N29.3_20190910_L2A0004239231,WFV2,2019-09-10
GF1_WFV2_E123.6_N29.3_20190910_L2A0004239231_2560_2048.png,0,1,0,0.2705078125,0.2861328125,0.044921875,0.033203125,127.0,138.0,23.0,17.0,150.0,155.0,391.0,28.600699292150182,1.3529411764705883,127.0,False,True,small,GF1_WFV2_E123.6_N29.3_20190910_L2A0004239231,WFV2,2019-09-10
GF1_WFV2_E123.6_N29.3_20190910_L2A0004239231_2560_2048.png,1,2,0,0.775390625,0.185546875,0.0546875,0.04296875,383.0,84.0,28.0,22.0,411.0,106.0,616.0,35.608987629529715,1.2727272727272727,84.0,False,True,small,GF1_WFV2_E123.6_N29.3_20190910_L2A0004239231,WFV2,2019-09-10
GF1_WFV2_E123.6_N29.3_20190910_L2A0004239231_2560_2560.png,0,1,0,0.4931640625,0.7041015625,0.048828125,0.041015625,240.0,350.0,25.0,21.0,265.0,371.0,525.0,32.64965543462902,1.1904761904761905,141.0,False,True,small,GF1_WFV2_E123.6_N29.3_20190910_L2A0004239231,WFV2,2019-09-10
GF1_WFV2_E123.6_N29.3_20190910_L2A0004239231_2560_2560.png,1,2,0,0.5341796875,0.8359375,0.044921875,0.0390625,262.0,418.0,23.0,20.0,285.0,438.0,460.0,30.479501308256342,1.15,74.0,False,True,small,GF1_WFV2_E123.6_N29.3_20190910_L2A0004239231,WFV2,2019-09-10
GF1_WFV2_E123.6_N29.3_20190910_L2A0004239231_2560_3072.png,0,1,0,0.9384765625,0.3544921875,0.041015625,0.060546875,470.0,166.0,21.0,31.0,491.0,197.0,651.0,37.44329045369811,1.4761904761904763,21.0,False,True,small,GF1_WFV2_E123.6_N29.3_20190910_L2A0004239231,WFV2,2019-09-10
GF1_WFV2_E123.6_N29.3_20190910_L2A0004239231_2560_3584.png,0,1,0,0.6728515625,0.8330078125,0.068359375,0.052734375,327.0,413.0,35.0,27.0,362.0,440.0,945.0,44.204072210600685,1.2962962962962963,72.0,False,True,small,GF1_WFV2_E123.6_N29.3_20190910_L2A0004239231,WFV2,2019-09-10
GF1_WFV2_E123.6_N29.3_20190910_L2A0004239231_2560_3584.png,1,2,0,0.447265625,0.2802734375,0.03515625,0.044921875,220.0,132.0,18.0,23.0,238.0,155.0,414.0,29.206163733020468,1.2777777777777777,132.0,False,True,small,GF1_WFV2_E123.6_N29.3_20190910_L2A0004239231,WFV2,2019-09-10
GF1_WFV2_E123.6_N29.3_20190910_L2A0004239231_2560_3584.png,2,3,0,0.017578125,0.564453125,0.03515625,0.04296875,0.0,278.0,18.0,22.0,18.0,300.0,396.0,28.42534080710379,1.2222222222222223,0.0,True,True,small,GF1_WFV2_E123.6_N29.3_20190910_L2A0004239231,WFV2,2019-09-10
GF1_WFV2_E123.6_N29.3_20190910_L2A0004239231_2560_4096.png,0,1,0,0.8818359375,0.8193359375,0.056640625,0.060546875,437.0,404.0,29.0,31.0,466.0,435.0,899.0,42.44997055358225,1.0689655172413792,46.0,False,True,small,GF1_WFV2_E123.6_N29.3_20190910_L2A0004239231,WFV2,2019-09-10
GF1_WFV2_E123.6_N29.3_20190910_L2A0004239231_2560_512.png,0,1,0,0.1064453125,0.84375,0.025390625,0.03125,48.0,424.0,13.0,16.0,61.0,440.0,208.0,20.615528128088304,1.2307692307692308,48.0,False,True,small,GF1_WFV2_E123.6_N29.3_20190910_L2A0004239231,WFV2,2019-09-10
GF1_WFV2_E123.6_N29.3_20190910_L2A0004239231_2560_512.png,1,2,0,0.1787109375,0.6640625,0.033203125,0.02734375,83.0,333.0,17.0,14.0,100.0,347.0,238.0,22.02271554554524,1.2142857142857142,83.0,False,True,small,GF1_WFV2_E123.6_N29.3_20190910_L2A0004239231,WFV2,2019-09-10
GF1_WFV2_E123.6_N29.3_20190910_L2A0004239231_2560_5632.png,0,1,0,0.4384765625,0.0927734375,0.052734375,0.044921875,211.0,36.0,27.0,23.0,238.0,59.0,621.0,35.4682957019364,1.173913043478261,36.0,False,True,small,GF1_WFV2_E123.6_N29.3_20190910_L2A0004239231,WFV2,2019-09-10
GF1_WFV2_E123.6_N29.3_20190910_L2A0004239231_2560_5632.png,1,2,0,0.62109375,0.5,0.05078125,0.05859375,305.0,241.0,26.0,30.0,331.0,271.0,780.0,39.698866482558415,1.1538461538461537,181.0,False,True,small,GF1_WFV2_E123.6_N29.3_20190910_L2A0004239231,WFV2,2019-09-10
GF1_WFV2_E123.6_N29.3_20190910_L2A0004239231_2560_5632.png,2,3,0,0.357421875,0.9658203125,0.05859375,0.052734375,168.0,481.0,30.0,27.0,198.0,508.0,810.0,40.36087214122113,1.1111111111111112,4.0,False,True,small,GF1_WFV2_E123.6_N29.3_20190910_L2A0004239231,WFV2,2019-09-10
GF1_WFV2_E123.6_N29.3_20190910_L2A0004239231_2560_6144.png,0,1,0,0.044921875,0.9775390625,0.05859375,0.044921875,8.0,489.0,30.0,23.0,38.0,512.0,690.0,37.8021163428716,1.3043478260869565,0.0,True,True,small,GF1_WFV2_E123.6_N29.3_20190910_L2A0004239231,WFV2,2019-09-10
GF1_WFV2_E123.6_N29.3_20190910_L2A0004239231_2560_7168.png,0,1,0,0.736328125,0.3623046875,0.0625,0.060546875,361.0,170.0,32.0,31.0,393.0,201.0,992.0,44.553338819890925,1.032258064516129,119.0,False,True,small,GF1_WFV2_E123.6_N29.3_20190910_L2A0004239231,WFV2,2019-09-10
GF1_WFV2_E123.6_N29.3_20190910_L2A0004239231_2560_7168.png,1,2,0,0.2705078125,0.77734375,0.048828125,0.05078125,126.0,385.0,25.0,26.0,151.0,411.0,650.0,36.069377593742864,1.04,101.0,False,True,small,GF1_WFV2_E123.6_N29.3_20190910_L2A0004239231,WFV2,2019-09-10
GF1_WFV2_E123.6_N29.3_20190910_L2A0004239231_2560_7680.png,0,1,0,0.04296875,0.078125,0.046875,0.06640625,10.0,23.0,24.0,34.0,34.0,57.0,816.0,41.617304093369626,1.4166666666666667,10.0,False,True,small,GF1_WFV2_E123.6_N29.3_20190910_L2A0004239231,WFV2,2019-09-10
GF1_WFV2_E123.6_N29.3_20190910_L2A0004239231_2560_8192.png,0,1,0,0.4921875,0.5361328125,0.0546875,0.056640625,238.0,260.0,28.0,29.0,266.0,289.0,812.0,40.311288741492746,1.0357142857142858,223.0,False,True,small,GF1_WFV2_E123.6_N29.3_20190910_L2A0004239231,WFV2,2019-09-10
GF1_WFV2_E123.6_N29.3_20190910_L2A0004239231_2560_9216.png,0,1,0,0.9384765625,0.2578125,0.056640625,0.06640625,466.0,115.0,29.0,34.0,495.0,149.0,986.0,44.68780594300866,1.1724137931034482,17.0,False,True,small,GF1_WFV2_E123.6_N29.3_20190910_L2A0004239231,WFV2,2019-09-10
GF1_WFV2_E123.6_N29.3_20190910_L2A0004239231_2560_9728.png,0,1,0,0.3134765625,0.1787109375,0.068359375,0.080078125,143.0,71.0,35.0,41.0,178.0,112.0,1435.0,53.907327887774215,1.1714285714285715,71.0,False,True,medium,GF1_WFV2_E123.6_N29.3_20190910_L2A0004239231,WFV2,2019-09-10
GF1_WFV2_E123.6_N29.3_20190910_L2A0004239231_3072_0.png,0,1,0,0.4560546875,0.43359375,0.044921875,0.0625,222.0,206.0,23.0,32.0,245.0,238.0,736.0,39.408120990476064,1.391304347826087,206.0,False,True,small,GF1_WFV2_E123.6_N29.3_20190910_L2A0004239231,WFV2,2019-09-10
GF1_WFV2_E123.6_N29.3_20190910_L2A0004239231_3072_0.png,1,2,0,0.412109375,0.8759765625,0.0390625,0.044921875,201.0,437.0,20.0,23.0,221.0,460.0,460.0,30.479501308256342,1.15,52.0,False,True,small,GF1_WFV2_E123.6_N29.3_20190910_L2A0004239231,WFV2,2019-09-10
GF1_WFV2_E123.6_N29.3_20190910_L2A0004239231_3072_1024.png,0,1,0,0.345703125,0.91015625,0.03515625,0.03515625,168.0,457.0,18.0,18.0,186.0,475.0,324.0,25.45584412271571,1.0,37.0,False,True,small,GF1_WFV2_E123.6_N29.3_20190910_L2A0004239231,WFV2,2019-09-10
GF1_WFV2_E123.6_N29.3_20190910_L2A0004239231_3072_1536.png,0,1,0,0.6552734375,0.76953125,0.048828125,0.04296875,323.0,383.0,25.0,22.0,348.0,405.0,550.0,33.301651610693426,1.1363636363636365,107.0,False,True,small,GF1_WFV2_E123.6_N29.3_20190910_L2A0004239231,WFV2,2019-09-10
GF1_WFV2_E123.6_N29.3_20190910_L2A0004239231_3072_2560.png,0,1,0,0.669921875,0.7939453125,0.046875,0.060546875,331.0,391.0,24.0,31.0,355.0,422.0,744.0,39.20459156782532,1.2916666666666667,90.0,False,True,small,GF1_WFV2_E123.6_N29.3_20190910_L2A0004239231,WFV2,2019-09-10
GF1_WFV2_E123.6_N29.3_20190910_L2A0004239231_3072_2560.png,1,2,0,0.90234375,0.1962890625,0.05859375,0.044921875,447.0,89.0,30.0,23.0,477.0,112.0,690.0,37.8021163428716,1.3043478260869565,35.0,False,True,small,GF1_WFV2_E123.6_N29.3_20190910_L2A0004239231,WFV2,2019-09-10
GF1_WFV2_E123.6_N29.3_20190910_L2A0004239231_3072_512.png,0,1,0,0.8984375,0.5048828125,0.05859375,0.037109375,445.0,249.0,30.0,19.0,475.0,268.0,570.0,35.510561809129406,1.5789473684210527,37.0,False,True,small,GF1_WFV2_E123.6_N29.3_20190910_L2A0004239231,WFV2,2019-09-10
GF1_WFV2_E123.6_N29.3_20190910_L2A0004239231_3072_512.png,1,2,0,0.5390625,0.779296875,0.05078125,0.03515625,263.0,390.0,26.0,18.0,289.0,408.0,468.0,31.622776601683793,1.4444444444444444,104.0,False,True,small,GF1_WFV2_E123.6_N29.3_20190910_L2A0004239231,WFV2,2019-09-10
GF1_WFV2_E123.6_N29.3_20190910_L2A0004239231_3072_5632.png,0,1,0,0.634765625,0.384765625,0.0390625,0.04296875,315.0,186.0,20.0,22.0,335.0,208.0,440.0,29.732137494637012,1.1,177.0,False,True,small,GF1_WFV2_E123.6_N29.3_20190910_L2A0004239231,WFV2,2019-09-10
GF1_WFV2_E123.6_N29.3_20190910_L2A0004239231_3072_6144.png,0,1,0,0.83203125,0.2783203125,0.08203125,0.041015625,405.0,132.0,42.0,21.0,447.0,153.0,882.0,46.95742752749558,2.0,65.0,False,True,small,GF1_WFV2_E123.6_N29.3_20190910_L2A0004239231,WFV2,2019-09-10
GF1_WFV2_E123.6_N29.3_20190910_L2A0004239231_3072_8704.png,0,1,0,0.0712890625,0.67578125,0.044921875,0.0546875,25.0,332.0,23.0,28.0,48.0,360.0,644.0,36.235341863986875,1.2173913043478262,25.0,False,True,small,GF1_WFV2_E123.6_N29.3_20190910_L2A0004239231,WFV2,2019-09-10
GF1_WFV2_E123.6_N29.3_20190910_L2A0004239231_3072_9216.png,0,1,0,0.9091796875,0.0498046875,0.041015625,0.052734375,455.0,12.0,21.0,27.0,476.0,39.0,567.0,34.20526275297414,1.2857142857142858,12.0,False,True,small,GF1_WFV2_E123.6_N29.3_20190910_L2A0004239231,WFV2,2019-09-10
GF1_WFV2_E123.6_N29.3_20190910_L2A0004239231_3584_0.png,0,1,0,0.138671875,0.4208984375,0.05078125,0.037109375,58.0,206.0,26.0,19.0,84.0,225.0,494.0,32.202484376209235,1.368421052631579,58.0,False,True,small,GF1_WFV2_E123.6_N29.3_20190910_L2A0004239231,WFV2,2019-09-10
GF1_WFV2_E123.6_N29.3_20190910_L2A0004239231_3584_0.png,1,2,0,0.98828125,0.9375,0.01953125,0.05859375,501.0,465.0,10.0,30.0,511.0,495.0,300.0,31.622776601683793,3.0,1.0,False,True,small,GF1_WFV2_E123.6_N29.3_20190910_L2A0004239231,WFV2,2019-09-10
GF1_WFV2_E123.6_N29.3_20190910_L2A0004239231_3584_0.png,2,3,0,0.01171875,0.734375,0.0234375,0.03515625,0.0,367.0,12.0,18.0,12.0,385.0,216.0,21.633307652783937,1.5,0.0,True,True,small,GF1_WFV2_E123.6_N29.3_20190910_L2A0004239231,WFV2,2019-09-10
GF1_WFV2_E123.6_N29.3_20190910_L2A0004239231_3584_1024.png,0,1,0,0.7646484375,0.794921875,0.052734375,0.0390625,378.0,397.0,27.0,20.0,405.0,417.0,540.0,33.60059523282288,1.35,95.0,False,True,small,GF1_WFV2_E123.6_N29.3_20190910_L2A0004239231,WFV2,2019-09-10
GF1_WFV2_E123.6_N29.3_20190910_L2A0004239231_3584_1024.png,1,2,0,0.376953125,0.87109375,0.0390625,0.04296875,183.0,435.0,20.0,22.0,203.0,457.0,440.0,29.732137494637012,1.1,55.0,False,True,small,GF1_WFV2_E123.6_N29.3_20190910_L2A0004239231,WFV2,2019-09-10
GF1_WFV2_E123.6_N29.3_20190910_L2A0004239231_3584_1024.png,2,3,0,0.3740234375,0.8369140625,0.048828125,0.044921875,179.0,417.0,25.0,23.0,204.0,440.0,575.0,33.97057550292606,1.0869565217391304,72.0,False,True,small,GF1_WFV2_E123.6_N29.3_20190910_L2A0004239231,WFV2,2019-09-10
GF1_WFV2_E123.6_N29.3_20190910_L2A0004239231_3584_2560.png,0,1,0,0.9111328125,0.3896484375,0.060546875,0.041015625,451.0,189.0,31.0,21.0,482.0,210.0,651.0,37.44329045369811,1.4761904761904763,30.0,False,True,small,GF1_WFV2_E123.6_N29.3_20190910_L2A0004239231,WFV2,2019-09-10
GF1_WFV2_E123.6_N29.3_20190910_L2A0004239231_3584_3584.png,0,1,0,0.5927734375,0.9150390625,0.041015625,0.052734375,293.0,455.0,21.0,27.0,314.0,482.0,567.0,34.20526275297414,1.2857142857142858,30.0,False,True,small,GF1_WFV2_E123.6_N29.3_20190910_L2A0004239231,WFV2,2019-09-10
GF1_WFV2_E123.6_N29.3_20190910_L2A0004239231_3584_4096.png,0,1,0,0.5654296875,0.248046875,0.095703125,0.07421875,265.0,108.0,49.0,38.0,314.0,146.0,1862.0,62.00806399170998,1.2894736842105263,108.0,False,True,medium,GF1_WFV2_E123.6_N29.3_20190910_L2A0004239231,WFV2,2019-09-10
GF1_WFV2_E123.6_N29.3_20190910_L2A0004239231_3584_512.png,0,1,0,0.0185546875,0.80859375,0.037109375,0.0390625,0.0,404.0,19.0,20.0,19.0,424.0,380.0,27.586228448267445,1.0526315789473684,0.0,True,True,small,GF1_WFV2_E123.6_N29.3_20190910_L2A0004239231,WFV2,2019-09-10
GF1_WFV2_E123.6_N29.3_20190910_L2A0004239231_3584_512.png,1,2,0,0.814453125,0.3603515625,0.046875,0.041015625,405.0,174.0,24.0,21.0,429.0,195.0,504.0,31.89043743820395,1.1428571428571428,83.0,False,True,small,GF1_WFV2_E123.6_N29.3_20190910_L2A0004239231,WFV2,2019-09-10
GF1_WFV2_E123.6_N29.3_20190910_L2A0004239231_3584_5120.png,0,1,0,0.138671875,0.7353515625,0.046875,0.052734375,59.0,363.0,24.0,27.0,83.0,390.0,648.0,36.124783736376884,1.125,59.0,False,True,small,GF1_WFV2_E123.6_N29.3_20190910_L2A0004239231,WFV2,2019-09-10
GF1_WFV2_E123.6_N29.3_20190910_L2A0004239231_3584_5120.png,1,2,0,0.09982935153583618,0.8544041450777202,0.017064846416382257,0.01761658031088076,46.744027303754265,432.9450777202073,8.737201365187715,9.019689119170948,55.48122866894198,441.9647668393782,78.80684008558919,12.557606440015903,1.0323316062176122,46.744027303754265,False,True,small,GF1_WFV2_E123.6_N29.3_20190910_L2A0004239231,WFV2,2019-09-10
GF1_WFV2_E123.6_N29.3_20190910_L2A0004239231_3584_6144.png,0,1,0,0.78125,0.322265625,0.0546875,0.05078125,386.0,152.0,28.0,26.0,414.0,178.0,728.0,38.2099463490856,1.0769230769230769,98.0,False,True,small,GF1_WFV2_E123.6_N29.3_20190910_L2A0004239231,WFV2,2019-09-10
GF1_WFV2_E123.6_N29.3_20190910_L2A0004239231_3584_6144.png,1,2,0,0.6806640625,0.51953125,0.056640625,0.05078125,334.0,253.0,29.0,26.0,363.0,279.0,754.0,38.948684188300895,1.1153846153846154,149.0,False,True,small,GF1_WFV2_E123.6_N29.3_20190910_L2A0004239231,WFV2,2019-09-10
GF1_WFV2_E123.6_N29.3_20190910_L2A0004239231_3584_7680.png,0,1,0,0.07380546075085323,0.5378238341968913,0.021331058020477814,0.02694300518134718,32.32764505119454,268.4683937823835,10.92150170648464,13.794818652849756,43.24914675767918,282.26321243523324,150.66013545774476,17.59477823644727,1.2630880829015558,32.32764505119454,False,True,small,GF1_WFV2_E123.6_N29.3_20190910_L2A0004239231,WFV2,2019-09-10
GF1_WFV2_E123.6_N29.3_20190910_L2A0004239231_4096_1024.png,0,1,0,0.2138671875,0.1171875,0.064453125,0.0625,93.0,44.0,33.0,32.0,126.0,76.0,1056.0,45.967379738244816,1.03125,44.0,False,True,medium,GF1_WFV2_E123.6_N29.3_20190910_L2A0004239231,WFV2,2019-09-10
GF1_WFV2_E123.6_N29.3_20190910_L2A0004239231_4096_1024.png,1,2,0,0.5390625,0.5556640625,0.05078125,0.052734375,263.0,271.0,26.0,27.0,289.0,298.0,702.0,37.48332962798263,1.0384615384615385,214.0,False,True,small,GF1_WFV2_E123.6_N29.3_20190910_L2A0004239231,WFV2,2019-09-10
GF1_WFV2_E123.6_N29.3_20190910_L2A0004239231_4096_1024.png,2,3,0,0.833984375,0.46484375,0.0390625,0.0390625,417.0,228.0,20.0,20.0,437.0,248.0,400.0,28.284271247461902,1.0,75.0,False,True,small,GF1_WFV2_E123.6_N29.3_20190910_L2A0004239231,WFV2,2019-09-10
GF1_WFV2_E123.6_N29.3_20190910_L2A0004239231_4096_11776.png,0,1,0,0.564453125,0.2744140625,0.0390625,0.056640625,279.0,126.0,20.0,29.0,299.0,155.0,580.0,35.22782990761707,1.45,126.0,False,True,small,GF1_WFV2_E123.6_N29.3_20190910_L2A0004239231,WFV2,2019-09-10
GF1_WFV2_E123.6_N29.3_20190910_L2A0004239231_4096_12800.png,0,1,0,0.953125,0.3828125,0.04296875,0.0546875,477.0,182.0,22.0,28.0,499.0,210.0,616.0,35.608987629529715,1.2727272727272727,13.0,False,True,small,GF1_WFV2_E123.6_N29.3_20190910_L2A0004239231,WFV2,2019-09-10
GF1_WFV2_E123.6_N29.3_20190910_L2A0004239231_4096_1536.png,0,1,0,0.1181640625,0.259765625,0.048828125,0.03515625,48.0,124.0,25.0,18.0,73.0,142.0,450.0,30.805843601498726,1.3888888888888888,48.0,False,True,small,GF1_WFV2_E123.6_N29.3_20190910_L2A0004239231,WFV2,2019-09-10
GF1_WFV2_E123.6_N29.3_20190910_L2A0004239231_4096_1536.png,1,2,0,0.154296875,0.3837890625,0.04296875,0.037109375,68.0,187.0,22.0,19.0,90.0,206.0,418.0,29.068883707497267,1.1578947368421053,68.0,False,True,small,GF1_WFV2_E123.6_N29.3_20190910_L2A0004239231,WFV2,2019-09-10
GF1_WFV2_E123.6_N29.3_20190910_L2A0004239231_4096_1536.png,2,3,0,0.4892578125,0.2861328125,0.048828125,0.029296875,238.0,139.0,25.0,15.0,263.0,154.0,375.0,29.154759474226502,1.6666666666666667,139.0,False,True,small,GF1_WFV2_E123.6_N29.3_20190910_L2A0004239231,WFV2,2019-09-10
GF1_WFV2_E123.6_N29.3_20190910_L2A0004239231_4096_4608.png,0,1,0,0.224609375,0.5556640625,0.04296875,0.025390625,104.0,278.0,22.0,13.0,126.0,291.0,286.0,25.553864678361276,1.6923076923076923,104.0,False,True,small,GF1_WFV2_E123.6_N29.3_20190910_L2A0004239231,WFV2,2019-09-10
GF1_WFV2_E123.6_N29.3_20190910_L2A0004239231_4096_4608.png,1,2,0,0.796875,0.9462890625,0.04296875,0.025390625,397.0,478.0,22.0,13.0,419.0,491.0,286.0,25.553864678361276,1.6923076923076923,21.0,False,True,small,GF1_WFV2_E123.6_N29.3_20190910_L2A0004239231,WFV2,2019-09-10
GF1_WFV2_E123.6_N29.3_20190910_L2A0004239231_4096_5632.png,0,1,0,0.71875,0.1572265625,0.046875,0.052734375,356.0,67.0,24.0,27.0,380.0,94.0,648.0,36.124783736376884,1.125,67.0,False,True,small,GF1_WFV2_E123.6_N29.3_20190910_L2A0004239231,WFV2,2019-09-10
GF1_WFV2_E123.6_N29.3_20190910_L2A0004239231_4608_1024.png,0,1,0,0.01171875,0.443359375,0.0234375,0.0390625,0.0,217.0,12.0,20.0,12.0,237.0,240.0,23.323807579381203,1.6666666666666667,0.0,True,True,small,GF1_WFV2_E123.6_N29.3_20190910_L2A0004239231,WFV2,2019-09-10
GF1_WFV2_E123.6_N29.3_20190910_L2A0004239231_4608_10240.png,0,1,0,0.6201171875,0.1787109375,0.048828125,0.052734375,305.0,78.0,25.0,27.0,330.0,105.0,675.0,36.796738985948195,1.08,78.0,False,True,small,GF1_WFV2_E123.6_N29.3_20190910_L2A0004239231,WFV2,2019-09-10
GF1_WFV2_E123.6_N29.3_20190910_L2A0004239231_4608_10240.png,1,2,0,0.734375,0.0654296875,0.0546875,0.041015625,362.0,23.0,28.0,21.0,390.0,44.0,588.0,35.0,1.3333333333333333,23.0,False,True,small,GF1_WFV2_E123.6_N29.3_20190910_L2A0004239231,WFV2,2019-09-10
GF1_WFV2_E123.6_N29.3_20190910_L2A0004239231_4608_11264.png,0,1,0,0.390625,0.103515625,0.0625,0.078125,184.0,33.0,32.0,40.0,216.0,73.0,1280.0,51.22499389946279,1.25,33.0,False,True,medium,GF1_WFV2_E123.6_N29.3_20190910_L2A0004239231,WFV2,2019-09-10
GF1_WFV2_E123.6_N29.3_20190910_L2A0004239231_4608_11776.png,0,1,0,0.046875,0.8828125,0.046875,0.04296875,12.0,441.0,24.0,22.0,36.0,463.0,528.0,32.55764119219941,1.0909090909090908,12.0,False,True,small,GF1_WFV2_E123.6_N29.3_20190910_L2A0004239231,WFV2,2019-09-10
GF1_WFV2_E123.6_N29.3_20190910_L2A0004239231_4608_13312.png,0,1,0,0.7939453125,0.3564453125,0.033203125,0.025390625,398.0,176.0,17.0,13.0,415.0,189.0,221.0,21.400934559032695,1.3076923076923077,97.0,False,True,small,GF1_WFV2_E123.6_N29.3_20190910_L2A0004239231,WFV2,2019-09-10
GF1_WFV2_E123.6_N29.3_20190910_L2A0004239231_4608_4096.png,0,1,0,0.59765625,0.2734375,0.03125,0.046875,298.0,128.0,16.0,24.0,314.0,152.0,384.0,28.844410203711913,1.5,128.0,False,True,small,GF1_WFV2_E123.6_N29.3_20190910_L2A0004239231,WFV2,2019-09-10
GF1_WFV2_E123.6_N29.3_20190910_L2A0004239231_4608_4096.png,1,2,0,0.361328125,0.345703125,0.0390625,0.02734375,175.0,170.0,20.0,14.0,195.0,184.0,280.0,24.413111231467404,1.4285714285714286,170.0,False,True,small,GF1_WFV2_E123.6_N29.3_20190910_L2A0004239231,WFV2,2019-09-10
GF1_WFV2_E123.6_N29.3_20190910_L2A0004239231_4608_5120.png,0,1,0,0.1181640625,0.6962890625,0.041015625,0.021484375,50.0,351.0,21.0,11.0,71.0,362.0,231.0,23.706539182259394,1.9090909090909092,50.0,False,True,small,GF1_WFV2_E123.6_N29.3_20190910_L2A0004239231,WFV2,2019-09-10
GF1_WFV2_E123.6_N29.3_20190910_L2A0004239231_4608_5120.png,1,2,0,0.1767578125,0.6611328125,0.044921875,0.029296875,79.0,331.0,23.0,15.0,102.0,346.0,345.0,27.459060435491963,1.5333333333333334,79.0,False,True,small,GF1_WFV2_E123.6_N29.3_20190910_L2A0004239231,WFV2,2019-09-10
GF1_WFV2_E123.6_N29.3_20190910_L2A0004239231_4608_5120.png,2,3,0,0.166015625,0.697265625,0.02734375,0.0234375,78.0,351.0,14.0,12.0,92.0,363.0,168.0,18.439088914585774,1.1666666666666667,78.0,False,True,small,GF1_WFV2_E123.6_N29.3_20190910_L2A0004239231,WFV2,2019-09-10
GF1_WFV2_E123.6_N29.3_20190910_L2A0004239231_4608_5632.png,0,1,0,0.357421875,0.078125,0.05859375,0.03515625,168.0,31.0,30.0,18.0,198.0,49.0,540.0,34.9857113690718,1.6666666666666667,31.0,False,True,small,GF1_WFV2_E123.6_N29.3_20190910_L2A0004239231,WFV2,2019-09-10
GF1_WFV2_E123.6_N29.3_20190910_L2A0004239231_4608_8192.png,0,1,0,0.154296875,0.1689453125,0.03515625,0.044921875,70.0,75.0,18.0,23.0,88.0,98.0,414.0,29.206163733020468,1.2777777777777777,70.0,False,True,small,GF1_WFV2_E123.6_N29.3_20190910_L2A0004239231,WFV2,2019-09-10
GF1_WFV2_E123.6_N29.3_20190910_L2A0004239231_5120_10240.png,0,1,0,0.0986328125,0.3349609375,0.068359375,0.072265625,33.0,153.0,35.0,37.0,68.0,190.0,1295.0,50.93132631298737,1.0571428571428572,33.0,False,True,medium,GF1_WFV2_E123.6_N29.3_20190910_L2A0004239231,WFV2,2019-09-10
GF1_WFV2_E123.6_N29.3_20190910_L2A0004239231_5120_12800.png,0,1,0,0.689453125,0.5,0.0390625,0.04296875,343.0,245.0,20.0,22.0,363.0,267.0,440.0,29.732137494637012,1.1,149.0,False,True,small,GF1_WFV2_E123.6_N29.3_20190910_L2A0004239231,WFV2,2019-09-10
GF1_WFV2_E123.6_N29.3_20190910_L2A0004239231_5120_13312.png,0,1,0,0.595703125,0.7626953125,0.046875,0.025390625,293.0,384.0,24.0,13.0,317.0,397.0,312.0,27.294688127912362,1.8461538461538463,115.0,False,True,small,GF1_WFV2_E123.6_N29.3_20190910_L2A0004239231,WFV2,2019-09-10
GF1_WFV2_E123.6_N29.3_20190910_L2A0004239231_5120_13312.png,1,2,0,0.056640625,0.4541015625,0.03515625,0.025390625,20.0,226.0,18.0,13.0,38.0,239.0,234.0,22.20360331117452,1.3846153846153846,20.0,False,True,small,GF1_WFV2_E123.6_N29.3_20190910_L2A0004239231,WFV2,2019-09-10
GF1_WFV2_E123.6_N29.3_20190910_L2A0004239231_5120_13312.png,2,3,0,0.447265625,0.3916015625,0.046875,0.025390625,217.0,194.0,24.0,13.0,241.0,207.0,312.0,27.294688127912362,1.8461538461538463,194.0,False,True,small,GF1_WFV2_E123.6_N29.3_20190910_L2A0004239231,WFV2,2019-09-10
GF1_WFV2_E123.6_N29.3_20190910_L2A0004239231_5120_13312.png,3,4,0,0.025390625,0.4228515625,0.04296875,0.033203125,2.0,208.0,22.0,17.0,24.0,225.0,374.0,27.80287754891569,1.2941176470588236,2.0,False,True,small,GF1_WFV2_E123.6_N29.3_20190910_L2A0004239231,WFV2,2019-09-10
GF1_WFV2_E123.6_N29.3_20190910_L2A0004239231_5120_13312.png,4,5,0,0.31640625,0.27734375,0.0390625,0.02734375,152.0,135.0,20.0,14.0,172.0,149.0,280.0,24.413111231467404,1.4285714285714286,135.0,False,True,small,GF1_WFV2_E123.6_N29.3_20190910_L2A0004239231,WFV2,2019-09-10
GF1_WFV2_E123.6_N29.3_20190910_L2A0004239231_5120_13312.png,5,6,0,0.47265625,0.1689453125,0.0390625,0.041015625,232.0,76.0,20.0,21.0,252.0,97.0,420.0,29.0,1.05,76.0,False,True,small,GF1_WFV2_E123.6_N29.3_20190910_L2A0004239231,WFV2,2019-09-10
GF1_WFV2_E123.6_N29.3_20190910_L2A0004239231_5120_13312.png,6,7,0,0.2858361774744027,0.5404145077720208,0.022184300341296925,0.021761658031088094,140.66894197952217,271.12124352331614,11.358361774744026,11.141968911917104,152.0273037542662,282.26321243523324,126.55451378450552,15.91087217722817,1.0194214204453107,140.66894197952217,False,True,small,GF1_WFV2_E123.6_N29.3_20190910_L2A0004239231,WFV2,2019-09-10
GF1_WFV2_E123.6_N29.3_20190910_L2A0004239231_5120_3072.png,0,1,0,0.955078125,0.580078125,0.0546875,0.03125,475.0,289.0,28.0,16.0,503.0,305.0,448.0,32.2490309931942,1.75,9.0,False,True,small,GF1_WFV2_E123.6_N29.3_20190910_L2A0004239231,WFV2,2019-09-10
GF1_WFV2_E123.6_N29.3_20190910_L2A0004239231_5120_3072.png,1,2,0,0.49609375,0.53515625,0.06640625,0.03515625,237.0,265.0,34.0,18.0,271.0,283.0,612.0,38.47076812334269,1.8888888888888888,229.0,False,True,small,GF1_WFV2_E123.6_N29.3_20190910_L2A0004239231,WFV2,2019-09-10
GF1_WFV2_E123.6_N29.3_20190910_L2A0004239231_5120_3072.png,2,3,0,0.7794368600682594,0.7751295336787565,0.023037542662116106,0.01865284974093262,393.1740614334471,392.09119170984457,11.795221843003446,9.550259067357501,404.96928327645054,401.64145077720207,112.64742435763692,15.176781825515901,1.2350682593856706,107.03071672354946,False,True,small,GF1_WFV2_E123.6_N29.3_20190910_L2A0004239231,WFV2,2019-09-10
GF1_WFV2_E123.6_N29.3_20190910_L2A0004239231_5120_4608.png,0,1,0,0.3857421875,0.48828125,0.044921875,0.03125,186.0,242.0,23.0,16.0,209.0,258.0,368.0,28.0178514522438,1.4375,186.0,False,True,small,GF1_WFV2_E123.6_N29.3_20190910_L2A0004239231,WFV2,2019-09-10
GF1_WFV2_E123.6_N29.3_20190910_L2A0004239231_5120_5120.png,0,1,0,0.5126953125,0.8837890625,0.041015625,0.033203125,252.0,444.0,21.0,17.0,273.0,461.0,357.0,27.018512172212592,1.2352941176470589,51.0,False,True,small,GF1_WFV2_E123.6_N29.3_20190910_L2A0004239231,WFV2,2019-09-10
GF1_WFV2_E123.6_N29.3_20190910_L2A0004239231_5120_7168.png,0,1,0,0.576171875,0.5078125,0.046875,0.0546875,283.0,246.0,24.0,28.0,307.0,274.0,672.0,36.87817782917155,1.1666666666666667,205.0,False,True,small,GF1_WFV2_E123.6_N29.3_20190910_L2A0004239231,WFV2,2019-09-10
GF1_WFV2_E123.6_N29.3_20190910_L2A0004239231_5120_7168.png,1,2,0,0.57421875,0.90234375,0.0546875,0.06640625,280.0,445.0,28.0,34.0,308.0,479.0,952.0,44.04543109109048,1.2142857142857142,33.0,False,True,small,GF1_WFV2_E123.6_N29.3_20190910_L2A0004239231,WFV2,2019-09-10
GF1_WFV2_E123.6_N29.3_20190910_L2A0004239231_5120_7680.png,0,1,0,0.1533203125,0.9794921875,0.041015625,0.037109375,68.0,492.0,21.0,19.0,89.0,511.0,399.0,28.319604517012593,1.105263157894737,1.0,False,True,small,GF1_WFV2_E123.6_N29.3_20190910_L2A0004239231,WFV2,2019-09-10
GF1_WFV2_E123.6_N29.3_20190910_L2A0004239231_5120_8192.png,0,1,0,0.60546875,0.478515625,0.04296875,0.04296875,299.0,234.0,22.0,22.0,321.0,256.0,484.0,31.11269837220809,1.0,191.0,False,True,small,GF1_WFV2_E123.6_N29.3_20190910_L2A0004239231,WFV2,2019-09-10
GF1_WFV2_E123.6_N29.3_20190910_L2A0004239231_5120_8192.png,1,2,0,0.1474609375,0.01171875,0.033203125,0.01953125,67.0,1.0,17.0,10.0,84.0,11.0,170.0,19.72308292331602,1.7,1.0,False,True,small,GF1_WFV2_E123.6_N29.3_20190910_L2A0004239231,WFV2,2019-09-10
GF1_WFV2_E123.6_N29.3_20190910_L2A0004239231_512_10240.png,0,1,0,0.294921875,0.1259765625,0.03515625,0.044921875,142.0,53.0,18.0,23.0,160.0,76.0,414.0,29.206163733020468,1.2777777777777777,53.0,False,True,small,GF1_WFV2_E123.6_N29.3_20190910_L2A0004239231,WFV2,2019-09-10
GF1_WFV2_E123.6_N29.3_20190910_L2A0004239231_512_11264.png,0,1,0,0.7314453125,0.2451171875,0.044921875,0.052734375,363.0,112.0,23.0,27.0,386.0,139.0,621.0,35.4682957019364,1.173913043478261,112.0,False,True,small,GF1_WFV2_E123.6_N29.3_20190910_L2A0004239231,WFV2,2019-09-10
GF1_WFV2_E123.6_N29.3_20190910_L2A0004239231_512_8704.png,0,1,0,0.869140625,0.3369140625,0.0625,0.056640625,429.0,158.0,32.0,29.0,461.0,187.0,928.0,43.18564576337837,1.103448275862069,51.0,False,True,small,GF1_WFV2_E123.6_N29.3_20190910_L2A0004239231,WFV2,2019-09-10
GF1_WFV2_E123.6_N29.3_20190910_L2A0004239231_512_9216.png,0,1,0,0.615234375,0.6748046875,0.046875,0.048828125,303.0,333.0,24.0,25.0,327.0,358.0,600.0,34.655446902326915,1.0416666666666667,154.0,False,True,small,GF1_WFV2_E123.6_N29.3_20190910_L2A0004239231,WFV2,2019-09-10
GF1_WFV2_E123.6_N29.3_20190910_L2A0004239231_5632_10240.png,0,1,0,0.4013671875,0.908203125,0.056640625,0.0625,191.0,449.0,29.0,32.0,220.0,481.0,928.0,43.18564576337837,1.103448275862069,31.0,False,True,small,GF1_WFV2_E123.6_N29.3_20190910_L2A0004239231,WFV2,2019-09-10
GF1_WFV2_E123.6_N29.3_20190910_L2A0004239231_5632_11264.png,0,1,0,0.5263671875,0.4873046875,0.044921875,0.056640625,258.0,235.0,23.0,29.0,281.0,264.0,667.0,37.013511046643494,1.2608695652173914,231.0,False,True,small,GF1_WFV2_E123.6_N29.3_20190910_L2A0004239231,WFV2,2019-09-10
GF1_WFV2_E123.6_N29.3_20190910_L2A0004239231_5632_11776.png,0,1,0,0.880859375,0.546875,0.0390625,0.06640625,441.0,263.0,20.0,34.0,461.0,297.0,680.0,39.44616584663204,1.7,51.0,False,True,small,GF1_WFV2_E123.6_N29.3_20190910_L2A0004239231,WFV2,2019-09-10
GF1_WFV2_E123.6_N29.3_20190910_L2A0004239231_5632_12288.png,0,1,0,0.091796875,0.6533203125,0.04296875,0.052734375,36.0,321.0,22.0,27.0,58.0,348.0,594.0,34.828149534535996,1.2272727272727273,36.0,False,True,small,GF1_WFV2_E123.6_N29.3_20190910_L2A0004239231,WFV2,2019-09-10
GF1_WFV2_E123.6_N29.3_20190910_L2A0004239231_5632_13312.png,0,1,0,0.4775390625,0.0888671875,0.041015625,0.044921875,234.0,34.0,21.0,23.0,255.0,57.0,483.0,31.144823004794873,1.0952380952380953,34.0,False,True,small,GF1_WFV2_E123.6_N29.3_20190910_L2A0004239231,WFV2,2019-09-10
GF1_WFV2_E123.6_N29.3_20190910_L2A0004239231_5632_13312.png,1,2,0,0.2578125,0.73046875,0.03125,0.03515625,124.0,365.0,16.0,18.0,140.0,383.0,288.0,24.08318915758459,1.125,124.0,False,True,small,GF1_WFV2_E123.6_N29.3_20190910_L2A0004239231,WFV2,2019-09-10
GF1_WFV2_E123.6_N29.3_20190910_L2A0004239231_5632_2048.png,0,1,0,0.5703125,0.7978515625,0.05078125,0.044921875,279.0,397.0,26.0,23.0,305.0,420.0,598.0,34.713109915419565,1.1304347826086956,92.0,False,True,small,GF1_WFV2_E123.6_N29.3_20190910_L2A0004239231,WFV2,2019-09-10
GF1_WFV2_E123.6_N29.3_20190910_L2A0004239231_5632_3584.png,0,1,0,0.521484375,0.353515625,0.046875,0.0546875,255.0,167.0,24.0,28.0,279.0,195.0,672.0,36.87817782917155,1.1666666666666667,167.0,False,True,small,GF1_WFV2_E123.6_N29.3_20190910_L2A0004239231,WFV2,2019-09-10
GF1_WFV2_E123.6_N29.3_20190910_L2A0004239231_5632_3584.png,1,2,0,0.59375,0.6435546875,0.0390625,0.044921875,294.0,318.0,20.0,23.0,314.0,341.0,460.0,30.479501308256342,1.15,171.0,False,True,small,GF1_WFV2_E123.6_N29.3_20190910_L2A0004239231,WFV2,2019-09-10
GF1_WFV2_E123.6_N29.3_20190910_L2A0004239231_5632_3584.png,2,3,0,0.65625,0.556640625,0.0234375,0.03125,330.0,277.0,12.0,16.0,342.0,293.0,192.0,20.0,1.3333333333333333,170.0,False,True,small,GF1_WFV2_E123.6_N29.3_20190910_L2A0004239231,WFV2,2019-09-10
GF1_WFV2_E123.6_N29.3_20190910_L2A0004239231_5632_512.png,0,1,0,0.6025390625,0.474609375,0.025390625,0.06640625,302.0,226.0,13.0,34.0,315.0,260.0,442.0,36.40054944640259,2.6153846153846154,197.0,False,True,small,GF1_WFV2_E123.6_N29.3_20190910_L2A0004239231,WFV2,2019-09-10
GF1_WFV2_E123.6_N29.3_20190910_L2A0004239231_5632_512.png,1,2,0,0.1015625,0.6806640625,0.03125,0.052734375,44.0,335.0,16.0,27.0,60.0,362.0,432.0,31.38470965295043,1.6875,44.0,False,True,small,GF1_WFV2_E123.6_N29.3_20190910_L2A0004239231,WFV2,2019-09-10
GF1_WFV2_E123.6_N29.3_20190910_L2A0004239231_6144_12800.png,0,1,0,0.43359375,0.49609375,0.0546875,0.05859375,208.0,239.0,28.0,30.0,236.0,269.0,840.0,41.036569057366385,1.0714285714285714,208.0,False,True,small,GF1_WFV2_E123.6_N29.3_20190910_L2A0004239231,WFV2,2019-09-10
GF1_WFV2_E123.6_N29.3_20190910_L2A0004239231_6144_12800.png,1,2,0,0.5541808873720137,0.28860103626943007,0.028156996587030747,0.021761658031088094,276.5324232081911,142.19274611398964,14.416382252559742,11.141968911917104,290.94880546075086,153.33471502590675,160.6268828803341,18.220196170350274,1.2938810336421265,142.19274611398964,False,True,small,GF1_WFV2_E123.6_N29.3_20190910_L2A0004239231,WFV2,2019-09-10
GF1_WFV2_E123.6_N29.3_20190910_L2A0004239231_6144_2048.png,0,1,0,0.8779296875,0.8447265625,0.068359375,0.041015625,432.0,422.0,35.0,21.0,467.0,443.0,735.0,40.8166632639171,1.6666666666666667,45.0,False,True,small,GF1_WFV2_E123.6_N29.3_20190910_L2A0004239231,WFV2,2019-09-10
GF1_WFV2_E123.6_N29.3_20190910_L2A0004239231_6144_2048.png,1,2,0,0.1669921875,0.478515625,0.033203125,0.04296875,77.0,234.0,17.0,22.0,94.0,256.0,374.0,27.80287754891569,1.2941176470588236,77.0,False,True,small,GF1_WFV2_E123.6_N29.3_20190910_L2A0004239231,WFV2,2019-09-10
GF1_WFV2_E123.6_N29.3_20190910_L2A0004239231_6144_2560.png,0,1,0,0.2548828125,0.888671875,0.041015625,0.0546875,120.0,441.0,21.0,28.0,141.0,469.0,588.0,35.0,1.3333333333333333,43.0,False,True,small,GF1_WFV2_E123.6_N29.3_20190910_L2A0004239231,WFV2,2019-09-10
GF1_WFV2_E123.6_N29.3_20190910_L2A0004239231_6144_9728.png,0,1,0,0.8681640625,0.6201171875,0.029296875,0.037109375,437.0,308.0,15.0,19.0,452.0,327.0,285.0,24.20743687382041,1.2666666666666666,60.0,False,True,small,GF1_WFV2_E123.6_N29.3_20190910_L2A0004239231,WFV2,2019-09-10
GF1_WFV2_E123.6_N29.3_20190910_L2A0004239231_6656_11776.png,0,1,0,0.505859375,0.822265625,0.05859375,0.06640625,244.0,404.0,30.0,34.0,274.0,438.0,1020.0,45.34313619501854,1.1333333333333333,74.0,False,True,small,GF1_WFV2_E123.6_N29.3_20190910_L2A0004239231,WFV2,2019-09-10
GF1_WFV2_E123.6_N29.3_20190910_L2A0004239231_6656_11776.png,1,2,0,0.7578125,0.6767578125,0.04296875,0.052734375,377.0,333.0,22.0,27.0,399.0,360.0,594.0,34.828149534535996,1.2272727272727273,113.0,False,True,small,GF1_WFV2_E123.6_N29.3_20190910_L2A0004239231,WFV2,2019-09-10
GF1_WFV2_E123.6_N29.3_20190910_L2A0004239231_6656_2560.png,0,1,0,0.1650390625,0.4384765625,0.052734375,0.041015625,71.0,214.0,27.0,21.0,98.0,235.0,567.0,34.20526275297414,1.2857142857142858,71.0,False,True,small,GF1_WFV2_E123.6_N29.3_20190910_L2A0004239231,WFV2,2019-09-10
GF1_WFV2_E123.6_N29.3_20190910_L2A0004239231_6656_9728.png,0,1,0,0.130859375,0.541015625,0.04296875,0.05859375,56.0,262.0,22.0,30.0,78.0,292.0,660.0,37.20215047547655,1.3636363636363635,56.0,False,True,small,GF1_WFV2_E123.6_N29.3_20190910_L2A0004239231,WFV2,2019-09-10
GF1_WFV2_E123.6_N29.3_20190910_L2A0004239231_7680_13824.png,0,1,0,0.2666015625,0.6044921875,0.052734375,0.068359375,123.0,292.0,27.0,35.0,150.0,327.0,945.0,44.204072210600685,1.2962962962962963,123.0,False,True,small,GF1_WFV2_E123.6_N29.3_20190910_L2A0004239231,WFV2,2019-09-10
GF1_WFV2_E123.6_N29.3_20190910_L2A0004239231_7680_2048.png,0,1,0,0.529296875,0.3837890625,0.046875,0.060546875,259.0,181.0,24.0,31.0,283.0,212.0,744.0,39.20459156782532,1.2916666666666667,181.0,False,True,small,GF1_WFV2_E123.6_N29.3_20190910_L2A0004239231,WFV2,2019-09-10
GF1_WFV2_E123.6_N29.3_20190910_L2A0004239231_8192_13824.png,0,1,0,0.4033203125,0.208984375,0.041015625,0.04296875,196.0,96.0,21.0,22.0,217.0,118.0,462.0,30.4138126514911,1.0476190476190477,96.0,False,True,small,GF1_WFV2_E123.6_N29.3_20190910_L2A0004239231,WFV2,2019-09-10
GF1_WFV2_E123.6_N29.3_20190910_L2A0004239231_8192_3072.png,0,1,0,0.9794921875,0.1943359375,0.041015625,0.056640625,491.0,85.0,21.0,29.0,512.0,114.0,609.0,35.805027579936315,1.380952380952381,0.0,True,True,small,GF1_WFV2_E123.6_N29.3_20190910_L2A0004239231,WFV2,2019-09-10
GF1_WFV2_E123.6_N29.3_20190910_L2A0004239231_8192_3072.png,1,2,0,0.6005859375,0.6728515625,0.025390625,0.041015625,301.0,334.0,13.0,21.0,314.0,355.0,273.0,24.698178070456937,1.6153846153846154,157.0,False,True,small,GF1_WFV2_E123.6_N29.3_20190910_L2A0004239231,WFV2,2019-09-10
GF1_WFV2_E123.6_N29.3_20190910_L2A0004239231_8192_3584.png,0,1,0,0.373046875,0.0859375,0.05078125,0.04296875,178.0,33.0,26.0,22.0,204.0,55.0,572.0,34.058772731852805,1.1818181818181819,33.0,False,True,small,GF1_WFV2_E123.6_N29.3_20190910_L2A0004239231,WFV2,2019-09-10
GF1_WFV2_E123.6_N29.3_20190910_L2A0004239231_8192_4608.png,0,1,0,0.5458984375,0.5166015625,0.064453125,0.087890625,263.0,242.0,33.0,45.0,296.0,287.0,1485.0,55.80322571321482,1.3636363636363635,216.0,False,True,medium,GF1_WFV2_E123.6_N29.3_20190910_L2A0004239231,WFV2,2019-09-10
GF1_WFV2_E123.6_N29.3_20190910_L2A0004239231_8704_11776.png,0,1,0,0.7734375,0.5712890625,0.0234375,0.033203125,390.0,284.0,12.0,17.0,402.0,301.0,204.0,20.808652046684813,1.4166666666666667,110.0,False,True,small,GF1_WFV2_E123.6_N29.3_20190910_L2A0004239231,WFV2,2019-09-10
GF1_WFV2_E123.6_N29.3_20190910_L2A0004239231_8704_11776.png,1,2,0,0.9892578125,0.9560546875,0.021484375,0.025390625,501.0,483.0,11.0,13.0,512.0,496.0,143.0,17.029386365926403,1.1818181818181819,0.0,True,True,small,GF1_WFV2_E123.6_N29.3_20190910_L2A0004239231,WFV2,2019-09-10
GF1_WFV2_E123.6_N29.3_20190910_L2A0004239231_8704_13312.png,0,1,0,0.7197265625,0.0751953125,0.056640625,0.056640625,354.0,24.0,29.0,29.0,383.0,53.0,841.0,41.012193308819754,1.0,24.0,False,True,small,GF1_WFV2_E123.6_N29.3_20190910_L2A0004239231,WFV2,2019-09-10
GF1_WFV2_E123.6_N29.3_20190910_L2A0004239231_9216_11776.png,0,1,0,0.076171875,0.26171875,0.01953125,0.02734375,34.0,127.0,10.0,14.0,44.0,141.0,140.0,17.204650534085253,1.4,34.0,False,True,small,GF1_WFV2_E123.6_N29.3_20190910_L2A0004239231,WFV2,2019-09-10
GF1_WFV2_E123.6_N29.3_20190910_L2A0004239231_9728_11264.png,0,1,0,0.51171875,0.2939453125,0.0234375,0.041015625,256.0,140.0,12.0,21.0,268.0,161.0,252.0,24.186773244895647,1.75,140.0,False,True,small,GF1_WFV2_E123.6_N29.3_20190910_L2A0004239231,WFV2,2019-09-10
GF1_WFV2_E123.6_N29.3_20190910_L2A0004239231_9728_13312.png,0,1,0,0.65625,0.7177734375,0.05078125,0.048828125,323.0,355.0,26.0,25.0,349.0,380.0,650.0,36.069377593742864,1.04,132.0,False,True,small,GF1_WFV2_E123.6_N29.3_20190910_L2A0004239231,WFV2,2019-09-10
GF1_WFV2_E129.9_N19.2_20200630_L2A0004898208_10240_4608.png,0,1,0,0.2314453125,0.4208984375,0.052734375,0.041015625,105.0,205.0,27.0,21.0,132.0,226.0,567.0,34.20526275297414,1.2857142857142858,105.0,False,True,small,GF1_WFV2_E129.9_N19.2_20200630_L2A0004898208,WFV2,2020-06-30
GF1_WFV2_E129.9_N19.2_20200630_L2A0004898208_10752_7168.png,0,1,0,0.0810546875,0.9462890625,0.052734375,0.052734375,28.0,471.0,27.0,27.0,55.0,498.0,729.0,38.18376618407357,1.0,14.0,False,True,small,GF1_WFV2_E129.9_N19.2_20200630_L2A0004898208,WFV2,2020-06-30
GF1_WFV3_E112.3_N21.4_20190806_L2A0004164428_0_12288.png,0,1,0,0.9853515625,0.6953125,0.029296875,0.0390625,497.0,346.0,15.0,20.0,512.0,366.0,300.0,25.0,1.3333333333333333,0.0,True,True,small,GF1_WFV3_E112.3_N21.4_20190806_L2A0004164428,WFV3,2019-08-06
GF1_WFV3_E112.3_N21.4_20190806_L2A0004164428_10240_10240.png,0,1,0,0.14453125,0.154296875,0.0546875,0.0390625,60.0,69.0,28.0,20.0,88.0,89.0,560.0,34.40930106817051,1.4,60.0,False,True,small,GF1_WFV3_E112.3_N21.4_20190806_L2A0004164428,WFV3,2019-08-06
GF1_WFV3_E112.3_N21.4_20190806_L2A0004164428_10240_10240.png,1,2,0,0.119140625,0.10546875,0.0625,0.04296875,45.0,43.0,32.0,22.0,77.0,65.0,704.0,38.8329756778952,1.4545454545454546,43.0,False,True,small,GF1_WFV3_E112.3_N21.4_20190806_L2A0004164428,WFV3,2019-08-06
GF1_WFV3_E112.3_N21.4_20190806_L2A0004164428_10240_6144.png,0,1,0,0.6826171875,0.9541015625,0.056640625,0.033203125,335.0,480.0,29.0,17.0,364.0,497.0,493.0,33.61547262794322,1.7058823529411764,15.0,False,True,small,GF1_WFV3_E112.3_N21.4_20190806_L2A0004164428,WFV3,2019-08-06
GF1_WFV3_E112.3_N21.4_20190806_L2A0004164428_10240_9216.png,0,1,0,0.9521484375,0.69921875,0.060546875,0.046875,472.0,346.0,31.0,24.0,503.0,370.0,744.0,39.20459156782532,1.2916666666666667,9.0,False,True,small,GF1_WFV3_E112.3_N21.4_20190806_L2A0004164428,WFV3,2019-08-06
GF1_WFV3_E112.3_N21.4_20190806_L2A0004164428_10240_9216.png,1,2,0,0.96484375,0.6025390625,0.04296875,0.044921875,483.0,297.0,22.0,23.0,505.0,320.0,506.0,31.827660925679098,1.0454545454545454,7.0,False,True,small,GF1_WFV3_E112.3_N21.4_20190806_L2A0004164428,WFV3,2019-08-06
GF1_WFV3_E112.3_N21.4_20190806_L2A0004164428_10240_9216.png,2,3,0,0.537109375,0.0986328125,0.0234375,0.037109375,269.0,41.0,12.0,19.0,281.0,60.0,228.0,22.47220505424423,1.5833333333333333,41.0,False,True,small,GF1_WFV3_E112.3_N21.4_20190806_L2A0004164428,WFV3,2019-08-06
GF1_WFV3_E112.3_N21.4_20190806_L2A0004164428_10752_10240.png,0,1,0,0.8671875,0.40625,0.06640625,0.04296875,427.0,197.0,34.0,22.0,461.0,219.0,748.0,40.496913462633174,1.5454545454545454,51.0,False,True,small,GF1_WFV3_E112.3_N21.4_20190806_L2A0004164428,WFV3,2019-08-06
GF1_WFV3_E112.3_N21.4_20190806_L2A0004164428_10752_6144.png,0,1,0,0.7646484375,0.486328125,0.052734375,0.046875,378.0,237.0,27.0,24.0,405.0,261.0,648.0,36.124783736376884,1.125,107.0,False,True,small,GF1_WFV3_E112.3_N21.4_20190806_L2A0004164428,WFV3,2019-08-06
GF1_WFV3_E112.3_N21.4_20190806_L2A0004164428_10752_6144.png,1,2,0,0.916015625,0.2802734375,0.0546875,0.037109375,455.0,134.0,28.0,19.0,483.0,153.0,532.0,33.83784863137726,1.4736842105263157,29.0,False,True,small,GF1_WFV3_E112.3_N21.4_20190806_L2A0004164428,WFV3,2019-08-06
GF1_WFV3_E112.3_N21.4_20190806_L2A0004164428_10752_6144.png,2,3,0,0.8525390625,0.88671875,0.041015625,0.03515625,426.0,445.0,21.0,18.0,447.0,463.0,378.0,27.65863337187866,1.1666666666666667,49.0,False,True,small,GF1_WFV3_E112.3_N21.4_20190806_L2A0004164428,WFV3,2019-08-06
GF1_WFV3_E112.3_N21.4_20190806_L2A0004164428_10752_9216.png,0,1,0,0.7685546875,0.9775390625,0.080078125,0.044921875,373.0,489.0,41.0,23.0,414.0,512.0,943.0,47.01063709417264,1.7826086956521738,0.0,True,True,small,GF1_WFV3_E112.3_N21.4_20190806_L2A0004164428,WFV3,2019-08-06
GF1_WFV3_E112.3_N21.4_20190806_L2A0004164428_10752_9216.png,1,2,0,0.6318359375,0.3291015625,0.037109375,0.041015625,314.0,158.0,19.0,21.0,333.0,179.0,399.0,28.319604517012593,1.105263157894737,158.0,False,True,small,GF1_WFV3_E112.3_N21.4_20190806_L2A0004164428,WFV3,2019-08-06
GF1_WFV3_E112.3_N21.4_20190806_L2A0004164428_10752_9216.png,2,3,0,0.6748046875,0.3193359375,0.044921875,0.044921875,334.0,152.0,23.0,23.0,357.0,175.0,529.0,32.526911934581186,1.0,152.0,False,True,small,GF1_WFV3_E112.3_N21.4_20190806_L2A0004164428,WFV3,2019-08-06
GF1_WFV3_E112.3_N21.4_20190806_L2A0004164428_10752_9216.png,3,4,0,0.7080078125,0.2109375,0.029296875,0.04296875,355.0,97.0,15.0,22.0,370.0,119.0,330.0,26.627053911388696,1.4666666666666666,97.0,False,True,small,GF1_WFV3_E112.3_N21.4_20190806_L2A0004164428,WFV3,2019-08-06
GF1_WFV3_E112.3_N21.4_20190806_L2A0004164428_10752_9216.png,4,5,0,0.7431640625,0.203125,0.037109375,0.04296875,371.0,93.0,19.0,22.0,390.0,115.0,418.0,29.068883707497267,1.1578947368421053,93.0,False,True,small,GF1_WFV3_E112.3_N21.4_20190806_L2A0004164428,WFV3,2019-08-06
GF1_WFV3_E112.3_N21.4_20190806_L2A0004164428_10752_9216.png,5,6,0,0.876953125,0.6171875,0.0390625,0.05078125,439.0,303.0,20.0,26.0,459.0,329.0,520.0,32.802438933713454,1.3,53.0,False,True,small,GF1_WFV3_E112.3_N21.4_20190806_L2A0004164428,WFV3,2019-08-06
GF1_WFV3_E112.3_N21.4_20190806_L2A0004164428_10752_9216.png,6,7,0,0.9267578125,0.615234375,0.044921875,0.0546875,463.0,301.0,23.0,28.0,486.0,329.0,644.0,36.235341863986875,1.2173913043478262,26.0,False,True,small,GF1_WFV3_E112.3_N21.4_20190806_L2A0004164428,WFV3,2019-08-06
GF1_WFV3_E112.3_N21.4_20190806_L2A0004164428_10752_9216.png,7,8,0,0.4404296875,0.7705078125,0.041015625,0.052734375,215.0,381.0,21.0,27.0,236.0,408.0,567.0,34.20526275297414,1.2857142857142858,104.0,False,True,small,GF1_WFV3_E112.3_N21.4_20190806_L2A0004164428,WFV3,2019-08-06
GF1_WFV3_E112.3_N21.4_20190806_L2A0004164428_10752_9216.png,8,9,0,0.478515625,0.771484375,0.0390625,0.05859375,235.0,380.0,20.0,30.0,255.0,410.0,600.0,36.05551275463989,1.5,102.0,False,True,small,GF1_WFV3_E112.3_N21.4_20190806_L2A0004164428,WFV3,2019-08-06
GF1_WFV3_E112.3_N21.4_20190806_L2A0004164428_10752_9216.png,9,10,0,0.537109375,0.736328125,0.0390625,0.046875,265.0,365.0,20.0,24.0,285.0,389.0,480.0,31.240998703626616,1.2,123.0,False,True,small,GF1_WFV3_E112.3_N21.4_20190806_L2A0004164428,WFV3,2019-08-06
GF1_WFV3_E112.3_N21.4_20190806_L2A0004164428_10752_9216.png,10,11,0,0.587890625,0.736328125,0.046875,0.0625,289.0,361.0,24.0,32.0,313.0,393.0,768.0,40.0,1.3333333333333333,119.0,False,True,small,GF1_WFV3_E112.3_N21.4_20190806_L2A0004164428,WFV3,2019-08-06
GF1_WFV3_E112.3_N21.4_20190806_L2A0004164428_10752_9728.png,0,1,0,0.7548828125,0.0263671875,0.091796875,0.052734375,363.0,0.0,47.0,27.0,410.0,27.0,1269.0,54.20332093147061,1.7407407407407407,0.0,True,True,medium,GF1_WFV3_E112.3_N21.4_20190806_L2A0004164428,WFV3,2019-08-06
GF1_WFV3_E112.3_N21.4_20190806_L2A0004164428_10752_9728.png,1,2,0,0.3125,0.11328125,0.0546875,0.0546875,146.0,44.0,28.0,28.0,174.0,72.0,784.0,39.59797974644666,1.0,44.0,False,True,small,GF1_WFV3_E112.3_N21.4_20190806_L2A0004164428,WFV3,2019-08-06
GF1_WFV3_E112.3_N21.4_20190806_L2A0004164428_10752_9728.png,2,3,0,0.353515625,0.107421875,0.04296875,0.0625,170.0,39.0,22.0,32.0,192.0,71.0,704.0,38.8329756778952,1.4545454545454546,39.0,False,True,small,GF1_WFV3_E112.3_N21.4_20190806_L2A0004164428,WFV3,2019-08-06
GF1_WFV3_E112.3_N21.4_20190806_L2A0004164428_11264_10240.png,0,1,0,0.625,0.904296875,0.01953125,0.02734375,315.0,456.0,10.0,14.0,325.0,470.0,140.0,17.204650534085253,1.4,42.0,False,True,small,GF1_WFV3_E112.3_N21.4_20190806_L2A0004164428,WFV3,2019-08-06
GF1_WFV3_E112.3_N21.4_20190806_L2A0004164428_11264_10240.png,1,2,0,0.7626953125,0.458984375,0.017578125,0.04296875,386.0,224.0,9.0,22.0,395.0,246.0,198.0,23.769728648009426,2.4444444444444446,117.0,False,True,small,GF1_WFV3_E112.3_N21.4_20190806_L2A0004164428,WFV3,2019-08-06
GF1_WFV3_E112.3_N21.4_20190806_L2A0004164428_11264_10240.png,2,3,0,0.8408203125,0.470703125,0.025390625,0.046875,424.0,229.0,13.0,24.0,437.0,253.0,312.0,27.294688127912362,1.8461538461538463,75.0,False,True,small,GF1_WFV3_E112.3_N21.4_20190806_L2A0004164428,WFV3,2019-08-06
GF1_WFV3_E112.3_N21.4_20190806_L2A0004164428_11264_10240.png,3,4,0,0.84765625,0.623046875,0.01953125,0.046875,429.0,307.0,10.0,24.0,439.0,331.0,240.0,26.0,2.4,73.0,False,True,small,GF1_WFV3_E112.3_N21.4_20190806_L2A0004164428,WFV3,2019-08-06
GF1_WFV3_E112.3_N21.4_20190806_L2A0004164428_11264_10240.png,4,5,0,0.9697265625,0.744140625,0.017578125,0.02734375,492.0,374.0,9.0,14.0,501.0,388.0,126.0,16.64331697709324,1.5555555555555556,11.0,False,True,small,GF1_WFV3_E112.3_N21.4_20190806_L2A0004164428,WFV3,2019-08-06
GF1_WFV3_E112.3_N21.4_20190806_L2A0004164428_11264_13824.png,0,1,0,0.029296875,0.662109375,0.02734375,0.03125,8.0,331.0,14.0,16.0,22.0,347.0,224.0,21.2602916254693,1.1428571428571428,8.0,False,True,small,GF1_WFV3_E112.3_N21.4_20190806_L2A0004164428,WFV3,2019-08-06
GF1_WFV3_E112.3_N21.4_20190806_L2A0004164428_11264_9216.png,0,1,0,0.2138671875,0.7041015625,0.025390625,0.037109375,103.0,351.0,13.0,19.0,116.0,370.0,247.0,23.021728866442675,1.4615384615384615,103.0,False,True,small,GF1_WFV3_E112.3_N21.4_20190806_L2A0004164428,WFV3,2019-08-06
GF1_WFV3_E112.3_N21.4_20190806_L2A0004164428_11264_9728.png,0,1,0,0.1337890625,0.912109375,0.033203125,0.04296875,60.0,456.0,17.0,22.0,77.0,478.0,374.0,27.80287754891569,1.2941176470588236,34.0,False,True,small,GF1_WFV3_E112.3_N21.4_20190806_L2A0004164428,WFV3,2019-08-06
GF1_WFV3_E112.3_N21.4_20190806_L2A0004164428_11264_9728.png,1,2,0,0.041015625,0.02734375,0.01953125,0.03515625,16.0,5.0,10.0,18.0,26.0,23.0,180.0,20.591260281974,1.8,5.0,False,True,small,GF1_WFV3_E112.3_N21.4_20190806_L2A0004164428,WFV3,2019-08-06
GF1_WFV3_E112.3_N21.4_20190806_L2A0004164428_11264_9728.png,2,3,0,0.076171875,0.0380859375,0.0234375,0.033203125,33.0,11.0,12.0,17.0,45.0,28.0,204.0,20.808652046684813,1.4166666666666667,11.0,False,True,small,GF1_WFV3_E112.3_N21.4_20190806_L2A0004164428,WFV3,2019-08-06
GF1_WFV3_E112.3_N21.4_20190806_L2A0004164428_11776_10240.png,0,1,0,0.0107421875,0.5498046875,0.017578125,0.041015625,1.0,271.0,9.0,21.0,10.0,292.0,189.0,22.847319317591726,2.3333333333333335,1.0,False,True,small,GF1_WFV3_E112.3_N21.4_20190806_L2A0004164428,WFV3,2019-08-06
GF1_WFV3_E112.3_N21.4_20190806_L2A0004164428_11776_10240.png,1,2,0,0.0146484375,0.7666015625,0.021484375,0.041015625,2.0,382.0,11.0,21.0,13.0,403.0,231.0,23.706539182259394,1.9090909090909092,2.0,False,True,small,GF1_WFV3_E112.3_N21.4_20190806_L2A0004164428,WFV3,2019-08-06
GF1_WFV3_E112.3_N21.4_20190806_L2A0004164428_11776_10240.png,2,3,0,0.8837890625,0.703125,0.025390625,0.04296875,446.0,349.0,13.0,22.0,459.0,371.0,286.0,25.553864678361276,1.6923076923076923,53.0,False,True,small,GF1_WFV3_E112.3_N21.4_20190806_L2A0004164428,WFV3,2019-08-06
GF1_WFV3_E112.3_N21.4_20190806_L2A0004164428_11776_10240.png,3,4,0,0.8701171875,0.82421875,0.017578125,0.03125,441.0,414.0,9.0,16.0,450.0,430.0,144.0,18.35755975068582,1.7777777777777777,62.0,False,True,small,GF1_WFV3_E112.3_N21.4_20190806_L2A0004164428,WFV3,2019-08-06
GF1_WFV3_E112.3_N21.4_20190806_L2A0004164428_11776_10240.png,4,5,0,0.892578125,0.8837890625,0.015625,0.033203125,453.0,444.0,8.0,17.0,461.0,461.0,136.0,18.788294228055936,2.125,51.0,False,True,small,GF1_WFV3_E112.3_N21.4_20190806_L2A0004164428,WFV3,2019-08-06
GF1_WFV3_E112.3_N21.4_20190806_L2A0004164428_11776_10240.png,5,6,0,0.9345703125,0.08984375,0.029296875,0.046875,471.0,34.0,15.0,24.0,486.0,58.0,360.0,28.30194339616981,1.6,26.0,False,True,small,GF1_WFV3_E112.3_N21.4_20190806_L2A0004164428,WFV3,2019-08-06
GF1_WFV3_E112.3_N21.4_20190806_L2A0004164428_11776_10752.png,0,1,0,0.7646484375,0.9111328125,0.052734375,0.048828125,378.0,454.0,27.0,25.0,405.0,479.0,675.0,36.796738985948195,1.08,33.0,False,True,small,GF1_WFV3_E112.3_N21.4_20190806_L2A0004164428,WFV3,2019-08-06
GF1_WFV3_E112.3_N21.4_20190806_L2A0004164428_11776_10752.png,1,2,0,0.9765625,0.5712890625,0.0390625,0.052734375,490.0,279.0,20.0,27.0,510.0,306.0,540.0,33.60059523282288,1.35,2.0,False,True,small,GF1_WFV3_E112.3_N21.4_20190806_L2A0004164428,WFV3,2019-08-06
GF1_WFV3_E112.3_N21.4_20190806_L2A0004164428_11776_5120.png,0,1,0,0.658203125,0.9091796875,0.0703125,0.052734375,319.0,452.0,36.0,27.0,355.0,479.0,972.0,45.0,1.3333333333333333,33.0,False,True,small,GF1_WFV3_E112.3_N21.4_20190806_L2A0004164428,WFV3,2019-08-06
GF1_WFV3_E112.3_N21.4_20190806_L2A0004164428_11776_5632.png,0,1,0,0.416015625,0.0859375,0.05859375,0.05078125,198.0,31.0,30.0,26.0,228.0,57.0,780.0,39.698866482558415,1.1538461538461537,31.0,False,True,small,GF1_WFV3_E112.3_N21.4_20190806_L2A0004164428,WFV3,2019-08-06
GF1_WFV3_E112.3_N21.4_20190806_L2A0004164428_11776_5632.png,1,2,0,0.73046875,0.8173828125,0.04296875,0.041015625,363.0,408.0,22.0,21.0,385.0,429.0,462.0,30.4138126514911,1.0476190476190477,83.0,False,True,small,GF1_WFV3_E112.3_N21.4_20190806_L2A0004164428,WFV3,2019-08-06
GF1_WFV3_E112.3_N21.4_20190806_L2A0004164428_11776_7680.png,0,1,0,0.7939453125,0.40234375,0.048828125,0.046875,394.0,194.0,25.0,24.0,419.0,218.0,600.0,34.655446902326915,1.0416666666666667,93.0,False,True,small,GF1_WFV3_E112.3_N21.4_20190806_L2A0004164428,WFV3,2019-08-06
GF1_WFV3_E112.3_N21.4_20190806_L2A0004164428_11776_9216.png,0,1,0,0.30078125,0.1240234375,0.046875,0.029296875,142.0,56.0,24.0,15.0,166.0,71.0,360.0,28.30194339616981,1.6,56.0,False,True,small,GF1_WFV3_E112.3_N21.4_20190806_L2A0004164428,WFV3,2019-08-06
GF1_WFV3_E112.3_N21.4_20190806_L2A0004164428_11776_9216.png,1,2,0,0.330078125,0.10546875,0.05078125,0.046875,156.0,42.0,26.0,24.0,182.0,66.0,624.0,35.38361202590826,1.0833333333333333,42.0,False,True,small,GF1_WFV3_E112.3_N21.4_20190806_L2A0004164428,WFV3,2019-08-06
GF1_WFV3_E112.3_N21.4_20190806_L2A0004164428_12288_10752.png,0,1,0,0.81640625,0.96484375,0.05859375,0.04296875,403.0,483.0,30.0,22.0,433.0,505.0,660.0,37.20215047547655,1.3636363636363635,7.0,False,True,small,GF1_WFV3_E112.3_N21.4_20190806_L2A0004164428,WFV3,2019-08-06
GF1_WFV3_E112.3_N21.4_20190806_L2A0004164428_12288_7680.png,0,1,0,0.25,0.89453125,0.0546875,0.04296875,114.0,447.0,28.0,22.0,142.0,469.0,616.0,35.608987629529715,1.2727272727272727,43.0,False,True,small,GF1_WFV3_E112.3_N21.4_20190806_L2A0004164428,WFV3,2019-08-06
GF1_WFV3_E112.3_N21.4_20190806_L2A0004164428_12288_9216.png,0,1,0,0.6015625,0.4892578125,0.05859375,0.041015625,293.0,240.0,30.0,21.0,323.0,261.0,630.0,36.61966684720111,1.4285714285714286,189.0,False,True,small,GF1_WFV3_E112.3_N21.4_20190806_L2A0004164428,WFV3,2019-08-06
GF1_WFV3_E112.3_N21.4_20190806_L2A0004164428_12288_9216.png,1,2,0,0.6259765625,0.4599609375,0.060546875,0.044921875,305.0,224.0,31.0,23.0,336.0,247.0,713.0,38.600518131237564,1.3478260869565217,176.0,False,True,small,GF1_WFV3_E112.3_N21.4_20190806_L2A0004164428,WFV3,2019-08-06
GF1_WFV3_E112.3_N21.4_20190806_L2A0004164428_12288_9728.png,0,1,0,0.8740234375,0.2451171875,0.060546875,0.044921875,432.0,114.0,31.0,23.0,463.0,137.0,713.0,38.600518131237564,1.3478260869565217,49.0,False,True,small,GF1_WFV3_E112.3_N21.4_20190806_L2A0004164428,WFV3,2019-08-06
GF1_WFV3_E112.3_N21.4_20190806_L2A0004164428_12593_10240.png,0,1,0,0.5390625,0.0869140625,0.0234375,0.044921875,270.0,33.0,12.0,23.0,282.0,56.0,276.0,25.942243542145693,1.9166666666666667,33.0,False,True,small,GF1_WFV3_E112.3_N21.4_20190806_L2A0004164428,WFV3,2019-08-06
GF1_WFV3_E112.3_N21.4_20190806_L2A0004164428_12593_10240.png,1,2,0,0.576171875,0.1142578125,0.02734375,0.044921875,288.0,47.0,14.0,23.0,302.0,70.0,322.0,26.92582403567252,1.6428571428571428,47.0,False,True,small,GF1_WFV3_E112.3_N21.4_20190806_L2A0004164428,WFV3,2019-08-06
GF1_WFV3_E112.3_N21.4_20190806_L2A0004164428_12593_10240.png,2,3,0,0.6083984375,0.091796875,0.037109375,0.05078125,302.0,34.0,19.0,26.0,321.0,60.0,494.0,32.202484376209235,1.368421052631579,34.0,False,True,small,GF1_WFV3_E112.3_N21.4_20190806_L2A0004164428,WFV3,2019-08-06
GF1_WFV3_E112.3_N21.4_20190806_L2A0004164428_12593_10240.png,3,4,0,0.5830078125,0.1923828125,0.025390625,0.044921875,292.0,87.0,13.0,23.0,305.0,110.0,299.0,26.419689627245813,1.7692307692307692,87.0,False,True,small,GF1_WFV3_E112.3_N21.4_20190806_L2A0004164428,WFV3,2019-08-06
GF1_WFV3_E112.3_N21.4_20190806_L2A0004164428_12593_10240.png,4,5,0,0.603515625,0.21484375,0.02734375,0.04296875,302.0,99.0,14.0,22.0,316.0,121.0,308.0,26.076809620810597,1.5714285714285714,99.0,False,True,small,GF1_WFV3_E112.3_N21.4_20190806_L2A0004164428,WFV3,2019-08-06
GF1_WFV3_E112.3_N21.4_20190806_L2A0004164428_12593_10240.png,5,6,0,0.5947265625,0.267578125,0.025390625,0.0390625,298.0,127.0,13.0,20.0,311.0,147.0,260.0,23.853720883753127,1.5384615384615385,127.0,False,True,small,GF1_WFV3_E112.3_N21.4_20190806_L2A0004164428,WFV3,2019-08-06
GF1_WFV3_E112.3_N21.4_20190806_L2A0004164428_12593_10752.png,0,1,0,0.224609375,0.958984375,0.05859375,0.0546875,100.0,477.0,30.0,28.0,130.0,505.0,840.0,41.036569057366385,1.0714285714285714,7.0,False,True,small,GF1_WFV3_E112.3_N21.4_20190806_L2A0004164428,WFV3,2019-08-06
GF1_WFV3_E112.3_N21.4_20190806_L2A0004164428_12593_7168.png,0,1,0,0.974609375,0.9775390625,0.03515625,0.044921875,490.0,489.0,18.0,23.0,508.0,512.0,414.0,29.206163733020468,1.2777777777777777,0.0,True,True,small,GF1_WFV3_E112.3_N21.4_20190806_L2A0004164428,WFV3,2019-08-06
GF1_WFV3_E112.3_N21.4_20190806_L2A0004164428_12593_7680.png,0,1,0,0.455078125,0.2626953125,0.0546875,0.033203125,219.0,126.0,28.0,17.0,247.0,143.0,476.0,32.7566787083184,1.6470588235294117,126.0,False,True,small,GF1_WFV3_E112.3_N21.4_20190806_L2A0004164428,WFV3,2019-08-06
GF1_WFV3_E112.3_N21.4_20190806_L2A0004164428_12593_7680.png,1,2,0,0.3740234375,0.626953125,0.029296875,0.04296875,184.0,310.0,15.0,22.0,199.0,332.0,330.0,26.627053911388696,1.4666666666666666,180.0,False,True,small,GF1_WFV3_E112.3_N21.4_20190806_L2A0004164428,WFV3,2019-08-06
GF1_WFV3_E112.3_N21.4_20190806_L2A0004164428_12593_7680.png,2,3,0,0.44140625,0.6884765625,0.0390625,0.048828125,216.0,340.0,20.0,25.0,236.0,365.0,500.0,32.01562118716424,1.25,147.0,False,True,small,GF1_WFV3_E112.3_N21.4_20190806_L2A0004164428,WFV3,2019-08-06
GF1_WFV3_E112.3_N21.4_20190806_L2A0004164428_12593_9216.png,0,1,0,0.830078125,0.9443359375,0.03515625,0.056640625,416.0,469.0,18.0,29.0,434.0,498.0,522.0,34.132096331752024,1.6111111111111112,14.0,False,True,small,GF1_WFV3_E112.3_N21.4_20190806_L2A0004164428,WFV3,2019-08-06
GF1_WFV3_E112.3_N21.4_20190806_L2A0004164428_12593_9216.png,1,2,0,0.8417235494880546,0.12538860103626942,0.026450511945392496,0.022797927461139886,424.1911262798635,58.36269430051813,13.542662116040958,11.672538860103622,437.73378839590447,70.03523316062174,158.07724981874122,17.878810380723884,1.1602156376047168,58.36269430051813,False,True,small,GF1_WFV3_E112.3_N21.4_20190806_L2A0004164428,WFV3,2019-08-06
GF1_WFV3_E112.3_N21.4_20190806_L2A0004164428_12593_9728.png,0,1,0,0.28515625,0.2421875,0.046875,0.04296875,134.0,113.0,24.0,22.0,158.0,135.0,528.0,32.55764119219941,1.0909090909090908,113.0,False,True,small,GF1_WFV3_E112.3_N21.4_20190806_L2A0004164428,WFV3,2019-08-06
GF1_WFV3_E112.3_N21.4_20190806_L2A0004164428_12800_10240.png,0,1,0,0.1376953125,0.08984375,0.021484375,0.04296875,65.0,35.0,11.0,22.0,76.0,57.0,242.0,24.596747752497688,2.0,35.0,False,True,small,GF1_WFV3_E112.3_N21.4_20190806_L2A0004164428,WFV3,2019-08-06
GF1_WFV3_E112.3_N21.4_20190806_L2A0004164428_12800_10240.png,1,2,0,0.205078125,0.09765625,0.01953125,0.0390625,100.0,40.0,10.0,20.0,110.0,60.0,200.0,22.360679774997898,2.0,40.0,False,True,small,GF1_WFV3_E112.3_N21.4_20190806_L2A0004164428,WFV3,2019-08-06
GF1_WFV3_E112.3_N21.4_20190806_L2A0004164428_12800_10240.png,2,3,0,0.173828125,0.1142578125,0.02734375,0.037109375,82.0,49.0,14.0,19.0,96.0,68.0,266.0,23.600847442411894,1.3571428571428572,49.0,False,True,small,GF1_WFV3_E112.3_N21.4_20190806_L2A0004164428,WFV3,2019-08-06
GF1_WFV3_E112.3_N21.4_20190806_L2A0004164428_12800_10240.png,3,4,0,0.181640625,0.1953125,0.0234375,0.0390625,87.0,90.0,12.0,20.0,99.0,110.0,240.0,23.323807579381203,1.6666666666666667,87.0,False,True,small,GF1_WFV3_E112.3_N21.4_20190806_L2A0004164428,WFV3,2019-08-06
GF1_WFV3_E112.3_N21.4_20190806_L2A0004164428_12800_10240.png,4,5,0,0.203125,0.212890625,0.01953125,0.0390625,99.0,99.0,10.0,20.0,109.0,119.0,200.0,22.360679774997898,2.0,99.0,False,True,small,GF1_WFV3_E112.3_N21.4_20190806_L2A0004164428,WFV3,2019-08-06
GF1_WFV3_E112.3_N21.4_20190806_L2A0004164428_12800_10240.png,5,6,0,0.1953125,0.2724609375,0.02734375,0.041015625,93.0,129.0,14.0,21.0,107.0,150.0,294.0,25.238858928247925,1.5,93.0,False,True,small,GF1_WFV3_E112.3_N21.4_20190806_L2A0004164428,WFV3,2019-08-06
GF1_WFV3_E112.3_N21.4_20190806_L2A0004164428_12800_4608.png,0,1,0,0.599609375,0.4267578125,0.06640625,0.044921875,290.0,207.0,34.0,23.0,324.0,230.0,782.0,41.048751503547585,1.4782608695652173,188.0,False,True,small,GF1_WFV3_E112.3_N21.4_20190806_L2A0004164428,WFV3,2019-08-06
GF1_WFV3_E112.3_N21.4_20190806_L2A0004164428_12800_4608.png,1,2,0,0.20563139931740615,0.19015544041450777,0.02559726962457337,0.025906735751295318,98.73037542662117,90.72746113989638,13.105802047781566,13.264248704663203,111.83617747440273,103.99170984455958,173.838617835859,18.64677830121855,1.0120898100172708,90.72746113989638,False,True,small,GF1_WFV3_E112.3_N21.4_20190806_L2A0004164428,WFV3,2019-08-06
GF1_WFV3_E112.3_N21.4_20190806_L2A0004164428_12800_7680.png,0,1,0,0.052734375,0.2685546875,0.04296875,0.044921875,16.0,126.0,22.0,23.0,38.0,149.0,506.0,31.827660925679098,1.0454545454545454,16.0,False,True,small,GF1_WFV3_E112.3_N21.4_20190806_L2A0004164428,WFV3,2019-08-06
GF1_WFV3_E112.3_N21.4_20190806_L2A0004164428_12800_7680.png,1,2,0,0.0380859375,0.69921875,0.025390625,0.04296875,13.0,347.0,13.0,22.0,26.0,369.0,286.0,25.553864678361276,1.6923076923076923,13.0,False,True,small,GF1_WFV3_E112.3_N21.4_20190806_L2A0004164428,WFV3,2019-08-06
GF1_WFV3_E112.3_N21.4_20190806_L2A0004164428_12800_9216.png,0,1,0,0.43359375,0.1328125,0.0390625,0.04296875,212.0,57.0,20.0,22.0,232.0,79.0,440.0,29.732137494637012,1.1,57.0,False,True,small,GF1_WFV3_E112.3_N21.4_20190806_L2A0004164428,WFV3,2019-08-06
GF1_WFV3_E112.3_N21.4_20190806_L2A0004164428_12800_9216.png,1,2,0,0.4287109375,0.947265625,0.025390625,0.04296875,213.0,474.0,13.0,22.0,226.0,496.0,286.0,25.553864678361276,1.6923076923076923,16.0,False,True,small,GF1_WFV3_E112.3_N21.4_20190806_L2A0004164428,WFV3,2019-08-06
GF1_WFV3_E112.3_N21.4_20190806_L2A0004164428_13105_4608.png,0,1,0,0.01953125,0.419921875,0.0390625,0.046875,0.0,203.0,20.0,24.0,20.0,227.0,480.0,31.240998703626616,1.2,0.0,True,True,small,GF1_WFV3_E112.3_N21.4_20190806_L2A0004164428,WFV3,2019-08-06
GF1_WFV3_E112.3_N21.4_20190806_L2A0004164428_13824_4096.png,0,1,0,0.4052901023890785,0.5326424870466322,0.02730375426621162,0.024870466321243456,200.51877133105802,266.3461139896374,13.97952218430035,12.73367875647665,214.49829351535837,279.07979274611404,178.0107446639194,18.909617002321607,1.097838452787262,200.51877133105802,False,True,small,GF1_WFV3_E112.3_N21.4_20190806_L2A0004164428,WFV3,2019-08-06
GF1_WFV3_E112.3_N21.4_20190806_L2A0004164428_1536_11776.png,0,1,0,0.556640625,0.0732421875,0.046875,0.041015625,273.0,27.0,24.0,21.0,297.0,48.0,504.0,31.89043743820395,1.1428571428571428,27.0,False,True,small,GF1_WFV3_E112.3_N21.4_20190806_L2A0004164428,WFV3,2019-08-06
GF1_WFV3_E112.3_N21.4_20190806_L2A0004164428_1536_7680.png,0,1,0,0.0673828125,0.4521484375,0.064453125,0.048828125,18.0,219.0,33.0,25.0,51.0,244.0,825.0,41.400483088968905,1.32,18.0,False,True,small,GF1_WFV3_E112.3_N21.4_20190806_L2A0004164428,WFV3,2019-08-06
GF1_WFV3_E112.3_N21.4_20190806_L2A0004164428_2048_11264.png,0,1,0,0.7734375,0.1572265625,0.04296875,0.044921875,385.0,69.0,22.0,23.0,407.0,92.0,506.0,31.827660925679098,1.0454545454545454,69.0,False,True,small,GF1_WFV3_E112.3_N21.4_20190806_L2A0004164428,WFV3,2019-08-06
GF1_WFV3_E112.3_N21.4_20190806_L2A0004164428_2560_11264.png,0,1,0,0.3466796875,0.3837890625,0.056640625,0.044921875,163.0,185.0,29.0,23.0,192.0,208.0,667.0,37.013511046643494,1.2608695652173914,163.0,False,True,small,GF1_WFV3_E112.3_N21.4_20190806_L2A0004164428,WFV3,2019-08-06
GF1_WFV3_E112.3_N21.4_20190806_L2A0004164428_2560_11264.png,1,2,0,0.7685546875,0.0146484375,0.060546875,0.025390625,378.0,1.0,31.0,13.0,409.0,14.0,403.0,33.61547262794322,2.3846153846153846,1.0,False,True,small,GF1_WFV3_E112.3_N21.4_20190806_L2A0004164428,WFV3,2019-08-06
GF1_WFV3_E112.3_N21.4_20190806_L2A0004164428_3072_9216.png,0,1,0,0.88671875,0.162109375,0.05078125,0.0390625,441.0,73.0,26.0,20.0,467.0,93.0,520.0,32.802438933713454,1.3,45.0,False,True,small,GF1_WFV3_E112.3_N21.4_20190806_L2A0004164428,WFV3,2019-08-06
GF1_WFV3_E112.3_N21.4_20190806_L2A0004164428_3584_11264.png,0,1,0,0.4521484375,0.951171875,0.025390625,0.02734375,225.0,480.0,13.0,14.0,238.0,494.0,182.0,19.1049731745428,1.0769230769230769,18.0,False,True,small,GF1_WFV3_E112.3_N21.4_20190806_L2A0004164428,WFV3,2019-08-06
GF1_WFV3_E112.3_N21.4_20190806_L2A0004164428_3584_6656.png,0,1,0,0.818359375,0.884765625,0.04296875,0.03125,408.0,445.0,22.0,16.0,430.0,461.0,352.0,27.202941017470888,1.375,51.0,False,True,small,GF1_WFV3_E112.3_N21.4_20190806_L2A0004164428,WFV3,2019-08-06
GF1_WFV3_E112.3_N21.4_20190806_L2A0004164428_3584_6656.png,1,2,0,0.77734375,0.64453125,0.04296875,0.03515625,387.0,321.0,22.0,18.0,409.0,339.0,396.0,28.42534080710379,1.2222222222222223,103.0,False,True,small,GF1_WFV3_E112.3_N21.4_20190806_L2A0004164428,WFV3,2019-08-06
GF1_WFV3_E112.3_N21.4_20190806_L2A0004164428_3584_6656.png,2,3,0,0.775390625,0.4013671875,0.03125,0.029296875,389.0,198.0,16.0,15.0,405.0,213.0,240.0,21.93171219946131,1.0666666666666667,107.0,False,True,small,GF1_WFV3_E112.3_N21.4_20190806_L2A0004164428,WFV3,2019-08-06
GF1_WFV3_E112.3_N21.4_20190806_L2A0004164428_4096_10240.png,0,1,0,0.2978515625,0.427734375,0.048828125,0.02734375,140.0,212.0,25.0,14.0,165.0,226.0,350.0,28.653097563788805,1.7857142857142858,140.0,False,True,small,GF1_WFV3_E112.3_N21.4_20190806_L2A0004164428,WFV3,2019-08-06
GF1_WFV3_E112.3_N21.4_20190806_L2A0004164428_4096_11776.png,0,1,0,0.53125,0.3095703125,0.0390625,0.029296875,262.0,151.0,20.0,15.0,282.0,166.0,300.0,25.0,1.3333333333333333,151.0,False,True,small,GF1_WFV3_E112.3_N21.4_20190806_L2A0004164428,WFV3,2019-08-06
GF1_WFV3_E112.3_N21.4_20190806_L2A0004164428_4096_11776.png,1,2,0,0.55859375,0.3134765625,0.0234375,0.033203125,280.0,152.0,12.0,17.0,292.0,169.0,204.0,20.808652046684813,1.4166666666666667,152.0,False,True,small,GF1_WFV3_E112.3_N21.4_20190806_L2A0004164428,WFV3,2019-08-06
GF1_WFV3_E112.3_N21.4_20190806_L2A0004164428_4096_7680.png,0,1,0,0.1630859375,0.3486328125,0.025390625,0.025390625,77.0,172.0,13.0,13.0,90.0,185.0,169.0,18.384776310850235,1.0,77.0,False,True,small,GF1_WFV3_E112.3_N21.4_20190806_L2A0004164428,WFV3,2019-08-06
GF1_WFV3_E112.3_N21.4_20190806_L2A0004164428_4608_10752.png,0,1,0,0.4990234375,0.5048828125,0.052734375,0.037109375,242.0,249.0,27.0,19.0,269.0,268.0,513.0,33.015148038438355,1.4210526315789473,242.0,False,True,small,GF1_WFV3_E112.3_N21.4_20190806_L2A0004164428,WFV3,2019-08-06
GF1_WFV3_E112.3_N21.4_20190806_L2A0004164428_4608_12288.png,0,1,0,0.8994140625,0.3408203125,0.052734375,0.037109375,447.0,165.0,27.0,19.0,474.0,184.0,513.0,33.015148038438355,1.4210526315789473,38.0,False,True,small,GF1_WFV3_E112.3_N21.4_20190806_L2A0004164428,WFV3,2019-08-06
GF1_WFV3_E112.3_N21.4_20190806_L2A0004164428_4608_12800.png,0,1,0,0.2998046875,0.8486328125,0.052734375,0.041015625,140.0,424.0,27.0,21.0,167.0,445.0,567.0,34.20526275297414,1.2857142857142858,67.0,False,True,small,GF1_WFV3_E112.3_N21.4_20190806_L2A0004164428,WFV3,2019-08-06
GF1_WFV3_E112.3_N21.4_20190806_L2A0004164428_4608_7168.png,0,1,0,0.6123046875,0.0771484375,0.064453125,0.052734375,297.0,26.0,33.0,27.0,330.0,53.0,891.0,42.638011210655684,1.2222222222222223,26.0,False,True,small,GF1_WFV3_E112.3_N21.4_20190806_L2A0004164428,WFV3,2019-08-06
GF1_WFV3_E112.3_N21.4_20190806_L2A0004164428_5120_12800.png,0,1,0,0.6474609375,0.7373046875,0.044921875,0.052734375,320.0,364.0,23.0,27.0,343.0,391.0,621.0,35.4682957019364,1.173913043478261,121.0,False,True,small,GF1_WFV3_E112.3_N21.4_20190806_L2A0004164428,WFV3,2019-08-06
GF1_WFV3_E112.3_N21.4_20190806_L2A0004164428_5120_12800.png,1,2,0,0.546875,0.8876953125,0.03515625,0.041015625,271.0,444.0,18.0,21.0,289.0,465.0,378.0,27.65863337187866,1.1666666666666667,47.0,False,True,small,GF1_WFV3_E112.3_N21.4_20190806_L2A0004164428,WFV3,2019-08-06
GF1_WFV3_E112.3_N21.4_20190806_L2A0004164428_5120_9728.png,0,1,0,0.0234375,0.4736328125,0.046875,0.048828125,0.0,230.0,24.0,25.0,24.0,255.0,600.0,34.655446902326915,1.0416666666666667,0.0,True,True,small,GF1_WFV3_E112.3_N21.4_20190806_L2A0004164428,WFV3,2019-08-06
GF1_WFV3_E112.3_N21.4_20190806_L2A0004164428_512_12288.png,0,1,0,0.296875,0.3271484375,0.0625,0.044921875,136.0,156.0,32.0,23.0,168.0,179.0,736.0,39.408120990476064,1.391304347826087,136.0,False,True,small,GF1_WFV3_E112.3_N21.4_20190806_L2A0004164428,WFV3,2019-08-06
GF1_WFV3_E112.3_N21.4_20190806_L2A0004164428_5632_12288.png,0,1,0,0.8525390625,0.3193359375,0.052734375,0.048828125,423.0,151.0,27.0,25.0,450.0,176.0,675.0,36.796738985948195,1.08,62.0,False,True,small,GF1_WFV3_E112.3_N21.4_20190806_L2A0004164428,WFV3,2019-08-06
GF1_WFV3_E112.3_N21.4_20190806_L2A0004164428_5632_9728.png,0,1,0,0.2626953125,0.453125,0.021484375,0.03515625,129.0,223.0,11.0,18.0,140.0,241.0,198.0,21.095023109728988,1.6363636363636365,129.0,False,True,small,GF1_WFV3_E112.3_N21.4_20190806_L2A0004164428,WFV3,2019-08-06
GF1_WFV3_E112.3_N21.4_20190806_L2A0004164428_6144_11264.png,0,1,0,0.4453125,0.7333984375,0.03515625,0.029296875,219.0,368.0,18.0,15.0,237.0,383.0,270.0,23.430749027719962,1.2,129.0,False,True,small,GF1_WFV3_E112.3_N21.4_20190806_L2A0004164428,WFV3,2019-08-06
GF1_WFV3_E112.3_N21.4_20190806_L2A0004164428_6144_11264.png,1,2,0,0.46484375,0.76953125,0.0390625,0.03515625,228.0,385.0,20.0,18.0,248.0,403.0,360.0,26.90724809414742,1.1111111111111112,109.0,False,True,small,GF1_WFV3_E112.3_N21.4_20190806_L2A0004164428,WFV3,2019-08-06
GF1_WFV3_E112.3_N21.4_20190806_L2A0004164428_6144_11776.png,0,1,0,0.623046875,0.2705078125,0.03515625,0.048828125,310.0,126.0,18.0,25.0,328.0,151.0,450.0,30.805843601498726,1.3888888888888888,126.0,False,True,small,GF1_WFV3_E112.3_N21.4_20190806_L2A0004164428,WFV3,2019-08-06
GF1_WFV3_E112.3_N21.4_20190806_L2A0004164428_6144_7168.png,0,1,0,0.8740234375,0.15234375,0.037109375,0.02734375,438.0,71.0,19.0,14.0,457.0,85.0,266.0,23.600847442411894,1.3571428571428572,55.0,False,True,small,GF1_WFV3_E112.3_N21.4_20190806_L2A0004164428,WFV3,2019-08-06
GF1_WFV3_E112.3_N21.4_20190806_L2A0004164428_6656_10240.png,0,1,0,0.3623046875,0.3447265625,0.052734375,0.041015625,172.0,166.0,27.0,21.0,199.0,187.0,567.0,34.20526275297414,1.2857142857142858,166.0,False,True,small,GF1_WFV3_E112.3_N21.4_20190806_L2A0004164428,WFV3,2019-08-06
GF1_WFV3_E112.3_N21.4_20190806_L2A0004164428_6656_10240.png,1,2,0,0.9208984375,0.607421875,0.017578125,0.03125,467.0,303.0,9.0,16.0,476.0,319.0,144.0,18.35755975068582,1.7777777777777777,36.0,False,True,small,GF1_WFV3_E112.3_N21.4_20190806_L2A0004164428,WFV3,2019-08-06
GF1_WFV3_E112.3_N21.4_20190806_L2A0004164428_6656_11264.png,0,1,0,0.61328125,0.65234375,0.0390625,0.03125,304.0,326.0,20.0,16.0,324.0,342.0,320.0,25.612496949731394,1.25,170.0,False,True,small,GF1_WFV3_E112.3_N21.4_20190806_L2A0004164428,WFV3,2019-08-06
GF1_WFV3_E112.3_N21.4_20190806_L2A0004164428_6656_6144.png,0,1,0,0.026023890784982934,0.3248704663212435,0.029863481228668942,0.023834196891191706,5.679180887372013,160.2321243523316,15.290102389078498,12.203108808290153,20.96928327645051,172.43523316062175,186.58678314382215,19.562798768465434,1.2529677993767623,5.679180887372013,False,True,small,GF1_WFV3_E112.3_N21.4_20190806_L2A0004164428,WFV3,2019-08-06
GF1_WFV3_E112.3_N21.4_20190806_L2A0004164428_6656_6656.png,0,1,0,0.10964163822525597,0.24870466321243523,0.014505119453924922,0.02694300518134715,52.42320819112628,120.43937823834196,7.42662116040956,13.794818652849742,59.84982935153584,134.2341968911917,102.44889211126639,15.666898976033968,1.857482474855226,52.42320819112628,False,True,small,GF1_WFV3_E112.3_N21.4_20190806_L2A0004164428,WFV3,2019-08-06
GF1_WFV3_E112.3_N21.4_20190806_L2A0004164428_7168_11264.png,0,1,0,0.8046875,0.5185546875,0.03125,0.033203125,404.0,257.0,16.0,17.0,420.0,274.0,272.0,23.345235059857504,1.0625,92.0,False,True,small,GF1_WFV3_E112.3_N21.4_20190806_L2A0004164428,WFV3,2019-08-06
GF1_WFV3_E112.3_N21.4_20190806_L2A0004164428_7168_11776.png,0,1,0,0.1396484375,0.2607421875,0.037109375,0.041015625,62.0,123.0,19.0,21.0,81.0,144.0,399.0,28.319604517012593,1.105263157894737,62.0,False,True,small,GF1_WFV3_E112.3_N21.4_20190806_L2A0004164428,WFV3,2019-08-06
GF1_WFV3_E112.3_N21.4_20190806_L2A0004164428_7168_7168.png,0,1,0,0.232421875,0.7060546875,0.04296875,0.033203125,108.0,353.0,22.0,17.0,130.0,370.0,374.0,27.80287754891569,1.2941176470588236,108.0,False,True,small,GF1_WFV3_E112.3_N21.4_20190806_L2A0004164428,WFV3,2019-08-06
GF1_WFV3_E112.3_N21.4_20190806_L2A0004164428_7168_8192.png,0,1,0,0.8837890625,0.45703125,0.048828125,0.03515625,440.0,225.0,25.0,18.0,465.0,243.0,450.0,30.805843601498726,1.3888888888888888,47.0,False,True,small,GF1_WFV3_E112.3_N21.4_20190806_L2A0004164428,WFV3,2019-08-06
GF1_WFV3_E112.3_N21.4_20190806_L2A0004164428_7168_9216.png,0,1,0,0.4482421875,0.45703125,0.044921875,0.0390625,218.0,224.0,23.0,20.0,241.0,244.0,460.0,30.479501308256342,1.15,218.0,False,True,small,GF1_WFV3_E112.3_N21.4_20190806_L2A0004164428,WFV3,2019-08-06
GF1_WFV3_E112.3_N21.4_20190806_L2A0004164428_7680_6144.png,0,1,0,0.046875,0.6884765625,0.046875,0.033203125,12.0,344.0,24.0,17.0,36.0,361.0,408.0,29.410882339705484,1.411764705882353,12.0,False,True,small,GF1_WFV3_E112.3_N21.4_20190806_L2A0004164428,WFV3,2019-08-06
GF1_WFV3_E112.3_N21.4_20190806_L2A0004164428_7680_7168.png,0,1,0,0.216796875,0.908203125,0.046875,0.04296875,99.0,454.0,24.0,22.0,123.0,476.0,528.0,32.55764119219941,1.0909090909090908,36.0,False,True,small,GF1_WFV3_E112.3_N21.4_20190806_L2A0004164428,WFV3,2019-08-06
GF1_WFV3_E112.3_N21.4_20190806_L2A0004164428_7680_8192.png,0,1,0,0.8125,0.0107421875,0.05078125,0.017578125,403.0,1.0,26.0,9.0,429.0,10.0,234.0,27.51363298439521,2.888888888888889,1.0,False,True,small,GF1_WFV3_E112.3_N21.4_20190806_L2A0004164428,WFV3,2019-08-06
GF1_WFV3_E112.3_N21.4_20190806_L2A0004164428_7680_8704.png,0,1,0,0.419921875,0.1630859375,0.05078125,0.041015625,202.0,73.0,26.0,21.0,228.0,94.0,546.0,33.421549934136806,1.2380952380952381,73.0,False,True,small,GF1_WFV3_E112.3_N21.4_20190806_L2A0004164428,WFV3,2019-08-06
GF1_WFV3_E112.3_N21.4_20190806_L2A0004164428_8192_7168.png,0,1,0,0.8359375,0.828125,0.05078125,0.03515625,415.0,415.0,26.0,18.0,441.0,433.0,468.0,31.622776601683793,1.4444444444444444,71.0,False,True,small,GF1_WFV3_E112.3_N21.4_20190806_L2A0004164428,WFV3,2019-08-06
GF1_WFV3_E112.3_N21.4_20190806_L2A0004164428_8192_9216.png,0,1,0,0.716796875,0.5595703125,0.01953125,0.025390625,362.0,280.0,10.0,13.0,372.0,293.0,130.0,16.401219466856727,1.3,140.0,False,True,small,GF1_WFV3_E112.3_N21.4_20190806_L2A0004164428,WFV3,2019-08-06
GF1_WFV3_E112.3_N21.4_20190806_L2A0004164428_8192_9728.png,0,1,0,0.2900390625,0.9052734375,0.044921875,0.041015625,137.0,453.0,23.0,21.0,160.0,474.0,483.0,31.144823004794873,1.0952380952380953,38.0,False,True,small,GF1_WFV3_E112.3_N21.4_20190806_L2A0004164428,WFV3,2019-08-06
GF1_WFV3_E112.3_N21.4_20190806_L2A0004164428_8704_11776.png,0,1,0,0.599609375,0.8701171875,0.0703125,0.048828125,289.0,433.0,36.0,25.0,325.0,458.0,900.0,43.829214001622255,1.44,54.0,False,True,small,GF1_WFV3_E112.3_N21.4_20190806_L2A0004164428,WFV3,2019-08-06
GF1_WFV3_E112.3_N21.4_20190806_L2A0004164428_8704_11776.png,1,2,0,0.9501953125,0.5478515625,0.044921875,0.037109375,475.0,271.0,23.0,19.0,498.0,290.0,437.0,29.832867780352597,1.2105263157894737,14.0,False,True,small,GF1_WFV3_E112.3_N21.4_20190806_L2A0004164428,WFV3,2019-08-06
GF1_WFV3_E112.3_N21.4_20190806_L2A0004164428_9216_10240.png,0,1,0,0.9794921875,0.3310546875,0.041015625,0.033203125,491.0,161.0,21.0,17.0,512.0,178.0,357.0,27.018512172212592,1.2352941176470589,0.0,True,True,small,GF1_WFV3_E112.3_N21.4_20190806_L2A0004164428,WFV3,2019-08-06
GF1_WFV3_E112.3_N21.4_20190806_L2A0004164428_9216_10240.png,1,2,0,0.9716796875,0.2861328125,0.048828125,0.037109375,485.0,137.0,25.0,19.0,510.0,156.0,475.0,31.400636936215164,1.3157894736842106,2.0,False,True,small,GF1_WFV3_E112.3_N21.4_20190806_L2A0004164428,WFV3,2019-08-06
GF1_WFV3_E112.3_N21.4_20190806_L2A0004164428_9216_10240.png,2,3,0,0.486328125,0.54296875,0.046875,0.02734375,237.0,271.0,24.0,14.0,261.0,285.0,336.0,27.784887978899608,1.7142857142857142,227.0,False,True,small,GF1_WFV3_E112.3_N21.4_20190806_L2A0004164428,WFV3,2019-08-06
GF1_WFV3_E112.3_N21.4_20190806_L2A0004164428_9216_10240.png,3,4,0,0.4873046875,0.5849609375,0.048828125,0.025390625,237.0,293.0,25.0,13.0,262.0,306.0,325.0,28.178005607210743,1.9230769230769231,206.0,False,True,small,GF1_WFV3_E112.3_N21.4_20190806_L2A0004164428,WFV3,2019-08-06
GF1_WFV3_E112.3_N21.4_20190806_L2A0004164428_9216_10240.png,4,5,0,0.4072265625,0.6103515625,0.052734375,0.029296875,195.0,305.0,27.0,15.0,222.0,320.0,405.0,30.886890422961002,1.8,192.0,False,True,small,GF1_WFV3_E112.3_N21.4_20190806_L2A0004164428,WFV3,2019-08-06
GF1_WFV3_E112.3_N21.4_20190806_L2A0004164428_9216_10240.png,5,6,0,0.4189453125,0.6474609375,0.048828125,0.029296875,202.0,324.0,25.0,15.0,227.0,339.0,375.0,29.154759474226502,1.6666666666666667,173.0,False,True,small,GF1_WFV3_E112.3_N21.4_20190806_L2A0004164428,WFV3,2019-08-06
GF1_WFV3_E112.3_N21.4_20190806_L2A0004164428_9216_10240.png,6,7,0,0.423828125,0.6962890625,0.05859375,0.029296875,202.0,349.0,30.0,15.0,232.0,364.0,450.0,33.54101966249684,2.0,148.0,False,True,small,GF1_WFV3_E112.3_N21.4_20190806_L2A0004164428,WFV3,2019-08-06
GF1_WFV3_E112.3_N21.4_20190806_L2A0004164428_9216_10240.png,7,8,0,0.4248046875,0.7294921875,0.052734375,0.029296875,204.0,366.0,27.0,15.0,231.0,381.0,405.0,30.886890422961002,1.8,131.0,False,True,small,GF1_WFV3_E112.3_N21.4_20190806_L2A0004164428,WFV3,2019-08-06
GF1_WFV3_E112.3_N21.4_20190806_L2A0004164428_9216_10240.png,8,9,0,0.7587890625,0.7197265625,0.044921875,0.029296875,377.0,361.0,23.0,15.0,400.0,376.0,345.0,27.459060435491963,1.5333333333333334,112.0,False,True,small,GF1_WFV3_E112.3_N21.4_20190806_L2A0004164428,WFV3,2019-08-06
GF1_WFV3_E112.3_N21.4_20190806_L2A0004164428_9216_10240.png,9,10,0,0.7666015625,0.7626953125,0.052734375,0.033203125,379.0,382.0,27.0,17.0,406.0,399.0,459.0,31.906112267087632,1.588235294117647,106.0,False,True,small,GF1_WFV3_E112.3_N21.4_20190806_L2A0004164428,WFV3,2019-08-06
GF1_WFV3_E112.3_N21.4_20190806_L2A0004164428_9216_13824.png,0,1,0,0.9697265625,0.6796875,0.044921875,0.04296875,485.0,337.0,23.0,22.0,508.0,359.0,506.0,31.827660925679098,1.0454545454545454,4.0,False,True,small,GF1_WFV3_E112.3_N21.4_20190806_L2A0004164428,WFV3,2019-08-06
GF1_WFV3_E112.3_N21.4_20190806_L2A0004164428_9216_6656.png,0,1,0,0.3974609375,0.6044921875,0.060546875,0.033203125,188.0,301.0,31.0,17.0,219.0,318.0,527.0,35.35533905932738,1.8235294117647058,188.0,False,True,small,GF1_WFV3_E112.3_N21.4_20190806_L2A0004164428,WFV3,2019-08-06
GF1_WFV3_E112.3_N21.4_20190806_L2A0004164428_9216_6656.png,1,2,0,0.8310546875,0.3994140625,0.048828125,0.033203125,413.0,196.0,25.0,17.0,438.0,213.0,425.0,30.23243291566195,1.4705882352941178,74.0,False,True,small,GF1_WFV3_E112.3_N21.4_20190806_L2A0004164428,WFV3,2019-08-06
GF1_WFV3_E112.3_N21.4_20190806_L2A0004164428_9728_10240.png,0,1,0,0.1396484375,0.9033203125,0.037109375,0.033203125,62.0,454.0,19.0,17.0,81.0,471.0,323.0,25.495097567963924,1.1176470588235294,41.0,False,True,small,GF1_WFV3_E112.3_N21.4_20190806_L2A0004164428,WFV3,2019-08-06
GF1_WFV3_E112.3_N21.4_20190806_L2A0004164428_9728_10240.png,1,2,0,0.1806640625,0.91796875,0.029296875,0.0390625,85.0,460.0,15.0,20.0,100.0,480.0,300.0,25.0,1.3333333333333333,32.0,False,True,small,GF1_WFV3_E112.3_N21.4_20190806_L2A0004164428,WFV3,2019-08-06
GF1_WFV3_E112.3_N21.4_20190806_L2A0004164428_9728_10240.png,2,3,0,0.859375,0.607421875,0.05078125,0.02734375,427.0,304.0,26.0,14.0,453.0,318.0,364.0,29.5296461204668,1.8571428571428572,59.0,False,True,small,GF1_WFV3_E112.3_N21.4_20190806_L2A0004164428,WFV3,2019-08-06
GF1_WFV3_E112.3_N21.4_20190806_L2A0004164428_9728_10240.png,3,4,0,0.8720703125,0.6513671875,0.056640625,0.029296875,432.0,326.0,29.0,15.0,461.0,341.0,435.0,32.64965543462902,1.9333333333333333,51.0,False,True,small,GF1_WFV3_E112.3_N21.4_20190806_L2A0004164428,WFV3,2019-08-06
GF1_WFV3_E112.3_N21.4_20190806_L2A0004164428_9728_13824.png,0,1,0,0.4638671875,0.46484375,0.033203125,0.04296875,229.0,227.0,17.0,22.0,246.0,249.0,374.0,27.80287754891569,1.2941176470588236,227.0,False,True,small,GF1_WFV3_E112.3_N21.4_20190806_L2A0004164428,WFV3,2019-08-06
GF1_WFV3_E112.3_N21.4_20190806_L2A0004164428_9728_6144.png,0,1,0,0.642578125,0.8681640625,0.0625,0.033203125,313.0,436.0,32.0,17.0,345.0,453.0,544.0,36.235341863986875,1.8823529411764706,59.0,False,True,small,GF1_WFV3_E112.3_N21.4_20190806_L2A0004164428,WFV3,2019-08-06
GF1_WFV3_E112.5_N22.2_20190806_L2A0004164434_10752_11264.png,0,1,0,0.01953125,0.505859375,0.0390625,0.046875,0.0,247.0,20.0,24.0,20.0,271.0,480.0,31.240998703626616,1.2,0.0,True,True,small,GF1_WFV3_E112.5_N22.2_20190806_L2A0004164434,WFV3,2019-08-06
GF1_WFV3_E112.5_N22.2_20190806_L2A0004164434_10752_11264.png,1,2,0,0.255859375,0.3232421875,0.03515625,0.041015625,122.0,155.0,18.0,21.0,140.0,176.0,378.0,27.65863337187866,1.1666666666666667,122.0,False,True,small,GF1_WFV3_E112.5_N22.2_20190806_L2A0004164434,WFV3,2019-08-06
GF1_WFV3_E112.5_N22.2_20190806_L2A0004164434_10752_13312.png,0,1,0,0.380859375,0.818359375,0.05078125,0.04296875,182.0,408.0,26.0,22.0,208.0,430.0,572.0,34.058772731852805,1.1818181818181819,82.0,False,True,small,GF1_WFV3_E112.5_N22.2_20190806_L2A0004164434,WFV3,2019-08-06
GF1_WFV3_E112.5_N22.2_20190806_L2A0004164434_10752_13824.png,0,1,0,0.8359375,0.3173828125,0.05078125,0.033203125,415.0,154.0,26.0,17.0,441.0,171.0,442.0,31.064449134018133,1.5294117647058822,71.0,False,True,small,GF1_WFV3_E112.5_N22.2_20190806_L2A0004164434,WFV3,2019-08-06
GF1_WFV3_E112.5_N22.2_20190806_L2A0004164434_11264_10240.png,0,1,0,0.7939419795221843,0.6155440414507772,0.029863481228668998,0.02901554404145079,398.85324232081905,307.73056994818654,15.290102389078527,14.855958549222805,414.1433447098976,322.58652849740935,227.14912730552317,21.31869450704548,1.029223549488056,97.85665529010242,False,True,small,GF1_WFV3_E112.5_N22.2_20190806_L2A0004164434,WFV3,2019-08-06
GF1_WFV3_E112.5_N22.2_20190806_L2A0004164434_11264_13312.png,0,1,0,0.6416015625,0.6884765625,0.044921875,0.037109375,317.0,343.0,23.0,19.0,340.0,362.0,437.0,29.832867780352597,1.2105263157894737,150.0,False,True,small,GF1_WFV3_E112.5_N22.2_20190806_L2A0004164434,WFV3,2019-08-06
GF1_WFV3_E112.5_N22.2_20190806_L2A0004164434_11264_13824.png,0,1,0,0.5634765625,0.048828125,0.029296875,0.03515625,281.0,16.0,15.0,18.0,296.0,34.0,270.0,23.430749027719962,1.2,16.0,False,True,small,GF1_WFV3_E112.5_N22.2_20190806_L2A0004164434,WFV3,2019-08-06
GF1_WFV3_E112.5_N22.2_20190806_L2A0004164434_11264_13824.png,1,2,0,0.626953125,0.1142578125,0.03515625,0.044921875,312.0,47.0,18.0,23.0,330.0,70.0,414.0,29.206163733020468,1.2777777777777777,47.0,False,True,small,GF1_WFV3_E112.5_N22.2_20190806_L2A0004164434,WFV3,2019-08-06
GF1_WFV3_E112.5_N22.2_20190806_L2A0004164434_11776_10240.png,0,1,0,0.2041015625,0.8388671875,0.048828125,0.037109375,92.0,420.0,25.0,19.0,117.0,439.0,475.0,31.400636936215164,1.3157894736842106,73.0,False,True,small,GF1_WFV3_E112.5_N22.2_20190806_L2A0004164434,WFV3,2019-08-06
GF1_WFV3_E112.5_N22.2_20190806_L2A0004164434_11776_11776.png,0,1,0,0.18344709897610922,0.438860103626943,0.027303754266211594,0.02797927461139893,86.93515358361776,217.5336787564767,13.979522184300336,14.325388601036252,100.9146757679181,231.85906735751294,200.26208774690943,20.016088505800642,1.0247409326424861,86.93515358361776,False,True,small,GF1_WFV3_E112.5_N22.2_20190806_L2A0004164434,WFV3,2019-08-06
GF1_WFV3_E112.5_N22.2_20190806_L2A0004164434_11776_13312.png,0,1,0,0.16552901023890787,0.41554404145077717,0.03071672354948804,0.0538860103626943,76.88737201365188,198.96373056994815,15.726962457337876,27.589637305699483,92.61433447098976,226.55336787564764,433.90119011830427,31.757289474930943,1.7542890040299377,76.88737201365188,False,True,small,GF1_WFV3_E112.5_N22.2_20190806_L2A0004164434,WFV3,2019-08-06
GF1_WFV3_E112.5_N22.2_20190806_L2A0004164434_2560_12288.png,0,1,0,0.361328125,0.830078125,0.02734375,0.0234375,178.0,419.0,14.0,12.0,192.0,431.0,168.0,18.439088914585774,1.1666666666666667,81.0,False,True,small,GF1_WFV3_E112.5_N22.2_20190806_L2A0004164434,WFV3,2019-08-06
GF1_WFV3_E112.5_N22.2_20190806_L2A0004164434_2560_12288.png,1,2,0,0.6904296875,0.7900390625,0.044921875,0.033203125,342.0,396.0,23.0,17.0,365.0,413.0,391.0,28.600699292150182,1.3529411764705883,99.0,False,True,small,GF1_WFV3_E112.5_N22.2_20190806_L2A0004164434,WFV3,2019-08-06
GF1_WFV3_E112.5_N22.2_20190806_L2A0004164434_2560_12288.png,2,3,0,0.6708984375,0.232421875,0.037109375,0.03515625,334.0,110.0,19.0,18.0,353.0,128.0,342.0,26.1725046566048,1.0555555555555556,110.0,False,True,small,GF1_WFV3_E112.5_N22.2_20190806_L2A0004164434,WFV3,2019-08-06
GF1_WFV3_E112.5_N22.2_20190806_L2A0004164434_2560_12288.png,3,4,0,0.7373046875,0.3515625,0.044921875,0.02734375,366.0,173.0,23.0,14.0,389.0,187.0,322.0,26.92582403567252,1.6428571428571428,123.0,False,True,small,GF1_WFV3_E112.5_N22.2_20190806_L2A0004164434,WFV3,2019-08-06
GF1_WFV3_E112.5_N22.2_20190806_L2A0004164434_2560_12800.png,0,1,0,0.412109375,0.30859375,0.03515625,0.03515625,202.0,149.0,18.0,18.0,220.0,167.0,324.0,25.45584412271571,1.0,149.0,False,True,small,GF1_WFV3_E112.5_N22.2_20190806_L2A0004164434,WFV3,2019-08-06
GF1_WFV3_E112.5_N22.2_20190806_L2A0004164434_2560_12800.png,1,2,0,0.3662109375,0.0712890625,0.044921875,0.033203125,176.0,28.0,23.0,17.0,199.0,45.0,391.0,28.600699292150182,1.3529411764705883,28.0,False,True,small,GF1_WFV3_E112.5_N22.2_20190806_L2A0004164434,WFV3,2019-08-06
GF1_WFV3_E112.5_N22.2_20190806_L2A0004164434_3072_12288.png,0,1,0,0.21484375,0.6982421875,0.0546875,0.044921875,96.0,346.0,28.0,23.0,124.0,369.0,644.0,36.235341863986875,1.2173913043478262,96.0,False,True,small,GF1_WFV3_E112.5_N22.2_20190806_L2A0004164434,WFV3,2019-08-06
GF1_WFV3_E112.5_N22.2_20190806_L2A0004164434_3072_12288.png,1,2,0,0.0302734375,0.3642578125,0.041015625,0.029296875,5.0,179.0,21.0,15.0,26.0,194.0,315.0,25.80697580112788,1.4,5.0,False,True,small,GF1_WFV3_E112.5_N22.2_20190806_L2A0004164434,WFV3,2019-08-06
GF1_WFV3_E112.5_N22.2_20190806_L2A0004164434_3072_12800.png,0,1,0,0.216796875,0.0771484375,0.05078125,0.033203125,98.0,31.0,26.0,17.0,124.0,48.0,442.0,31.064449134018133,1.5294117647058822,31.0,False,True,small,GF1_WFV3_E112.5_N22.2_20190806_L2A0004164434,WFV3,2019-08-06
GF1_WFV3_E112.5_N22.2_20190806_L2A0004164434_3072_12800.png,1,2,0,0.1435546875,0.345703125,0.048828125,0.03515625,61.0,168.0,25.0,18.0,86.0,186.0,450.0,30.805843601498726,1.3888888888888888,61.0,False,True,small,GF1_WFV3_E112.5_N22.2_20190806_L2A0004164434,WFV3,2019-08-06
GF1_WFV3_E112.5_N22.2_20190806_L2A0004164434_3584_12288.png,0,1,0,0.626953125,0.1298828125,0.0390625,0.033203125,311.0,58.0,20.0,17.0,331.0,75.0,340.0,26.248809496813376,1.1764705882352942,58.0,False,True,small,GF1_WFV3_E112.5_N22.2_20190806_L2A0004164434,WFV3,2019-08-06
GF1_WFV3_E112.5_N22.2_20190806_L2A0004164434_3584_12800.png,0,1,0,0.197265625,0.49609375,0.04296875,0.05078125,90.0,241.0,22.0,26.0,112.0,267.0,572.0,34.058772731852805,1.1818181818181819,90.0,False,True,small,GF1_WFV3_E112.5_N22.2_20190806_L2A0004164434,WFV3,2019-08-06
GF1_WFV3_E112.5_N22.2_20190806_L2A0004164434_4096_12288.png,0,1,0,0.5556640625,0.8505859375,0.044921875,0.029296875,273.0,428.0,23.0,15.0,296.0,443.0,345.0,27.459060435491963,1.5333333333333334,69.0,False,True,small,GF1_WFV3_E112.5_N22.2_20190806_L2A0004164434,WFV3,2019-08-06
GF1_WFV3_E112.5_N22.2_20190806_L2A0004164434_5120_12800.png,0,1,0,0.4658203125,0.5751953125,0.052734375,0.037109375,225.0,285.0,27.0,19.0,252.0,304.0,513.0,33.015148038438355,1.4210526315789473,208.0,False,True,small,GF1_WFV3_E112.5_N22.2_20190806_L2A0004164434,WFV3,2019-08-06
GF1_WFV3_E112.5_N22.2_20190806_L2A0004164434_5120_12800.png,1,2,0,0.3037109375,0.50390625,0.037109375,0.02734375,146.0,251.0,19.0,14.0,165.0,265.0,266.0,23.600847442411894,1.3571428571428572,146.0,False,True,small,GF1_WFV3_E112.5_N22.2_20190806_L2A0004164434,WFV3,2019-08-06
GF1_WFV3_E112.5_N22.2_20190806_L2A0004164434_5632_13312.png,0,1,0,0.830078125,0.1298828125,0.046875,0.033203125,413.0,58.0,24.0,17.0,437.0,75.0,408.0,29.410882339705484,1.411764705882353,58.0,False,True,small,GF1_WFV3_E112.5_N22.2_20190806_L2A0004164434,WFV3,2019-08-06
GF1_WFV3_E112.5_N22.2_20190806_L2A0004164434_6144_12288.png,0,1,0,0.6376953125,0.1142578125,0.052734375,0.044921875,313.0,47.0,27.0,23.0,340.0,70.0,621.0,35.4682957019364,1.173913043478261,47.0,False,True,small,GF1_WFV3_E112.5_N22.2_20190806_L2A0004164434,WFV3,2019-08-06
GF1_WFV3_E112.5_N22.2_20190806_L2A0004164434_6144_13312.png,0,1,0,0.8076171875,0.33203125,0.056640625,0.03515625,399.0,161.0,29.0,18.0,428.0,179.0,522.0,34.132096331752024,1.6111111111111112,84.0,False,True,small,GF1_WFV3_E112.5_N22.2_20190806_L2A0004164434,WFV3,2019-08-06
GF1_WFV3_E112.5_N22.2_20190806_L2A0004164434_6656_13824.png,0,1,0,0.4150390625,0.416015625,0.056640625,0.03515625,198.0,204.0,29.0,18.0,227.0,222.0,522.0,34.132096331752024,1.6111111111111112,198.0,False,True,small,GF1_WFV3_E112.5_N22.2_20190806_L2A0004164434,WFV3,2019-08-06
GF1_WFV3_E112.5_N22.2_20190806_L2A0004164434_7168_13312.png,0,1,0,0.431640625,0.248046875,0.05078125,0.0390625,208.0,117.0,26.0,20.0,234.0,137.0,520.0,32.802438933713454,1.3,117.0,False,True,small,GF1_WFV3_E112.5_N22.2_20190806_L2A0004164434,WFV3,2019-08-06
GF1_WFV3_E112.5_N22.2_20190806_L2A0004164434_8192_12288.png,0,1,0,0.41796875,0.822265625,0.0546875,0.03515625,200.0,412.0,28.0,18.0,228.0,430.0,504.0,33.28663395418648,1.5555555555555556,82.0,False,True,small,GF1_WFV3_E112.5_N22.2_20190806_L2A0004164434,WFV3,2019-08-06
GF1_WFV3_E112.5_N22.2_20190806_L2A0004164434_8192_12800.png,0,1,0,0.52734375,0.412109375,0.04296875,0.02734375,259.0,204.0,22.0,14.0,281.0,218.0,308.0,26.076809620810597,1.5714285714285714,204.0,False,True,small,GF1_WFV3_E112.5_N22.2_20190806_L2A0004164434,WFV3,2019-08-06
GF1_WFV3_E112.5_N22.2_20190806_L2A0004164434_9216_12288.png,0,1,0,0.275390625,0.376953125,0.046875,0.03515625,129.0,184.0,24.0,18.0,153.0,202.0,432.0,30.0,1.3333333333333333,129.0,False,True,small,GF1_WFV3_E112.5_N22.2_20190806_L2A0004164434,WFV3,2019-08-06
GF1_WFV3_E112.5_N22.2_20190806_L2A0004164434_9216_12800.png,0,1,0,0.451171875,0.2998046875,0.03515625,0.033203125,222.0,145.0,18.0,17.0,240.0,162.0,306.0,24.758836806279895,1.0588235294117647,145.0,False,True,small,GF1_WFV3_E112.5_N22.2_20190806_L2A0004164434,WFV3,2019-08-06
GF1_WFV3_E112.5_N22.2_20190806_L2A0004164434_9728_11776.png,0,1,0,0.5126953125,0.701171875,0.048828125,0.03125,250.0,351.0,25.0,16.0,275.0,367.0,400.0,29.68164415931166,1.5625,145.0,False,True,small,GF1_WFV3_E112.5_N22.2_20190806_L2A0004164434,WFV3,2019-08-06
GF1_WFV3_E112.5_N22.2_20190806_L2A0004164434_9728_11776.png,1,2,0,0.349609375,0.90234375,0.04296875,0.0234375,168.0,456.0,22.0,12.0,190.0,468.0,264.0,25.059928172283335,1.8333333333333333,44.0,False,True,small,GF1_WFV3_E112.5_N22.2_20190806_L2A0004164434,WFV3,2019-08-06
GF1_WFV3_E112.5_N22.2_20190806_L2A0004164434_9728_12288.png,0,1,0,0.443359375,0.3134765625,0.046875,0.033203125,215.0,152.0,24.0,17.0,239.0,169.0,408.0,29.410882339705484,1.411764705882353,152.0,False,True,small,GF1_WFV3_E112.5_N22.2_20190806_L2A0004164434,WFV3,2019-08-06
GF1_WFV3_E112.5_N22.2_20190806_L2A0004164434_9728_12288.png,1,2,0,0.3095703125,0.1044921875,0.044921875,0.044921875,147.0,42.0,23.0,23.0,170.0,65.0,529.0,32.526911934581186,1.0,42.0,False,True,small,GF1_WFV3_E112.5_N22.2_20190806_L2A0004164434,WFV3,2019-08-06
GF1_WFV3_E112.6_N13.8_20200703_L2A0004902372_14848_7168.png,0,1,0,0.8899317406143344,0.9575129533678757,0.04778156996587035,0.05595854922279797,443.4129692832764,475.9212435233161,24.46416382252562,28.65077720207256,467.87713310580205,504.57202072538865,700.9173071141854,37.67442562028215,1.1711324944485564,7.427979274611346,False,True,small,GF1_WFV3_E112.6_N13.8_20200703_L2A0004902372,WFV3,2020-07-03
GF1_WFV3_E112.6_N13.8_20200703_L2A0004902372_14872_7168.png,0,1,0,0.8395904436860069,0.955440414507772,0.05119453924914674,0.05181347150259075,416.76450511945393,475.921243523316,26.211604095563132,26.528497409326462,442.97610921501706,502.44974093264244,695.3544713434375,37.29355660243714,1.0120898100172728,9.550259067357558,False,True,small,GF1_WFV3_E112.6_N13.8_20200703_L2A0004902372,WFV3,2020-07-03
GF1_WFV3_E112.6_N13.8_20200703_L2A0004902372_2048_3584.png,0,1,0,0.5806313993174061,0.5689119170984456,0.05204778156996581,0.06632124352331603,283.9590443686007,274.30466321243523,26.648464163822496,33.95647668393781,310.6075085324232,308.26113989637304,904.8879520415908,43.164602987602514,1.274237662447975,201.3924914675768,False,True,small,GF1_WFV3_E112.6_N13.8_20200703_L2A0004902372,WFV3,2020-07-03
GF1_WFV3_E113.4_N17.2_20200703_L2A0004902183_10240_6144.png,0,1,0,0.90234375,0.8271484375,0.0546875,0.052734375,448.0,410.0,28.0,27.0,476.0,437.0,756.0,38.897300677553446,1.037037037037037,36.0,False,True,small,GF1_WFV3_E113.4_N17.2_20200703_L2A0004902183,WFV3,2020-07-03
GF1_WFV3_E113.4_N17.2_20200703_L2A0004902183_1024_6656.png,0,1,0,0.90234375,0.1865234375,0.0390625,0.052734375,452.0,82.0,20.0,27.0,472.0,109.0,540.0,33.60059523282288,1.35,40.0,False,True,small,GF1_WFV3_E113.4_N17.2_20200703_L2A0004902183,WFV3,2020-07-03
GF1_WFV3_E113.4_N17.2_20200703_L2A0004902183_1024_6656.png,1,2,0,0.7783203125,0.955078125,0.041015625,0.046875,388.0,477.0,21.0,24.0,409.0,501.0,504.0,31.89043743820395,1.1428571428571428,11.0,False,True,small,GF1_WFV3_E113.4_N17.2_20200703_L2A0004902183,WFV3,2020-07-03
GF1_WFV3_E113.4_N17.2_20200703_L2A0004902183_1024_9216.png,0,1,0,0.0244140625,0.5380859375,0.048828125,0.037109375,0.0,266.0,25.0,19.0,25.0,285.0,475.0,31.400636936215164,1.3157894736842106,0.0,True,True,small,GF1_WFV3_E113.4_N17.2_20200703_L2A0004902183,WFV3,2020-07-03
GF1_WFV3_E113.4_N17.2_20200703_L2A0004902183_1024_9216.png,1,2,0,0.92578125,0.5185546875,0.04296875,0.052734375,463.0,252.0,22.0,27.0,485.0,279.0,594.0,34.828149534535996,1.2272727272727273,27.0,False,True,small,GF1_WFV3_E113.4_N17.2_20200703_L2A0004902183,WFV3,2020-07-03
GF1_WFV3_E113.4_N17.2_20200703_L2A0004902183_1024_9728.png,0,1,0,0.1640625,0.5126953125,0.0390625,0.044921875,74.0,251.0,20.0,23.0,94.0,274.0,460.0,30.479501308256342,1.15,74.0,False,True,small,GF1_WFV3_E113.4_N17.2_20200703_L2A0004902183,WFV3,2020-07-03
GF1_WFV3_E113.4_N17.2_20200703_L2A0004902183_11264_4608.png,0,1,0,0.080078125,0.841796875,0.05859375,0.05078125,26.0,418.0,30.0,26.0,56.0,444.0,780.0,39.698866482558415,1.1538461538461537,26.0,False,True,small,GF1_WFV3_E113.4_N17.2_20200703_L2A0004902183,WFV3,2020-07-03
GF1_WFV3_E113.4_N17.2_20200703_L2A0004902183_14334_4096.png,0,1,0,0.9368600682593857,0.7606217616580311,0.030716723549487956,0.03730569948186524,471.8088737201366,379.8880829015544,15.726962457337834,19.100518134715003,487.53583617747444,398.9886010362694,300.3931316203633,24.742011663344805,1.2145077720207278,24.464163822525563,False,True,small,GF1_WFV3_E113.4_N17.2_20200703_L2A0004902183,WFV3,2020-07-03
GF1_WFV3_E113.4_N17.2_20200703_L2A0004902183_14334_7168.png,0,1,0,0.9074232081911262,0.06787564766839378,0.03156996587030714,0.04248704663212435,456.518771331058,23.875647668393782,16.163822525597254,21.75336787564767,472.6825938566553,45.62901554404145,351.6175776759975,27.10125776734846,1.3458059095364807,23.875647668393782,False,True,small,GF1_WFV3_E113.4_N17.2_20200703_L2A0004902183,WFV3,2020-07-03
GF1_WFV3_E113.4_N17.2_20200703_L2A0004902183_1536_6144.png,0,1,0,0.103515625,0.67578125,0.0390625,0.046875,43.0,334.0,20.0,24.0,63.0,358.0,480.0,31.240998703626616,1.2,43.0,False,True,small,GF1_WFV3_E113.4_N17.2_20200703_L2A0004902183,WFV3,2020-07-03
GF1_WFV3_E113.4_N17.2_20200703_L2A0004902183_2560_8192.png,0,1,0,0.1728515625,0.1943359375,0.041015625,0.041015625,78.0,89.0,21.0,21.0,99.0,110.0,441.0,29.698484809834994,1.0,78.0,False,True,small,GF1_WFV3_E113.4_N17.2_20200703_L2A0004902183,WFV3,2020-07-03
GF1_WFV3_E113.4_N17.2_20200703_L2A0004902183_3584_0.png,0,1,0,0.064453125,0.8447265625,0.05078125,0.044921875,20.0,421.0,26.0,23.0,46.0,444.0,598.0,34.713109915419565,1.1304347826086956,20.0,False,True,small,GF1_WFV3_E113.4_N17.2_20200703_L2A0004902183,WFV3,2020-07-03
GF1_WFV3_E113.4_N17.2_20200703_L2A0004902183_4096_4608.png,0,1,0,0.3131399317406144,0.9072538860103627,0.03412969283276451,0.032124352331606265,151.59044368600684,456.29015544041454,17.47440273037543,16.447668393782408,169.06484641638227,472.73782383419694,287.413181488621,23.99751125377757,1.0624243091489582,39.262176165803055,False,True,small,GF1_WFV3_E113.4_N17.2_20200703_L2A0004902183,WFV3,2020-07-03
GF1_WFV3_E113.4_N17.2_20200703_L2A0004902183_5120_6656.png,0,1,0,0.103515625,0.9580078125,0.046875,0.048828125,41.0,478.0,24.0,25.0,65.0,503.0,600.0,34.655446902326915,1.0416666666666667,9.0,False,True,small,GF1_WFV3_E113.4_N17.2_20200703_L2A0004902183,WFV3,2020-07-03
GF1_WFV3_E113.4_N17.2_20200703_L2A0004902183_7680_3584.png,0,1,0,0.216796875,0.017578125,0.05078125,0.03515625,98.0,0.0,26.0,18.0,124.0,18.0,468.0,31.622776601683793,1.4444444444444444,0.0,True,True,small,GF1_WFV3_E113.4_N17.2_20200703_L2A0004902183,WFV3,2020-07-03
GF1_WFV3_E113.4_N17.2_20200703_L2A0004902183_8192_4608.png,0,1,0,0.09375,0.83203125,0.02734375,0.02734375,41.0,419.0,14.0,14.0,55.0,433.0,196.0,19.79898987322333,1.0,41.0,False,True,small,GF1_WFV3_E113.4_N17.2_20200703_L2A0004902183,WFV3,2020-07-03
GF1_WFV3_E119.6_N35.6_20200424_L2A0004760840_10240_10752.png,0,1,0,0.177734375,0.37109375,0.04296875,0.03515625,80.0,181.0,22.0,18.0,102.0,199.0,396.0,28.42534080710379,1.2222222222222223,80.0,False,True,small,GF1_WFV3_E119.6_N35.6_20200424_L2A0004760840,WFV3,2020-04-24
GF1_WFV3_E119.6_N35.6_20200424_L2A0004760840_10240_11264.png,0,1,0,0.4501953125,0.3759765625,0.056640625,0.037109375,216.0,183.0,29.0,19.0,245.0,202.0,551.0,34.66987164671943,1.5263157894736843,183.0,False,True,small,GF1_WFV3_E119.6_N35.6_20200424_L2A0004760840,WFV3,2020-04-24
GF1_WFV3_E119.6_N35.6_20200424_L2A0004760840_10240_11776.png,0,1,0,0.80859375,0.388671875,0.0703125,0.0390625,396.0,189.0,36.0,20.0,432.0,209.0,720.0,41.182520563948,1.8,80.0,False,True,small,GF1_WFV3_E119.6_N35.6_20200424_L2A0004760840,WFV3,2020-04-24
GF1_WFV3_E119.6_N35.6_20200424_L2A0004760840_10240_5120.png,0,1,0,0.6533203125,0.677734375,0.041015625,0.0390625,324.0,337.0,21.0,20.0,345.0,357.0,420.0,29.0,1.05,155.0,False,True,small,GF1_WFV3_E119.6_N35.6_20200424_L2A0004760840,WFV3,2020-04-24
GF1_WFV3_E119.6_N35.6_20200424_L2A0004760840_10240_5632.png,0,1,0,0.5517578125,0.1357421875,0.037109375,0.048828125,273.0,57.0,19.0,25.0,292.0,82.0,475.0,31.400636936215164,1.3157894736842106,57.0,False,True,small,GF1_WFV3_E119.6_N35.6_20200424_L2A0004760840,WFV3,2020-04-24
GF1_WFV3_E119.6_N35.6_20200424_L2A0004760840_10240_5632.png,1,2,0,0.7824232081911263,0.36062176165803106,0.022184300341296925,0.0227979274611399,394.92150170648466,178.8020725388601,11.358361774744026,11.672538860103629,406.2798634812287,190.47461139896373,132.58091920281527,16.28682122596658,1.0276604224790755,105.72013651877131,False,True,small,GF1_WFV3_E119.6_N35.6_20200424_L2A0004760840,WFV3,2020-04-24
GF1_WFV3_E119.6_N35.6_20200424_L2A0004760840_10240_9216.png,0,1,0,0.53515625,0.150390625,0.05078125,0.0390625,261.0,67.0,26.0,20.0,287.0,87.0,520.0,32.802438933713454,1.3,67.0,False,True,small,GF1_WFV3_E119.6_N35.6_20200424_L2A0004760840,WFV3,2020-04-24
GF1_WFV3_E119.6_N35.6_20200424_L2A0004760840_10240_9728.png,0,1,0,0.1982421875,0.3525390625,0.048828125,0.037109375,89.0,171.0,25.0,19.0,114.0,190.0,475.0,31.400636936215164,1.3157894736842106,89.0,False,True,small,GF1_WFV3_E119.6_N35.6_20200424_L2A0004760840,WFV3,2020-04-24
GF1_WFV3_E119.6_N35.6_20200424_L2A0004760840_10752_10240.png,0,1,0,0.5012798634812287,0.17202072538860103,0.01791808873720141,0.016580310880829036,252.0682593856655,83.8300518134715,9.174061433447122,8.489119170984466,261.2423208191126,92.31917098445597,77.8797007904652,12.499141869898024,1.0806847269624587,83.8300518134715,False,True,small,GF1_WFV3_E119.6_N35.6_20200424_L2A0004760840,WFV3,2020-04-24
GF1_WFV3_E119.6_N35.6_20200424_L2A0004760840_10752_10752.png,0,1,0,0.9716796875,0.3759765625,0.056640625,0.044921875,483.0,181.0,29.0,23.0,512.0,204.0,667.0,37.013511046643494,1.2608695652173914,0.0,True,True,small,GF1_WFV3_E119.6_N35.6_20200424_L2A0004760840,WFV3,2020-04-24
GF1_WFV3_E119.6_N35.6_20200424_L2A0004760840_10752_11264.png,0,1,0,0.03125,0.4072265625,0.0625,0.041015625,0.0,198.0,32.0,21.0,32.0,219.0,672.0,38.27531841800928,1.5238095238095237,0.0,True,True,small,GF1_WFV3_E119.6_N35.6_20200424_L2A0004760840,WFV3,2020-04-24
GF1_WFV3_E119.6_N35.6_20200424_L2A0004760840_10752_11264.png,1,2,0,0.2236328125,0.234375,0.060546875,0.03515625,99.0,111.0,31.0,18.0,130.0,129.0,558.0,35.84689665786984,1.7222222222222223,99.0,False,True,small,GF1_WFV3_E119.6_N35.6_20200424_L2A0004760840,WFV3,2020-04-24
GF1_WFV3_E119.6_N35.6_20200424_L2A0004760840_10752_12800.png,0,1,0,0.650390625,0.568359375,0.046875,0.03515625,321.0,282.0,24.0,18.0,345.0,300.0,432.0,30.0,1.3333333333333333,167.0,False,True,small,GF1_WFV3_E119.6_N35.6_20200424_L2A0004760840,WFV3,2020-04-24
GF1_WFV3_E119.6_N35.6_20200424_L2A0004760840_10752_14336.png,0,1,0,0.630859375,0.4453125,0.046875,0.0625,311.0,212.0,24.0,32.0,335.0,244.0,768.0,40.0,1.3333333333333333,177.0,False,True,small,GF1_WFV3_E119.6_N35.6_20200424_L2A0004760840,WFV3,2020-04-24
GF1_WFV3_E119.6_N35.6_20200424_L2A0004760840_10752_14336.png,1,2,0,0.666015625,0.216796875,0.046875,0.03515625,329.0,102.0,24.0,18.0,353.0,120.0,432.0,30.0,1.3333333333333333,102.0,False,True,small,GF1_WFV3_E119.6_N35.6_20200424_L2A0004760840,WFV3,2020-04-24
GF1_WFV3_E119.6_N35.6_20200424_L2A0004760840_10752_4096.png,0,1,0,0.962890625,0.2802734375,0.046875,0.056640625,481.0,129.0,24.0,29.0,505.0,158.0,696.0,37.64306044943742,1.2083333333333333,7.0,False,True,small,GF1_WFV3_E119.6_N35.6_20200424_L2A0004760840,WFV3,2020-04-24
GF1_WFV3_E119.6_N35.6_20200424_L2A0004760840_10752_4096.png,1,2,0,0.5964163822525597,0.6709844559585492,0.0494880546075086,0.03626943005181349,292.6962457337884,334.2590673575129,25.337883959044404,18.569948186528507,318.0341296928328,352.8290155440414,470.5231922757264,31.41419009257366,1.3644563627498794,159.1709844559586,False,True,small,GF1_WFV3_E119.6_N35.6_20200424_L2A0004760840,WFV3,2020-04-24
GF1_WFV3_E119.6_N35.6_20200424_L2A0004760840_10752_7168.png,0,1,0,0.19140625,0.4482421875,0.0625,0.037109375,82.0,220.0,32.0,19.0,114.0,239.0,608.0,37.21558813185679,1.6842105263157894,82.0,False,True,small,GF1_WFV3_E119.6_N35.6_20200424_L2A0004760840,WFV3,2020-04-24
GF1_WFV3_E119.6_N35.6_20200424_L2A0004760840_10752_9728.png,0,1,0,0.4375,0.896484375,0.0703125,0.0546875,206.0,445.0,36.0,28.0,242.0,473.0,1008.0,45.60701700396552,1.2857142857142858,39.0,False,True,small,GF1_WFV3_E119.6_N35.6_20200424_L2A0004760840,WFV3,2020-04-24
GF1_WFV3_E119.6_N35.6_20200424_L2A0004760840_11264_10240.png,0,1,0,0.9560546875,0.23046875,0.041015625,0.04296875,479.0,107.0,21.0,22.0,500.0,129.0,462.0,30.4138126514911,1.0476190476190477,12.0,False,True,small,GF1_WFV3_E119.6_N35.6_20200424_L2A0004760840,WFV3,2020-04-24
GF1_WFV3_E119.6_N35.6_20200424_L2A0004760840_11264_11264.png,0,1,0,0.84375,0.7451171875,0.05859375,0.044921875,417.0,370.0,30.0,23.0,447.0,393.0,690.0,37.8021163428716,1.3043478260869565,65.0,False,True,small,GF1_WFV3_E119.6_N35.6_20200424_L2A0004760840,WFV3,2020-04-24
GF1_WFV3_E119.6_N35.6_20200424_L2A0004760840_11264_12800.png,0,1,0,0.837890625,0.767578125,0.0390625,0.0390625,419.0,383.0,20.0,20.0,439.0,403.0,400.0,28.284271247461902,1.0,73.0,False,True,small,GF1_WFV3_E119.6_N35.6_20200424_L2A0004760840,WFV3,2020-04-24
GF1_WFV3_E119.6_N35.6_20200424_L2A0004760840_11264_4096.png,0,1,0,0.0205078125,0.8134765625,0.041015625,0.052734375,0.0,403.0,21.0,27.0,21.0,430.0,567.0,34.20526275297414,1.2857142857142858,0.0,True,True,small,GF1_WFV3_E119.6_N35.6_20200424_L2A0004760840,WFV3,2020-04-24
GF1_WFV3_E119.6_N35.6_20200424_L2A0004760840_11264_4096.png,1,2,0,0.505859375,0.6318359375,0.06640625,0.044921875,242.0,312.0,34.0,23.0,276.0,335.0,782.0,41.048751503547585,1.4782608695652173,177.0,False,True,small,GF1_WFV3_E119.6_N35.6_20200424_L2A0004760840,WFV3,2020-04-24
GF1_WFV3_E119.6_N35.6_20200424_L2A0004760840_11264_4096.png,2,3,0,0.4970703125,0.7724609375,0.068359375,0.048828125,237.0,383.0,35.0,25.0,272.0,408.0,875.0,43.01162633521314,1.4,104.0,False,True,small,GF1_WFV3_E119.6_N35.6_20200424_L2A0004760840,WFV3,2020-04-24
GF1_WFV3_E119.6_N35.6_20200424_L2A0004760840_11264_4608.png,0,1,0,0.89453125,0.6435546875,0.0390625,0.044921875,448.0,318.0,20.0,23.0,468.0,341.0,460.0,30.479501308256342,1.15,44.0,False,True,small,GF1_WFV3_E119.6_N35.6_20200424_L2A0004760840,WFV3,2020-04-24
GF1_WFV3_E119.6_N35.6_20200424_L2A0004760840_11776_11264.png,0,1,0,0.431640625,0.8125,0.0859375,0.05859375,199.0,401.0,44.0,30.0,243.0,431.0,1320.0,53.25410782277739,1.4666666666666666,81.0,False,True,medium,GF1_WFV3_E119.6_N35.6_20200424_L2A0004760840,WFV3,2020-04-24
GF1_WFV3_E119.6_N35.6_20200424_L2A0004760840_11776_11776.png,0,1,0,0.6025390625,0.0712890625,0.068359375,0.048828125,291.0,24.0,35.0,25.0,326.0,49.0,875.0,43.01162633521314,1.4,24.0,False,True,small,GF1_WFV3_E119.6_N35.6_20200424_L2A0004760840,WFV3,2020-04-24
GF1_WFV3_E119.6_N35.6_20200424_L2A0004760840_11776_11776.png,1,2,0,0.1630859375,0.693359375,0.060546875,0.05078125,68.0,342.0,31.0,26.0,99.0,368.0,806.0,40.45985664828782,1.1923076923076923,68.0,False,True,small,GF1_WFV3_E119.6_N35.6_20200424_L2A0004760840,WFV3,2020-04-24
GF1_WFV3_E119.6_N35.6_20200424_L2A0004760840_11776_12288.png,0,1,0,0.0185546875,0.10546875,0.037109375,0.0390625,0.0,44.0,19.0,20.0,19.0,64.0,380.0,27.586228448267445,1.0526315789473684,0.0,True,True,small,GF1_WFV3_E119.6_N35.6_20200424_L2A0004760840,WFV3,2020-04-24
GF1_WFV3_E119.6_N35.6_20200424_L2A0004760840_11776_4096.png,0,1,0,0.0517578125,0.7001953125,0.076171875,0.048828125,7.0,346.0,39.0,25.0,46.0,371.0,975.0,46.32493928760188,1.56,7.0,False,True,small,GF1_WFV3_E119.6_N35.6_20200424_L2A0004760840,WFV3,2020-04-24
GF1_WFV3_E119.6_N35.6_20200424_L2A0004760840_11776_4096.png,1,2,0,0.0546875,0.7666015625,0.0390625,0.021484375,18.0,387.0,20.0,11.0,38.0,398.0,220.0,22.825424421026653,1.8181818181818181,18.0,False,True,small,GF1_WFV3_E119.6_N35.6_20200424_L2A0004760840,WFV3,2020-04-24
GF1_WFV3_E119.6_N35.6_20200424_L2A0004760840_11776_4608.png,0,1,0,0.935546875,0.2958984375,0.046875,0.044921875,467.0,140.0,24.0,23.0,491.0,163.0,552.0,33.24154027718932,1.0434782608695652,21.0,False,True,small,GF1_WFV3_E119.6_N35.6_20200424_L2A0004760840,WFV3,2020-04-24
GF1_WFV3_E119.6_N35.6_20200424_L2A0004760840_11776_4608.png,1,2,0,0.7705078125,0.3642578125,0.037109375,0.025390625,385.0,180.0,19.0,13.0,404.0,193.0,247.0,23.021728866442675,1.4615384615384615,108.0,False,True,small,GF1_WFV3_E119.6_N35.6_20200424_L2A0004760840,WFV3,2020-04-24
GF1_WFV3_E119.6_N35.6_20200424_L2A0004760840_11776_4608.png,2,3,0,0.1572265625,0.494140625,0.033203125,0.03125,72.0,245.0,17.0,16.0,89.0,261.0,272.0,23.345235059857504,1.0625,72.0,False,True,small,GF1_WFV3_E119.6_N35.6_20200424_L2A0004760840,WFV3,2020-04-24
GF1_WFV3_E119.6_N35.6_20200424_L2A0004760840_11776_4608.png,3,4,0,0.208984375,0.423828125,0.03125,0.03515625,99.0,208.0,16.0,18.0,115.0,226.0,288.0,24.08318915758459,1.125,99.0,False,True,small,GF1_WFV3_E119.6_N35.6_20200424_L2A0004760840,WFV3,2020-04-24
GF1_WFV3_E119.6_N35.6_20200424_L2A0004760840_11776_4608.png,4,5,0,0.2900390625,0.337890625,0.033203125,0.0234375,140.0,167.0,17.0,12.0,157.0,179.0,204.0,20.808652046684813,1.4166666666666667,140.0,False,True,small,GF1_WFV3_E119.6_N35.6_20200424_L2A0004760840,WFV3,2020-04-24
GF1_WFV3_E119.6_N35.6_20200424_L2A0004760840_11776_4608.png,5,6,0,0.0400390625,0.50390625,0.029296875,0.0234375,13.0,252.0,15.0,12.0,28.0,264.0,180.0,19.209372712298546,1.25,13.0,False,True,small,GF1_WFV3_E119.6_N35.6_20200424_L2A0004760840,WFV3,2020-04-24
GF1_WFV3_E119.6_N35.6_20200424_L2A0004760840_11776_4608.png,6,7,0,0.0859375,0.4228515625,0.02734375,0.029296875,37.0,209.0,14.0,15.0,51.0,224.0,210.0,20.518284528683193,1.0714285714285714,37.0,False,True,small,GF1_WFV3_E119.6_N35.6_20200424_L2A0004760840,WFV3,2020-04-24
GF1_WFV3_E119.6_N35.6_20200424_L2A0004760840_11776_4608.png,7,8,0,0.1650390625,0.32421875,0.025390625,0.0234375,78.0,160.0,13.0,12.0,91.0,172.0,156.0,17.69180601295413,1.0833333333333333,78.0,False,True,small,GF1_WFV3_E119.6_N35.6_20200424_L2A0004760840,WFV3,2020-04-24
GF1_WFV3_E119.6_N35.6_20200424_L2A0004760840_12288_10752.png,0,1,0,0.0859375,0.1220703125,0.0859375,0.052734375,22.0,49.0,44.0,27.0,66.0,76.0,1188.0,51.62363799656123,1.6296296296296295,22.0,False,True,medium,GF1_WFV3_E119.6_N35.6_20200424_L2A0004760840,WFV3,2020-04-24
GF1_WFV3_E119.6_N35.6_20200424_L2A0004760840_12288_13312.png,0,1,0,0.5009765625,0.6513671875,0.041015625,0.033203125,246.0,325.0,21.0,17.0,267.0,342.0,357.0,27.018512172212592,1.2352941176470589,170.0,False,True,small,GF1_WFV3_E119.6_N35.6_20200424_L2A0004760840,WFV3,2020-04-24
GF1_WFV3_E119.6_N35.6_20200424_L2A0004760840_12288_13824.png,0,1,0,0.2685546875,0.0986328125,0.048828125,0.037109375,125.0,41.0,25.0,19.0,150.0,60.0,475.0,31.400636936215164,1.3157894736842106,41.0,False,True,small,GF1_WFV3_E119.6_N35.6_20200424_L2A0004760840,WFV3,2020-04-24
GF1_WFV3_E119.6_N35.6_20200424_L2A0004760840_12288_14336.png,0,1,0,0.7607421875,0.63671875,0.041015625,0.04296875,379.0,315.0,21.0,22.0,400.0,337.0,462.0,30.4138126514911,1.0476190476190477,112.0,False,True,small,GF1_WFV3_E119.6_N35.6_20200424_L2A0004760840,WFV3,2020-04-24
GF1_WFV3_E119.6_N35.6_20200424_L2A0004760840_12288_15201.png,0,1,0,0.17578125,0.478515625,0.0703125,0.03515625,72.0,236.0,36.0,18.0,108.0,254.0,648.0,40.24922359499622,2.0,72.0,False,True,small,GF1_WFV3_E119.6_N35.6_20200424_L2A0004760840,WFV3,2020-04-24
GF1_WFV3_E119.6_N35.6_20200424_L2A0004760840_12288_4096.png,0,1,0,0.1533203125,0.318359375,0.052734375,0.0390625,65.0,153.0,27.0,20.0,92.0,173.0,540.0,33.60059523282288,1.35,65.0,False,True,small,GF1_WFV3_E119.6_N35.6_20200424_L2A0004760840,WFV3,2020-04-24
GF1_WFV3_E119.6_N35.6_20200424_L2A0004760840_12800_12800.png,0,1,0,0.66015625,0.88671875,0.05078125,0.05078125,325.0,441.0,26.0,26.0,351.0,467.0,676.0,36.76955262170047,1.0,45.0,False,True,small,GF1_WFV3_E119.6_N35.6_20200424_L2A0004760840,WFV3,2020-04-24
GF1_WFV3_E119.6_N35.6_20200424_L2A0004760840_12800_14336.png,0,1,0,0.5634765625,0.9541015625,0.021484375,0.033203125,283.0,480.0,11.0,17.0,294.0,497.0,187.0,20.248456731316587,1.5454545454545454,15.0,False,True,small,GF1_WFV3_E119.6_N35.6_20200424_L2A0004760840,WFV3,2020-04-24
GF1_WFV3_E119.6_N35.6_20200424_L2A0004760840_12800_14689.png,0,1,0,0.408203125,0.892578125,0.0390625,0.0390625,199.0,447.0,20.0,20.0,219.0,467.0,400.0,28.284271247461902,1.0,45.0,False,True,small,GF1_WFV3_E119.6_N35.6_20200424_L2A0004760840,WFV3,2020-04-24
GF1_WFV3_E119.6_N35.6_20200424_L2A0004760840_12800_14689.png,1,2,0,0.5634765625,0.2587890625,0.021484375,0.029296875,283.0,125.0,11.0,15.0,294.0,140.0,165.0,18.601075237738275,1.3636363636363635,125.0,False,True,small,GF1_WFV3_E119.6_N35.6_20200424_L2A0004760840,WFV3,2020-04-24
GF1_WFV3_E119.6_N35.6_20200424_L2A0004760840_12800_14848.png,0,1,0,0.6474609375,0.72265625,0.052734375,0.03125,318.0,362.0,27.0,16.0,345.0,378.0,432.0,31.38470965295043,1.6875,134.0,False,True,small,GF1_WFV3_E119.6_N35.6_20200424_L2A0004760840,WFV3,2020-04-24
GF1_WFV3_E119.6_N35.6_20200424_L2A0004760840_12800_14848.png,1,2,0,0.4150390625,0.58203125,0.041015625,0.03125,202.0,290.0,21.0,16.0,223.0,306.0,336.0,26.40075756488817,1.3125,202.0,False,True,small,GF1_WFV3_E119.6_N35.6_20200424_L2A0004760840,WFV3,2020-04-24
GF1_WFV3_E119.6_N35.6_20200424_L2A0004760840_12800_15201.png,0,1,0,0.2802734375,0.396484375,0.060546875,0.04296875,128.0,192.0,31.0,22.0,159.0,214.0,682.0,38.01315561749642,1.4090909090909092,128.0,False,True,small,GF1_WFV3_E119.6_N35.6_20200424_L2A0004760840,WFV3,2020-04-24
GF1_WFV3_E119.6_N35.6_20200424_L2A0004760840_12800_15201.png,1,2,0,0.6484375,0.0341796875,0.0390625,0.033203125,322.0,9.0,20.0,17.0,342.0,26.0,340.0,26.248809496813376,1.1764705882352942,9.0,False,True,small,GF1_WFV3_E119.6_N35.6_20200424_L2A0004760840,WFV3,2020-04-24
GF1_WFV3_E119.6_N35.6_20200424_L2A0004760840_12800_4608.png,0,1,0,0.205078125,0.21484375,0.05859375,0.04296875,90.0,99.0,30.0,22.0,120.0,121.0,660.0,37.20215047547655,1.3636363636363635,90.0,False,True,small,GF1_WFV3_E119.6_N35.6_20200424_L2A0004760840,WFV3,2020-04-24
GF1_WFV3_E119.6_N35.6_20200424_L2A0004760840_12800_4608.png,1,2,0,0.529296875,0.189453125,0.07421875,0.04296875,252.0,86.0,38.0,22.0,290.0,108.0,836.0,43.9089968002003,1.7272727272727273,86.0,False,True,small,GF1_WFV3_E119.6_N35.6_20200424_L2A0004760840,WFV3,2020-04-24
GF1_WFV3_E119.6_N35.6_20200424_L2A0004760840_12800_4608.png,2,3,0,0.8642578125,0.2392578125,0.064453125,0.041015625,426.0,112.0,33.0,21.0,459.0,133.0,693.0,39.11521443121589,1.5714285714285714,53.0,False,True,small,GF1_WFV3_E119.6_N35.6_20200424_L2A0004760840,WFV3,2020-04-24
GF1_WFV3_E119.6_N35.6_20200424_L2A0004760840_12800_4608.png,3,4,0,0.951171875,0.2041015625,0.0546875,0.037109375,473.0,95.0,28.0,19.0,501.0,114.0,532.0,33.83784863137726,1.4736842105263157,11.0,False,True,small,GF1_WFV3_E119.6_N35.6_20200424_L2A0004760840,WFV3,2020-04-24
GF1_WFV3_E119.6_N35.6_20200424_L2A0004760840_12800_4608.png,4,5,0,0.9697265625,0.5263671875,0.060546875,0.044921875,481.0,258.0,31.0,23.0,512.0,281.0,713.0,38.600518131237564,1.3478260869565217,0.0,True,True,small,GF1_WFV3_E119.6_N35.6_20200424_L2A0004760840,WFV3,2020-04-24
GF1_WFV3_E119.6_N35.6_20200424_L2A0004760840_12800_4608.png,5,6,0,0.828125,0.5673828125,0.08203125,0.056640625,403.0,276.0,42.0,29.0,445.0,305.0,1218.0,51.03920062069938,1.4482758620689655,67.0,False,True,medium,GF1_WFV3_E119.6_N35.6_20200424_L2A0004760840,WFV3,2020-04-24
GF1_WFV3_E119.6_N35.6_20200424_L2A0004760840_12800_8192.png,0,1,0,0.0263671875,0.5703125,0.052734375,0.03515625,0.0,283.0,27.0,18.0,27.0,301.0,486.0,32.449961479175904,1.5,0.0,True,True,small,GF1_WFV3_E119.6_N35.6_20200424_L2A0004760840,WFV3,2020-04-24
GF1_WFV3_E119.6_N35.6_20200424_L2A0004760840_12800_8192.png,1,2,0,0.1298828125,0.546875,0.060546875,0.03125,51.0,272.0,31.0,16.0,82.0,288.0,496.0,34.88552708502482,1.9375,51.0,False,True,small,GF1_WFV3_E119.6_N35.6_20200424_L2A0004760840,WFV3,2020-04-24
GF1_WFV3_E119.6_N35.6_20200424_L2A0004760840_13312_10240.png,0,1,0,0.3330078125,0.763671875,0.099609375,0.0625,145.0,375.0,51.0,32.0,196.0,407.0,1632.0,60.207972893961475,1.59375,105.0,False,True,medium,GF1_WFV3_E119.6_N35.6_20200424_L2A0004760840,WFV3,2020-04-24
GF1_WFV3_E119.6_N35.6_20200424_L2A0004760840_13312_10752.png,0,1,0,0.431640625,0.244140625,0.08203125,0.046875,200.0,113.0,42.0,24.0,242.0,137.0,1008.0,48.373546489791295,1.75,113.0,False,True,small,GF1_WFV3_E119.6_N35.6_20200424_L2A0004760840,WFV3,2020-04-24
GF1_WFV3_E119.6_N35.6_20200424_L2A0004760840_13312_12288.png,0,1,0,0.2412109375,0.7236328125,0.041015625,0.068359375,113.0,353.0,21.0,35.0,134.0,388.0,735.0,40.8166632639171,1.6666666666666667,113.0,False,True,small,GF1_WFV3_E119.6_N35.6_20200424_L2A0004760840,WFV3,2020-04-24
GF1_WFV3_E119.6_N35.6_20200424_L2A0004760840_13312_12800.png,0,1,0,0.5234375,0.5595703125,0.04296875,0.048828125,257.0,274.0,22.0,25.0,279.0,299.0,550.0,33.301651610693426,1.1363636363636365,213.0,False,True,small,GF1_WFV3_E119.6_N35.6_20200424_L2A0004760840,WFV3,2020-04-24
GF1_WFV3_E119.6_N35.6_20200424_L2A0004760840_13312_13824.png,0,1,0,0.63671875,0.291015625,0.04296875,0.03515625,315.0,140.0,22.0,18.0,337.0,158.0,396.0,28.42534080710379,1.2222222222222223,140.0,False,True,small,GF1_WFV3_E119.6_N35.6_20200424_L2A0004760840,WFV3,2020-04-24
GF1_WFV3_E119.6_N35.6_20200424_L2A0004760840_13312_13824.png,1,2,0,0.7802734375,0.140625,0.048828125,0.03515625,387.0,63.0,25.0,18.0,412.0,81.0,450.0,30.805843601498726,1.3888888888888888,63.0,False,True,small,GF1_WFV3_E119.6_N35.6_20200424_L2A0004760840,WFV3,2020-04-24
GF1_WFV3_E119.6_N35.6_20200424_L2A0004760840_13312_4608.png,0,1,0,0.5166015625,0.4755859375,0.091796875,0.064453125,241.0,227.0,47.0,33.0,288.0,260.0,1551.0,57.42821606144492,1.4242424242424243,224.0,False,True,medium,GF1_WFV3_E119.6_N35.6_20200424_L2A0004760840,WFV3,2020-04-24
GF1_WFV3_E119.6_N35.6_20200424_L2A0004760840_13312_9728.png,0,1,0,0.0859375,0.2548828125,0.0625,0.060546875,28.0,115.0,32.0,31.0,60.0,146.0,992.0,44.553338819890925,1.032258064516129,28.0,False,True,small,GF1_WFV3_E119.6_N35.6_20200424_L2A0004760840,WFV3,2020-04-24
GF1_WFV3_E119.6_N35.6_20200424_L2A0004760840_13824_8192.png,0,1,0,0.4501953125,0.6201171875,0.080078125,0.048828125,210.0,305.0,41.0,25.0,251.0,330.0,1025.0,48.02082881417188,1.64,182.0,False,True,medium,GF1_WFV3_E119.6_N35.6_20200424_L2A0004760840,WFV3,2020-04-24
GF1_WFV3_E119.6_N35.6_20200424_L2A0004760840_13824_8192.png,1,2,0,0.9169921875,0.8076171875,0.076171875,0.048828125,450.0,401.0,39.0,25.0,489.0,426.0,975.0,46.32493928760188,1.56,23.0,False,True,small,GF1_WFV3_E119.6_N35.6_20200424_L2A0004760840,WFV3,2020-04-24
GF1_WFV3_E119.6_N35.6_20200424_L2A0004760840_13824_8704.png,0,1,0,0.318359375,0.140625,0.09765625,0.0703125,138.0,54.0,50.0,36.0,188.0,90.0,1800.0,61.61168720299745,1.3888888888888888,54.0,False,True,medium,GF1_WFV3_E119.6_N35.6_20200424_L2A0004760840,WFV3,2020-04-24
GF1_WFV3_E119.6_N35.6_20200424_L2A0004760840_13824_9216.png,0,1,0,0.2802734375,0.541015625,0.064453125,0.05859375,127.0,262.0,33.0,30.0,160.0,292.0,990.0,44.598206241955516,1.1,127.0,False,True,small,GF1_WFV3_E119.6_N35.6_20200424_L2A0004760840,WFV3,2020-04-24
GF1_WFV3_E119.6_N35.6_20200424_L2A0004760840_14187_4608.png,0,1,0,0.9775390625,0.59765625,0.044921875,0.04296875,489.0,295.0,23.0,22.0,512.0,317.0,506.0,31.827660925679098,1.0454545454545454,0.0,True,True,small,GF1_WFV3_E119.6_N35.6_20200424_L2A0004760840,WFV3,2020-04-24
GF1_WFV3_E119.6_N35.6_20200424_L2A0004760840_14187_5120.png,0,1,0,0.78515625,0.8798828125,0.07421875,0.060546875,383.0,435.0,38.0,31.0,421.0,466.0,1178.0,49.040799340956916,1.2258064516129032,46.0,False,True,medium,GF1_WFV3_E119.6_N35.6_20200424_L2A0004760840,WFV3,2020-04-24
GF1_WFV3_E119.6_N35.6_20200424_L2A0004760840_14187_5632.png,0,1,0,0.912109375,0.212890625,0.0546875,0.0546875,453.0,95.0,28.0,28.0,481.0,123.0,784.0,39.59797974644666,1.0,31.0,False,True,small,GF1_WFV3_E119.6_N35.6_20200424_L2A0004760840,WFV3,2020-04-24
GF1_WFV3_E119.6_N35.6_20200424_L2A0004760840_14187_8192.png,0,1,0,0.2138671875,0.8095703125,0.060546875,0.041015625,94.0,404.0,31.0,21.0,125.0,425.0,651.0,37.44329045369811,1.4761904761904763,87.0,False,True,small,GF1_WFV3_E119.6_N35.6_20200424_L2A0004760840,WFV3,2020-04-24
GF1_WFV3_E119.6_N35.6_20200424_L2A0004760840_14187_9216.png,0,1,0,0.7197265625,0.025390625,0.060546875,0.046875,353.0,1.0,31.0,24.0,384.0,25.0,744.0,39.20459156782532,1.2916666666666667,1.0,False,True,small,GF1_WFV3_E119.6_N35.6_20200424_L2A0004760840,WFV3,2020-04-24
GF1_WFV3_E119.6_N35.6_20200424_L2A0004760840_14699_4608.png,0,1,0,0.2109375,0.927734375,0.0625,0.04296875,92.0,464.0,32.0,22.0,124.0,486.0,704.0,38.8329756778952,1.4545454545454546,26.0,False,True,small,GF1_WFV3_E119.6_N35.6_20200424_L2A0004760840,WFV3,2020-04-24
GF1_WFV3_E119.6_N35.6_20200424_L2A0004760840_14699_5120.png,0,1,0,0.0341796875,0.9150390625,0.068359375,0.056640625,0.0,454.0,35.0,29.0,35.0,483.0,1015.0,45.45327270945405,1.206896551724138,0.0,True,True,small,GF1_WFV3_E119.6_N35.6_20200424_L2A0004760840,WFV3,2020-04-24
GF1_WFV3_E119.6_N35.6_20200424_L2A0004760840_14699_5120.png,1,2,0,0.111328125,0.6748046875,0.05078125,0.044921875,44.0,334.0,26.0,23.0,70.0,357.0,598.0,34.713109915419565,1.1304347826086956,44.0,False,True,small,GF1_WFV3_E119.6_N35.6_20200424_L2A0004760840,WFV3,2020-04-24
GF1_WFV3_E119.6_N35.6_20200424_L2A0004760840_14699_5120.png,2,3,0,0.3935546875,0.54296875,0.068359375,0.0546875,184.0,264.0,35.0,28.0,219.0,292.0,980.0,44.82186966202994,1.25,184.0,False,True,small,GF1_WFV3_E119.6_N35.6_20200424_L2A0004760840,WFV3,2020-04-24
GF1_WFV3_E119.6_N35.6_20200424_L2A0004760840_14699_5120.png,3,4,0,0.58984375,0.2958984375,0.07421875,0.056640625,283.0,137.0,38.0,29.0,321.0,166.0,1102.0,47.80167361086848,1.3103448275862069,137.0,False,True,medium,GF1_WFV3_E119.6_N35.6_20200424_L2A0004760840,WFV3,2020-04-24
GF1_WFV3_E119.6_N35.6_20200424_L2A0004760840_14699_5120.png,4,5,0,0.921875,0.0712890625,0.0546875,0.041015625,458.0,26.0,28.0,21.0,486.0,47.0,588.0,35.0,1.3333333333333333,26.0,False,True,small,GF1_WFV3_E119.6_N35.6_20200424_L2A0004760840,WFV3,2020-04-24
GF1_WFV3_E119.6_N35.6_20200424_L2A0004760840_14699_5120.png,5,6,0,0.8486328125,0.3603515625,0.048828125,0.044921875,422.0,173.0,25.0,23.0,447.0,196.0,575.0,33.97057550292606,1.0869565217391304,65.0,False,True,small,GF1_WFV3_E119.6_N35.6_20200424_L2A0004760840,WFV3,2020-04-24
GF1_WFV3_E119.6_N35.6_20200424_L2A0004760840_14699_5120.png,6,7,0,0.9296875,0.6201171875,0.06640625,0.060546875,459.0,302.0,34.0,31.0,493.0,333.0,1054.0,46.010868281309364,1.096774193548387,19.0,False,True,medium,GF1_WFV3_E119.6_N35.6_20200424_L2A0004760840,WFV3,2020-04-24
GF1_WFV3_E119.6_N35.6_20200424_L2A0004760840_14699_5632.png,0,1,0,0.9501953125,0.919921875,0.076171875,0.046875,467.0,459.0,39.0,24.0,506.0,483.0,936.0,45.79301256742124,1.625,6.0,False,True,small,GF1_WFV3_E119.6_N35.6_20200424_L2A0004760840,WFV3,2020-04-24
GF1_WFV3_E119.6_N35.6_20200424_L2A0004760840_14699_5632.png,1,2,0,0.64453125,0.94921875,0.05078125,0.0390625,317.0,476.0,26.0,20.0,343.0,496.0,520.0,32.802438933713454,1.3,16.0,False,True,small,GF1_WFV3_E119.6_N35.6_20200424_L2A0004760840,WFV3,2020-04-24
GF1_WFV3_E119.6_N35.6_20200424_L2A0004760840_14699_5632.png,2,3,0,0.2529296875,0.7861328125,0.056640625,0.048828125,115.0,390.0,29.0,25.0,144.0,415.0,725.0,38.28837943815329,1.16,97.0,False,True,small,GF1_WFV3_E119.6_N35.6_20200424_L2A0004760840,WFV3,2020-04-24
GF1_WFV3_E119.6_N35.6_20200424_L2A0004760840_14699_5632.png,3,4,0,0.4609375,0.41015625,0.0703125,0.0625,218.0,194.0,36.0,32.0,254.0,226.0,1152.0,48.16637831516918,1.125,194.0,False,True,medium,GF1_WFV3_E119.6_N35.6_20200424_L2A0004760840,WFV3,2020-04-24
GF1_WFV3_E119.6_N35.6_20200424_L2A0004760840_14699_5632.png,4,5,0,0.0791015625,0.46875,0.052734375,0.0390625,27.0,230.0,27.0,20.0,54.0,250.0,540.0,33.60059523282288,1.35,27.0,False,True,small,GF1_WFV3_E119.6_N35.6_20200424_L2A0004760840,WFV3,2020-04-24
GF1_WFV3_E119.6_N35.6_20200424_L2A0004760840_14699_5632.png,5,6,0,0.1943359375,0.296875,0.044921875,0.03125,88.0,144.0,23.0,16.0,111.0,160.0,368.0,28.0178514522438,1.4375,88.0,False,True,small,GF1_WFV3_E119.6_N35.6_20200424_L2A0004760840,WFV3,2020-04-24
GF1_WFV3_E119.6_N35.6_20200424_L2A0004760840_15211_4096.png,0,1,0,0.6982421875,0.015625,0.052734375,0.02734375,344.0,1.0,27.0,14.0,371.0,15.0,378.0,30.4138126514911,1.9285714285714286,1.0,False,True,small,GF1_WFV3_E119.6_N35.6_20200424_L2A0004760840,WFV3,2020-04-24
GF1_WFV3_E119.6_N35.6_20200424_L2A0004760840_15211_5120.png,0,1,0,0.1806640625,0.4296875,0.048828125,0.03515625,80.0,211.0,25.0,18.0,105.0,229.0,450.0,30.805843601498726,1.3888888888888888,80.0,False,True,small,GF1_WFV3_E119.6_N35.6_20200424_L2A0004760840,WFV3,2020-04-24
GF1_WFV3_E119.6_N35.6_20200424_L2A0004760840_15211_5120.png,1,2,0,0.130859375,0.8818359375,0.0703125,0.068359375,49.0,434.0,36.0,35.0,85.0,469.0,1260.0,50.20956084253277,1.0285714285714285,43.0,False,True,medium,GF1_WFV3_E119.6_N35.6_20200424_L2A0004760840,WFV3,2020-04-24
GF1_WFV3_E119.6_N35.6_20200424_L2A0004760840_15211_5632.png,0,1,0,0.658203125,0.4794921875,0.0625,0.048828125,321.0,233.0,32.0,25.0,353.0,258.0,800.0,40.607881008493905,1.28,159.0,False,True,small,GF1_WFV3_E119.6_N35.6_20200424_L2A0004760840,WFV3,2020-04-24
GF1_WFV3_E119.6_N35.6_20200424_L2A0004760840_7168_10752.png,0,1,0,0.443359375,0.3681640625,0.0703125,0.029296875,209.0,181.0,36.0,15.0,245.0,196.0,540.0,39.0,2.4,181.0,False,True,small,GF1_WFV3_E119.6_N35.6_20200424_L2A0004760840,WFV3,2020-04-24
GF1_WFV3_E119.6_N35.6_20200424_L2A0004760840_7168_10752.png,1,2,0,0.4921875,0.3876953125,0.05859375,0.029296875,237.0,191.0,30.0,15.0,267.0,206.0,450.0,33.54101966249684,2.0,191.0,False,True,small,GF1_WFV3_E119.6_N35.6_20200424_L2A0004760840,WFV3,2020-04-24
GF1_WFV3_E119.6_N35.6_20200424_L2A0004760840_7680_9216.png,0,1,0,0.5166015625,0.80078125,0.052734375,0.04296875,251.0,399.0,27.0,22.0,278.0,421.0,594.0,34.828149534535996,1.2272727272727273,91.0,False,True,small,GF1_WFV3_E119.6_N35.6_20200424_L2A0004760840,WFV3,2020-04-24
GF1_WFV3_E119.6_N35.6_20200424_L2A0004760840_7680_9216.png,1,2,0,0.2177734375,0.3046875,0.033203125,0.03515625,103.0,147.0,17.0,18.0,120.0,165.0,306.0,24.758836806279895,1.0588235294117647,103.0,False,True,small,GF1_WFV3_E119.6_N35.6_20200424_L2A0004760840,WFV3,2020-04-24
GF1_WFV3_E119.6_N35.6_20200424_L2A0004760840_7680_9216.png,2,3,0,0.7529296875,0.5419921875,0.044921875,0.041015625,374.0,267.0,23.0,21.0,397.0,288.0,483.0,31.144823004794873,1.0952380952380953,115.0,False,True,small,GF1_WFV3_E119.6_N35.6_20200424_L2A0004760840,WFV3,2020-04-24
GF1_WFV3_E119.6_N35.6_20200424_L2A0004760840_7680_9216.png,3,4,0,0.103515625,0.6259765625,0.04296875,0.033203125,42.0,312.0,22.0,17.0,64.0,329.0,374.0,27.80287754891569,1.2941176470588236,42.0,False,True,small,GF1_WFV3_E119.6_N35.6_20200424_L2A0004760840,WFV3,2020-04-24
GF1_WFV3_E119.6_N35.6_20200424_L2A0004760840_7680_9728.png,0,1,0,0.8818359375,0.3759765625,0.041015625,0.044921875,441.0,181.0,21.0,23.0,462.0,204.0,483.0,31.144823004794873,1.0952380952380953,50.0,False,True,small,GF1_WFV3_E119.6_N35.6_20200424_L2A0004760840,WFV3,2020-04-24
GF1_WFV3_E119.6_N35.6_20200424_L2A0004760840_7680_9728.png,1,2,0,0.1923828125,0.2001953125,0.044921875,0.029296875,87.0,95.0,23.0,15.0,110.0,110.0,345.0,27.459060435491963,1.5333333333333334,87.0,False,True,small,GF1_WFV3_E119.6_N35.6_20200424_L2A0004760840,WFV3,2020-04-24
GF1_WFV3_E119.6_N35.6_20200424_L2A0004760840_8192_10752.png,0,1,0,0.4033203125,0.7255859375,0.052734375,0.052734375,193.0,358.0,27.0,27.0,220.0,385.0,729.0,38.18376618407357,1.0,127.0,False,True,small,GF1_WFV3_E119.6_N35.6_20200424_L2A0004760840,WFV3,2020-04-24
GF1_WFV3_E119.6_N35.6_20200424_L2A0004760840_8192_10752.png,1,2,0,0.462890625,0.8876953125,0.05859375,0.048828125,222.0,442.0,30.0,25.0,252.0,467.0,750.0,39.05124837953327,1.2,45.0,False,True,small,GF1_WFV3_E119.6_N35.6_20200424_L2A0004760840,WFV3,2020-04-24
GF1_WFV3_E119.6_N35.6_20200424_L2A0004760840_8192_10752.png,2,3,0,0.6123046875,0.25390625,0.041015625,0.02734375,303.0,123.0,21.0,14.0,324.0,137.0,294.0,25.238858928247925,1.5,123.0,False,True,small,GF1_WFV3_E119.6_N35.6_20200424_L2A0004760840,WFV3,2020-04-24
GF1_WFV3_E119.6_N35.6_20200424_L2A0004760840_8192_12288.png,0,1,0,0.86328125,0.2109375,0.04296875,0.03515625,431.0,99.0,22.0,18.0,453.0,117.0,396.0,28.42534080710379,1.2222222222222223,59.0,False,True,small,GF1_WFV3_E119.6_N35.6_20200424_L2A0004760840,WFV3,2020-04-24
GF1_WFV3_E119.6_N35.6_20200424_L2A0004760840_8192_12288.png,1,2,0,0.880859375,0.529296875,0.046875,0.03515625,439.0,262.0,24.0,18.0,463.0,280.0,432.0,30.0,1.3333333333333333,49.0,False,True,small,GF1_WFV3_E119.6_N35.6_20200424_L2A0004760840,WFV3,2020-04-24
GF1_WFV3_E119.6_N35.6_20200424_L2A0004760840_8192_12288.png,2,3,0,0.447265625,0.5927734375,0.05078125,0.044921875,216.0,292.0,26.0,23.0,242.0,315.0,598.0,34.713109915419565,1.1304347826086956,197.0,False,True,small,GF1_WFV3_E119.6_N35.6_20200424_L2A0004760840,WFV3,2020-04-24
GF1_WFV3_E119.6_N35.6_20200424_L2A0004760840_8192_12288.png,3,4,0,0.591796875,0.748046875,0.0546875,0.04296875,289.0,372.0,28.0,22.0,317.0,394.0,616.0,35.608987629529715,1.2727272727272727,118.0,False,True,small,GF1_WFV3_E119.6_N35.6_20200424_L2A0004760840,WFV3,2020-04-24
GF1_WFV3_E119.6_N35.6_20200424_L2A0004760840_8192_12288.png,4,5,0,0.0625,0.5849609375,0.046875,0.029296875,20.0,292.0,24.0,15.0,44.0,307.0,360.0,28.30194339616981,1.6,20.0,False,True,small,GF1_WFV3_E119.6_N35.6_20200424_L2A0004760840,WFV3,2020-04-24
GF1_WFV3_E119.6_N35.6_20200424_L2A0004760840_8192_12288.png,5,6,0,0.3154296875,0.59765625,0.044921875,0.03515625,150.0,297.0,23.0,18.0,173.0,315.0,414.0,29.206163733020468,1.2777777777777777,150.0,False,True,small,GF1_WFV3_E119.6_N35.6_20200424_L2A0004760840,WFV3,2020-04-24
GF1_WFV3_E119.6_N35.6_20200424_L2A0004760840_8192_12288.png,6,7,0,0.2763671875,0.857421875,0.048828125,0.03515625,129.0,430.0,25.0,18.0,154.0,448.0,450.0,30.805843601498726,1.3888888888888888,64.0,False,True,small,GF1_WFV3_E119.6_N35.6_20200424_L2A0004760840,WFV3,2020-04-24
GF1_WFV3_E119.6_N35.6_20200424_L2A0004760840_8192_12288.png,7,8,0,0.251953125,0.98046875,0.05859375,0.0390625,114.0,492.0,30.0,20.0,144.0,512.0,600.0,36.05551275463989,1.5,0.0,True,True,small,GF1_WFV3_E119.6_N35.6_20200424_L2A0004760840,WFV3,2020-04-24
GF1_WFV3_E119.6_N35.6_20200424_L2A0004760840_8192_12288.png,8,9,0,0.0126953125,0.7861328125,0.021484375,0.037109375,1.0,393.0,11.0,19.0,12.0,412.0,209.0,21.95449840010015,1.7272727272727273,1.0,False,True,small,GF1_WFV3_E119.6_N35.6_20200424_L2A0004760840,WFV3,2020-04-24
GF1_WFV3_E119.6_N35.6_20200424_L2A0004760840_8192_12288.png,9,10,0,0.65234375,0.568359375,0.0390625,0.046875,324.0,279.0,20.0,24.0,344.0,303.0,480.0,31.240998703626616,1.2,168.0,False,True,small,GF1_WFV3_E119.6_N35.6_20200424_L2A0004760840,WFV3,2020-04-24
GF1_WFV3_E119.6_N35.6_20200424_L2A0004760840_8192_12800.png,0,1,0,0.064453125,0.0185546875,0.05078125,0.033203125,20.0,1.0,26.0,17.0,46.0,18.0,442.0,31.064449134018133,1.5294117647058822,1.0,False,True,small,GF1_WFV3_E119.6_N35.6_20200424_L2A0004760840,WFV3,2020-04-24
GF1_WFV3_E119.6_N35.6_20200424_L2A0004760840_8192_13312.png,0,1,0,0.1796875,0.44921875,0.0390625,0.0390625,82.0,220.0,20.0,20.0,102.0,240.0,400.0,28.284271247461902,1.0,82.0,False,True,small,GF1_WFV3_E119.6_N35.6_20200424_L2A0004760840,WFV3,2020-04-24
GF1_WFV3_E119.6_N35.6_20200424_L2A0004760840_8192_13312.png,1,2,0,0.4501953125,0.8193359375,0.037109375,0.037109375,221.0,410.0,19.0,19.0,240.0,429.0,361.0,26.870057685088806,1.0,83.0,False,True,small,GF1_WFV3_E119.6_N35.6_20200424_L2A0004760840,WFV3,2020-04-24
GF1_WFV3_E119.6_N35.6_20200424_L2A0004760840_8192_13824.png,0,1,0,0.9833984375,0.875,0.033203125,0.046875,495.0,436.0,17.0,24.0,512.0,460.0,408.0,29.410882339705484,1.411764705882353,0.0,True,True,small,GF1_WFV3_E119.6_N35.6_20200424_L2A0004760840,WFV3,2020-04-24
GF1_WFV3_E119.6_N35.6_20200424_L2A0004760840_8192_13824.png,1,2,0,0.7392578125,0.712890625,0.052734375,0.04296875,365.0,354.0,27.0,22.0,392.0,376.0,594.0,34.828149534535996,1.2272727272727273,120.0,False,True,small,GF1_WFV3_E119.6_N35.6_20200424_L2A0004760840,WFV3,2020-04-24
GF1_WFV3_E119.6_N35.6_20200424_L2A0004760840_8192_7680.png,0,1,0,0.7482935153583617,0.057512953367875645,0.04436860068259385,0.04455958549222798,371.7679180887372,18.039378238341968,22.71672354948805,22.814507772020725,394.48464163822524,40.85388601036269,518.2708659746414,32.19551667085744,1.0043045037863692,18.039378238341968,False,True,small,GF1_WFV3_E119.6_N35.6_20200424_L2A0004760840,WFV3,2020-04-24
GF1_WFV3_E119.6_N35.6_20200424_L2A0004760840_8192_9728.png,0,1,0,0.880859375,0.5068359375,0.046875,0.033203125,439.0,251.0,24.0,17.0,463.0,268.0,408.0,29.410882339705484,1.411764705882353,49.0,False,True,small,GF1_WFV3_E119.6_N35.6_20200424_L2A0004760840,WFV3,2020-04-24
GF1_WFV3_E119.6_N35.6_20200424_L2A0004760840_8704_10240.png,0,1,0,0.8935546875,0.607421875,0.033203125,0.03515625,449.0,302.0,17.0,18.0,466.0,320.0,306.0,24.758836806279895,1.0588235294117647,46.0,False,True,small,GF1_WFV3_E119.6_N35.6_20200424_L2A0004760840,WFV3,2020-04-24
GF1_WFV3_E119.6_N35.6_20200424_L2A0004760840_8704_12288.png,0,1,0,0.76953125,0.0654296875,0.07421875,0.056640625,375.0,19.0,38.0,29.0,413.0,48.0,1102.0,47.80167361086848,1.3103448275862069,19.0,False,True,medium,GF1_WFV3_E119.6_N35.6_20200424_L2A0004760840,WFV3,2020-04-24
GF1_WFV3_E119.6_N35.6_20200424_L2A0004760840_8704_12288.png,1,2,0,0.15234375,0.38671875,0.0546875,0.03515625,64.0,189.0,28.0,18.0,92.0,207.0,504.0,33.28663395418648,1.5555555555555556,64.0,False,True,small,GF1_WFV3_E119.6_N35.6_20200424_L2A0004760840,WFV3,2020-04-24
GF1_WFV3_E119.6_N35.6_20200424_L2A0004760840_8704_12800.png,0,1,0,0.0390625,0.087890625,0.046875,0.03515625,8.0,36.0,24.0,18.0,32.0,54.0,432.0,30.0,1.3333333333333333,8.0,False,True,small,GF1_WFV3_E119.6_N35.6_20200424_L2A0004760840,WFV3,2020-04-24
GF1_WFV3_E119.6_N35.6_20200424_L2A0004760840_8704_12800.png,1,2,0,0.17578125,0.048828125,0.0390625,0.02734375,80.0,18.0,20.0,14.0,100.0,32.0,280.0,24.413111231467404,1.4285714285714286,18.0,False,True,small,GF1_WFV3_E119.6_N35.6_20200424_L2A0004760840,WFV3,2020-04-24
GF1_WFV3_E119.6_N35.6_20200424_L2A0004760840_8704_12800.png,2,3,0,0.2001953125,0.265625,0.033203125,0.0234375,94.0,130.0,17.0,12.0,111.0,142.0,204.0,20.808652046684813,1.4166666666666667,94.0,False,True,small,GF1_WFV3_E119.6_N35.6_20200424_L2A0004760840,WFV3,2020-04-24
GF1_WFV3_E119.6_N35.6_20200424_L2A0004760840_8704_13312.png,0,1,0,0.9580078125,0.1650390625,0.044921875,0.033203125,479.0,76.0,23.0,17.0,502.0,93.0,391.0,28.600699292150182,1.3529411764705883,10.0,False,True,small,GF1_WFV3_E119.6_N35.6_20200424_L2A0004760840,WFV3,2020-04-24
GF1_WFV3_E119.6_N35.6_20200424_L2A0004760840_8704_13312.png,1,2,0,0.7275390625,0.421875,0.041015625,0.03515625,362.0,207.0,21.0,18.0,383.0,225.0,378.0,27.65863337187866,1.1666666666666667,129.0,False,True,small,GF1_WFV3_E119.6_N35.6_20200424_L2A0004760840,WFV3,2020-04-24
GF1_WFV3_E119.6_N35.6_20200424_L2A0004760840_8704_7680.png,0,1,0,0.1298828125,0.89453125,0.033203125,0.04296875,58.0,447.0,17.0,22.0,75.0,469.0,374.0,27.80287754891569,1.2941176470588236,43.0,False,True,small,GF1_WFV3_E119.6_N35.6_20200424_L2A0004760840,WFV3,2020-04-24
GF1_WFV3_E119.6_N35.6_20200424_L2A0004760840_8704_8192.png,0,1,0,0.6328125,0.4111328125,0.05078125,0.033203125,311.0,202.0,26.0,17.0,337.0,219.0,442.0,31.064449134018133,1.5294117647058822,175.0,False,True,small,GF1_WFV3_E119.6_N35.6_20200424_L2A0004760840,WFV3,2020-04-24
GF1_WFV3_E119.6_N35.6_20200424_L2A0004760840_8704_8192.png,1,2,0,0.892578125,0.42578125,0.046875,0.03125,445.0,210.0,24.0,16.0,469.0,226.0,384.0,28.844410203711913,1.5,43.0,False,True,small,GF1_WFV3_E119.6_N35.6_20200424_L2A0004760840,WFV3,2020-04-24
GF1_WFV3_E119.6_N35.6_20200424_L2A0004760840_8704_8192.png,2,3,0,0.892578125,0.3193359375,0.0390625,0.029296875,447.0,156.0,20.0,15.0,467.0,171.0,300.0,25.0,1.3333333333333333,45.0,False,True,small,GF1_WFV3_E119.6_N35.6_20200424_L2A0004760840,WFV3,2020-04-24
GF1_WFV3_E119.6_N35.6_20200424_L2A0004760840_8704_8192.png,3,4,0,0.6689453125,0.3251953125,0.044921875,0.037109375,331.0,157.0,23.0,19.0,354.0,176.0,437.0,29.832867780352597,1.2105263157894737,157.0,False,True,small,GF1_WFV3_E119.6_N35.6_20200424_L2A0004760840,WFV3,2020-04-24
GF1_WFV3_E119.6_N35.6_20200424_L2A0004760840_8704_9216.png,0,1,0,0.6982421875,0.966796875,0.060546875,0.046875,342.0,483.0,31.0,24.0,373.0,507.0,744.0,39.20459156782532,1.2916666666666667,5.0,False,True,small,GF1_WFV3_E119.6_N35.6_20200424_L2A0004760840,WFV3,2020-04-24
GF1_WFV3_E119.6_N35.6_20200424_L2A0004760840_8704_9728.png,0,1,0,0.03515625,0.1318359375,0.0546875,0.052734375,4.0,54.0,28.0,27.0,32.0,81.0,756.0,38.897300677553446,1.037037037037037,4.0,False,True,small,GF1_WFV3_E119.6_N35.6_20200424_L2A0004760840,WFV3,2020-04-24
GF1_WFV3_E119.6_N35.6_20200424_L2A0004760840_8704_9728.png,1,2,0,0.373046875,0.0205078125,0.05859375,0.041015625,176.0,0.0,30.0,21.0,206.0,21.0,630.0,36.61966684720111,1.4285714285714286,0.0,True,True,small,GF1_WFV3_E119.6_N35.6_20200424_L2A0004760840,WFV3,2020-04-24
GF1_WFV3_E119.6_N35.6_20200424_L2A0004760840_8704_9728.png,2,3,0,0.404296875,0.33203125,0.07421875,0.0625,188.0,154.0,38.0,32.0,226.0,186.0,1216.0,49.678969393496885,1.1875,154.0,False,True,medium,GF1_WFV3_E119.6_N35.6_20200424_L2A0004760840,WFV3,2020-04-24
GF1_WFV3_E119.6_N35.6_20200424_L2A0004760840_8704_9728.png,3,4,0,0.2197265625,0.638671875,0.041015625,0.03125,102.0,319.0,21.0,16.0,123.0,335.0,336.0,26.40075756488817,1.3125,102.0,False,True,small,GF1_WFV3_E119.6_N35.6_20200424_L2A0004760840,WFV3,2020-04-24
GF1_WFV3_E119.6_N35.6_20200424_L2A0004760840_8704_9728.png,4,5,0,0.939453125,0.7509765625,0.0390625,0.041015625,471.0,374.0,20.0,21.0,491.0,395.0,420.0,29.0,1.05,21.0,False,True,small,GF1_WFV3_E119.6_N35.6_20200424_L2A0004760840,WFV3,2020-04-24
GF1_WFV3_E119.6_N35.6_20200424_L2A0004760840_9216_10240.png,0,1,0,0.3994140625,0.5341796875,0.033203125,0.029296875,196.0,266.0,17.0,15.0,213.0,281.0,255.0,22.67156809750927,1.1333333333333333,196.0,False,True,small,GF1_WFV3_E119.6_N35.6_20200424_L2A0004760840,WFV3,2020-04-24
GF1_WFV3_E119.6_N35.6_20200424_L2A0004760840_9216_10752.png,0,1,0,0.416015625,0.0126953125,0.05859375,0.025390625,198.0,0.0,30.0,13.0,228.0,13.0,390.0,32.69556544854363,2.3076923076923075,0.0,True,True,small,GF1_WFV3_E119.6_N35.6_20200424_L2A0004760840,WFV3,2020-04-24
GF1_WFV3_E119.6_N35.6_20200424_L2A0004760840_9216_10752.png,1,2,0,0.4150390625,0.1640625,0.048828125,0.03125,200.0,76.0,25.0,16.0,225.0,92.0,400.0,29.68164415931166,1.5625,76.0,False,True,small,GF1_WFV3_E119.6_N35.6_20200424_L2A0004760840,WFV3,2020-04-24
GF1_WFV3_E119.6_N35.6_20200424_L2A0004760840_9216_11264.png,0,1,0,0.5055460750853242,0.22797927461139894,0.03156996587030719,0.02072538860103626,250.75767918088735,111.41968911917098,16.163822525597283,10.611398963730565,266.9215017064846,122.03108808290155,171.52076959804776,19.335742721873093,1.5232508532423228,111.41968911917098,False,True,small,GF1_WFV3_E119.6_N35.6_20200424_L2A0004760840,WFV3,2020-04-24
GF1_WFV3_E119.6_N35.6_20200424_L2A0004760840_9216_13824.png,0,1,0,0.3603515625,0.9638671875,0.044921875,0.041015625,173.0,483.0,23.0,21.0,196.0,504.0,483.0,31.144823004794873,1.0952380952380953,8.0,False,True,small,GF1_WFV3_E119.6_N35.6_20200424_L2A0004760840,WFV3,2020-04-24
GF1_WFV3_E119.6_N35.6_20200424_L2A0004760840_9216_8704.png,0,1,0,0.98046875,0.4267578125,0.0390625,0.056640625,492.0,204.0,20.0,29.0,512.0,233.0,580.0,35.22782990761707,1.45,0.0,True,True,small,GF1_WFV3_E119.6_N35.6_20200424_L2A0004760840,WFV3,2020-04-24
GF1_WFV3_E119.6_N35.6_20200424_L2A0004760840_9216_9728.png,0,1,0,0.2353515625,0.474609375,0.033203125,0.046875,112.0,231.0,17.0,24.0,129.0,255.0,408.0,29.410882339705484,1.411764705882353,112.0,False,True,small,GF1_WFV3_E119.6_N35.6_20200424_L2A0004760840,WFV3,2020-04-24
GF1_WFV3_E119.6_N35.6_20200424_L2A0004760840_9216_9728.png,1,2,0,0.1865234375,0.3369140625,0.041015625,0.037109375,85.0,163.0,21.0,19.0,106.0,182.0,399.0,28.319604517012593,1.105263157894737,85.0,False,True,small,GF1_WFV3_E119.6_N35.6_20200424_L2A0004760840,WFV3,2020-04-24
GF1_WFV3_E119.6_N35.6_20200424_L2A0004760840_9216_9728.png,2,3,0,0.8173828125,0.650390625,0.041015625,0.02734375,408.0,326.0,21.0,14.0,429.0,340.0,294.0,25.238858928247925,1.5,83.0,False,True,small,GF1_WFV3_E119.6_N35.6_20200424_L2A0004760840,WFV3,2020-04-24
GF1_WFV3_E119.6_N35.6_20200424_L2A0004760840_9728_10240.png,0,1,0,0.7509765625,0.328125,0.041015625,0.04296875,374.0,157.0,21.0,22.0,395.0,179.0,462.0,30.4138126514911,1.0476190476190477,117.0,False,True,small,GF1_WFV3_E119.6_N35.6_20200424_L2A0004760840,WFV3,2020-04-24
GF1_WFV3_E119.6_N35.6_20200424_L2A0004760840_9728_10752.png,0,1,0,0.4345703125,0.56640625,0.060546875,0.05078125,207.0,277.0,31.0,26.0,238.0,303.0,806.0,40.45985664828782,1.1923076923076923,207.0,False,True,small,GF1_WFV3_E119.6_N35.6_20200424_L2A0004760840,WFV3,2020-04-24
GF1_WFV3_E119.6_N35.6_20200424_L2A0004760840_9728_10752.png,1,2,0,0.783203125,0.79296875,0.0703125,0.05859375,383.0,391.0,36.0,30.0,419.0,421.0,1080.0,46.861498055439924,1.2,91.0,False,True,medium,GF1_WFV3_E119.6_N35.6_20200424_L2A0004760840,WFV3,2020-04-24
GF1_WFV3_E119.6_N35.6_20200424_L2A0004760840_9728_11264.png,0,1,0,0.39453125,0.9189453125,0.0546875,0.048828125,188.0,458.0,28.0,25.0,216.0,483.0,700.0,37.53664875824692,1.12,29.0,False,True,small,GF1_WFV3_E119.6_N35.6_20200424_L2A0004760840,WFV3,2020-04-24
GF1_WFV3_E119.6_N35.6_20200424_L2A0004760840_9728_11776.png,0,1,0,0.0615234375,0.1416015625,0.060546875,0.041015625,16.0,62.0,31.0,21.0,47.0,83.0,651.0,37.44329045369811,1.4761904761904763,16.0,False,True,small,GF1_WFV3_E119.6_N35.6_20200424_L2A0004760840,WFV3,2020-04-24
GF1_WFV3_E119.6_N35.6_20200424_L2A0004760840_9728_11776.png,1,2,0,0.3359375,0.33203125,0.078125,0.05859375,152.0,155.0,40.0,30.0,192.0,185.0,1200.0,50.0,1.3333333333333333,152.0,False,True,medium,GF1_WFV3_E119.6_N35.6_20200424_L2A0004760840,WFV3,2020-04-24
GF1_WFV3_E119.6_N35.6_20200424_L2A0004760840_9728_11776.png,2,3,0,0.048828125,0.9521484375,0.05859375,0.052734375,10.0,474.0,30.0,27.0,40.0,501.0,810.0,40.36087214122113,1.1111111111111112,10.0,False,True,small,GF1_WFV3_E119.6_N35.6_20200424_L2A0004760840,WFV3,2020-04-24
GF1_WFV3_E119.6_N35.6_20200424_L2A0004760840_9728_11776.png,3,4,0,0.3505859375,0.80859375,0.060546875,0.05078125,164.0,401.0,31.0,26.0,195.0,427.0,806.0,40.45985664828782,1.1923076923076923,85.0,False,True,small,GF1_WFV3_E119.6_N35.6_20200424_L2A0004760840,WFV3,2020-04-24
GF1_WFV3_E119.6_N35.6_20200424_L2A0004760840_9728_11776.png,4,5,0,0.5703125,0.7509765625,0.05859375,0.048828125,277.0,372.0,30.0,25.0,307.0,397.0,750.0,39.05124837953327,1.2,115.0,False,True,small,GF1_WFV3_E119.6_N35.6_20200424_L2A0004760840,WFV3,2020-04-24
GF1_WFV3_E119.6_N35.6_20200424_L2A0004760840_9728_11776.png,5,6,0,0.8330078125,0.8212890625,0.060546875,0.044921875,411.0,409.0,31.0,23.0,442.0,432.0,713.0,38.600518131237564,1.3478260869565217,70.0,False,True,small,GF1_WFV3_E119.6_N35.6_20200424_L2A0004760840,WFV3,2020-04-24
GF1_WFV3_E119.6_N35.6_20200424_L2A0004760840_9728_11776.png,6,7,0,0.6201171875,0.9658203125,0.060546875,0.044921875,302.0,483.0,31.0,23.0,333.0,506.0,713.0,38.600518131237564,1.3478260869565217,6.0,False,True,small,GF1_WFV3_E119.6_N35.6_20200424_L2A0004760840,WFV3,2020-04-24
GF1_WFV3_E119.6_N35.6_20200424_L2A0004760840_9728_11776.png,7,8,0,0.3408703071672355,0.6865284974093264,0.024744027303754246,0.021761658031087983,168.19112627986348,345.9316062176166,12.668941979522174,11.141968911917047,180.86006825938566,357.07357512953365,141.15695768271686,16.87144220612527,1.137046968958236,154.92642487046635,False,True,small,GF1_WFV3_E119.6_N35.6_20200424_L2A0004760840,WFV3,2020-04-24
GF1_WFV3_E119.6_N35.6_20200424_L2A0004760840_9728_12288.png,0,1,0,0.39453125,0.0615234375,0.0625,0.044921875,186.0,20.0,32.0,23.0,218.0,43.0,736.0,39.408120990476064,1.391304347826087,20.0,False,True,small,GF1_WFV3_E119.6_N35.6_20200424_L2A0004760840,WFV3,2020-04-24
GF1_WFV3_E119.6_N35.6_20200424_L2A0004760840_9728_12288.png,1,2,0,0.9765625,0.396484375,0.04296875,0.0546875,489.0,189.0,22.0,28.0,511.0,217.0,616.0,35.608987629529715,1.2727272727272727,1.0,False,True,small,GF1_WFV3_E119.6_N35.6_20200424_L2A0004760840,WFV3,2020-04-24
GF1_WFV3_E119.6_N35.6_20200424_L2A0004760840_9728_13312.png,0,1,0,0.2265625,0.6806640625,0.0546875,0.056640625,102.0,334.0,28.0,29.0,130.0,363.0,812.0,40.311288741492746,1.0357142857142858,102.0,False,True,small,GF1_WFV3_E119.6_N35.6_20200424_L2A0004760840,WFV3,2020-04-24
GF1_WFV3_E119.6_N35.6_20200424_L2A0004760840_9728_13312.png,1,2,0,0.65234375,0.5048828125,0.046875,0.029296875,322.0,251.0,24.0,15.0,346.0,266.0,360.0,28.30194339616981,1.6,166.0,False,True,small,GF1_WFV3_E119.6_N35.6_20200424_L2A0004760840,WFV3,2020-04-24
GF1_WFV3_E119.6_N35.6_20200424_L2A0004760840_9728_13312.png,2,3,0,0.712890625,0.4287109375,0.046875,0.044921875,353.0,208.0,24.0,23.0,377.0,231.0,552.0,33.24154027718932,1.0434782608695652,135.0,False,True,small,GF1_WFV3_E119.6_N35.6_20200424_L2A0004760840,WFV3,2020-04-24
GF1_WFV3_E119.6_N35.6_20200424_L2A0004760840_9728_13312.png,3,4,0,0.8115234375,0.3583984375,0.041015625,0.048828125,405.0,171.0,21.0,25.0,426.0,196.0,525.0,32.64965543462902,1.1904761904761905,86.0,False,True,small,GF1_WFV3_E119.6_N35.6_20200424_L2A0004760840,WFV3,2020-04-24
GF1_WFV3_E119.6_N35.6_20200424_L2A0004760840_9728_13824.png,0,1,0,0.494140625,0.03515625,0.0546875,0.06640625,239.0,1.0,28.0,34.0,267.0,35.0,952.0,44.04543109109048,1.2142857142857142,1.0,False,True,small,GF1_WFV3_E119.6_N35.6_20200424_L2A0004760840,WFV3,2020-04-24
GF1_WFV3_E119.6_N35.6_20200424_L2A0004760840_9728_13824.png,1,2,0,0.5458984375,0.4462890625,0.052734375,0.041015625,266.0,218.0,27.0,21.0,293.0,239.0,567.0,34.20526275297414,1.2857142857142858,218.0,False,True,small,GF1_WFV3_E119.6_N35.6_20200424_L2A0004760840,WFV3,2020-04-24
GF1_WFV3_E119.6_N35.6_20200424_L2A0004760840_9728_7680.png,0,1,0,0.3134765625,0.0673828125,0.037109375,0.041015625,151.0,24.0,19.0,21.0,170.0,45.0,399.0,28.319604517012593,1.105263157894737,24.0,False,True,small,GF1_WFV3_E119.6_N35.6_20200424_L2A0004760840,WFV3,2020-04-24
GF1_WFV3_E119.6_N35.6_20200424_L2A0004760840_9728_9216.png,0,1,0,0.609375,0.166015625,0.05859375,0.046875,297.0,73.0,30.0,24.0,327.0,97.0,720.0,38.41874542459709,1.25,73.0,False,True,small,GF1_WFV3_E119.6_N35.6_20200424_L2A0004760840,WFV3,2020-04-24
GF1_WFV3_E119.6_N35.6_20200424_L2A0004760840_9728_9728.png,0,1,0,0.7080078125,0.3095703125,0.033203125,0.037109375,354.0,149.0,17.0,19.0,371.0,168.0,323.0,25.495097567963924,1.1176470588235294,141.0,False,True,small,GF1_WFV3_E119.6_N35.6_20200424_L2A0004760840,WFV3,2020-04-24
GF1_WFV3_E120.2_N22.2_20200710_L2A0004922264_10240_13312.png,0,1,0,0.845703125,0.0390625,0.046875,0.0390625,421.0,10.0,24.0,20.0,445.0,30.0,480.0,31.240998703626616,1.2,10.0,False,True,small,GF1_WFV3_E120.2_N22.2_20200710_L2A0004922264,WFV3,2020-07-10
GF1_WFV3_E120.2_N22.2_20200710_L2A0004922264_10752_10240.png,0,1,0,0.017578125,0.146484375,0.03515625,0.0390625,0.0,65.0,18.0,20.0,18.0,85.0,360.0,26.90724809414742,1.1111111111111112,0.0,True,True,small,GF1_WFV3_E120.2_N22.2_20200710_L2A0004922264,WFV3,2020-07-10
GF1_WFV3_E120.2_N22.2_20200710_L2A0004922264_10752_12288.png,0,1,0,0.638671875,0.0146484375,0.0390625,0.025390625,317.0,1.0,20.0,13.0,337.0,14.0,260.0,23.853720883753127,1.5384615384615385,1.0,False,True,small,GF1_WFV3_E120.2_N22.2_20200710_L2A0004922264,WFV3,2020-07-10
GF1_WFV3_E120.2_N22.2_20200710_L2A0004922264_11264_10240.png,0,1,0,0.0205078125,0.916015625,0.041015625,0.046875,0.0,457.0,21.0,24.0,21.0,481.0,504.0,31.89043743820395,1.1428571428571428,0.0,True,True,small,GF1_WFV3_E120.2_N22.2_20200710_L2A0004922264,WFV3,2020-07-10
GF1_WFV3_E120.2_N22.2_20200710_L2A0004922264_11264_12288.png,0,1,0,0.0166015625,0.541015625,0.033203125,0.046875,0.0,265.0,17.0,24.0,17.0,289.0,408.0,29.410882339705484,1.411764705882353,0.0,True,True,small,GF1_WFV3_E120.2_N22.2_20200710_L2A0004922264,WFV3,2020-07-10
GF1_WFV3_E120.2_N22.2_20200710_L2A0004922264_12288_9216.png,0,1,0,0.5205078125,0.7470703125,0.056640625,0.041015625,252.0,372.0,29.0,21.0,281.0,393.0,609.0,35.805027579936315,1.380952380952381,119.0,False,True,small,GF1_WFV3_E120.2_N22.2_20200710_L2A0004922264,WFV3,2020-07-10
GF1_WFV3_E120.2_N22.2_20200710_L2A0004922264_13824_5632.png,0,1,0,0.5732421875,0.6357421875,0.044921875,0.048828125,282.0,313.0,23.0,25.0,305.0,338.0,575.0,33.97057550292606,1.0869565217391304,174.0,False,True,small,GF1_WFV3_E120.2_N22.2_20200710_L2A0004922264,WFV3,2020-07-10
GF1_WFV3_E120.2_N22.2_20200710_L2A0004922264_13950_5632.png,0,1,0,0.333984375,0.6416015625,0.0546875,0.060546875,157.0,313.0,28.0,31.0,185.0,344.0,868.0,41.773197148410844,1.1071428571428572,157.0,False,True,small,GF1_WFV3_E120.2_N22.2_20200710_L2A0004922264,WFV3,2020-07-10
GF1_WFV3_E120.2_N22.2_20200710_L2A0004922264_2560_5632.png,0,1,0,0.5140784982935154,0.5896373056994819,0.04522184300341303,0.03316062176165813,251.63139931740614,293.40518134715023,23.153583617747472,16.97823834196896,274.7849829351536,310.3834196891192,393.1070611328245,28.711478741798185,1.3637212030716703,201.6165803108808,False,True,small,GF1_WFV3_E120.2_N22.2_20200710_L2A0004922264,WFV3,2020-07-10
GF1_WFV3_E120.2_N22.2_20200710_L2A0004922264_3072_0.png,0,1,0,0.087890625,0.91796875,0.03515625,0.0390625,36.0,460.0,18.0,20.0,54.0,480.0,360.0,26.90724809414742,1.1111111111111112,32.0,False,True,small,GF1_WFV3_E120.2_N22.2_20200710_L2A0004922264,WFV3,2020-07-10
GF1_WFV3_E120.2_N22.2_20200710_L2A0004922264_3072_512.png,0,1,0,0.517578125,0.009765625,0.046875,0.01953125,253.0,0.0,24.0,10.0,277.0,10.0,240.0,26.0,2.4,0.0,True,True,small,GF1_WFV3_E120.2_N22.2_20200710_L2A0004922264,WFV3,2020-07-10
GF1_WFV3_E120.2_N22.2_20200710_L2A0004922264_3072_512.png,1,2,0,0.21484375,0.2275390625,0.046875,0.044921875,98.0,105.0,24.0,23.0,122.0,128.0,552.0,33.24154027718932,1.0434782608695652,98.0,False,True,small,GF1_WFV3_E120.2_N22.2_20200710_L2A0004922264,WFV3,2020-07-10
GF1_WFV3_E120.2_N22.2_20200710_L2A0004922264_3584_10240.png,0,1,0,0.7734375,0.978515625,0.02734375,0.04296875,389.0,490.0,14.0,22.0,403.0,512.0,308.0,26.076809620810597,1.5714285714285714,0.0,True,True,small,GF1_WFV3_E120.2_N22.2_20200710_L2A0004922264,WFV3,2020-07-10
GF1_WFV3_E120.2_N22.2_20200710_L2A0004922264_3584_512.png,0,1,0,0.185546875,0.015625,0.04296875,0.03125,84.0,0.0,22.0,16.0,106.0,16.0,352.0,27.202941017470888,1.375,0.0,True,True,small,GF1_WFV3_E120.2_N22.2_20200710_L2A0004922264,WFV3,2020-07-10
GF1_WFV3_E120.2_N22.2_20200710_L2A0004922264_3584_5120.png,0,1,0,0.556640625,0.6416015625,0.03515625,0.021484375,276.0,323.0,18.0,11.0,294.0,334.0,198.0,21.095023109728988,1.6363636363636365,178.0,False,True,small,GF1_WFV3_E120.2_N22.2_20200710_L2A0004922264,WFV3,2020-07-10
GF1_WFV3_E120.2_N22.2_20200710_L2A0004922264_4096_0.png,0,1,0,0.298828125,0.6904296875,0.03515625,0.052734375,144.0,340.0,18.0,27.0,162.0,367.0,486.0,32.449961479175904,1.5,144.0,False,True,small,GF1_WFV3_E120.2_N22.2_20200710_L2A0004922264,WFV3,2020-07-10
GF1_WFV3_E120.2_N22.2_20200710_L2A0004922264_4096_5120.png,0,1,0,0.171875,0.5859375,0.0390625,0.05078125,78.0,287.0,20.0,26.0,98.0,313.0,520.0,32.802438933713454,1.3,78.0,False,True,small,GF1_WFV3_E120.2_N22.2_20200710_L2A0004922264,WFV3,2020-07-10
GF1_WFV3_E120.2_N22.2_20200710_L2A0004922264_4096_7168.png,0,1,0,0.9189453125,0.3193359375,0.052734375,0.056640625,457.0,149.0,27.0,29.0,484.0,178.0,783.0,39.6232255123179,1.0740740740740742,28.0,False,True,small,GF1_WFV3_E120.2_N22.2_20200710_L2A0004922264,WFV3,2020-07-10
GF1_WFV3_E120.2_N22.2_20200710_L2A0004922264_4608_10752.png,0,1,0,0.8232421875,0.25390625,0.044921875,0.04296875,410.0,119.0,23.0,22.0,433.0,141.0,506.0,31.827660925679098,1.0454545454545454,79.0,False,True,small,GF1_WFV3_E120.2_N22.2_20200710_L2A0004922264,WFV3,2020-07-10
GF1_WFV3_E120.2_N22.2_20200710_L2A0004922264_4608_10752.png,1,2,0,0.015625,0.59375,0.03125,0.0546875,0.0,290.0,16.0,28.0,16.0,318.0,448.0,32.2490309931942,1.75,0.0,True,True,small,GF1_WFV3_E120.2_N22.2_20200710_L2A0004922264,WFV3,2020-07-10
GF1_WFV3_E120.2_N22.2_20200710_L2A0004922264_4608_6656.png,0,1,0,0.0498046875,0.7470703125,0.037109375,0.037109375,16.0,373.0,19.0,19.0,35.0,392.0,361.0,26.870057685088806,1.0,16.0,False,True,small,GF1_WFV3_E120.2_N22.2_20200710_L2A0004922264,WFV3,2020-07-10
GF1_WFV3_E120.2_N22.2_20200710_L2A0004922264_4608_7168.png,0,1,0,0.7880859375,0.466796875,0.037109375,0.0546875,394.0,225.0,19.0,28.0,413.0,253.0,532.0,33.83784863137726,1.4736842105263157,99.0,False,True,small,GF1_WFV3_E120.2_N22.2_20200710_L2A0004922264,WFV3,2020-07-10
GF1_WFV3_E120.2_N22.2_20200710_L2A0004922264_5120_2560.png,0,1,0,0.125,0.806640625,0.0390625,0.05078125,54.0,400.0,20.0,26.0,74.0,426.0,520.0,32.802438933713454,1.3,54.0,False,True,small,GF1_WFV3_E120.2_N22.2_20200710_L2A0004922264,WFV3,2020-07-10
GF1_WFV3_E120.2_N22.2_20200710_L2A0004922264_5120_2560.png,1,2,0,0.978515625,0.384765625,0.02734375,0.03125,494.0,189.0,14.0,16.0,508.0,205.0,224.0,21.2602916254693,1.1428571428571428,4.0,False,True,small,GF1_WFV3_E120.2_N22.2_20200710_L2A0004922264,WFV3,2020-07-10
GF1_WFV3_E120.2_N22.2_20200710_L2A0004922264_5120_3584.png,0,1,0,0.544921875,0.525390625,0.03125,0.0546875,271.0,255.0,16.0,28.0,287.0,283.0,448.0,32.2490309931942,1.75,225.0,False,True,small,GF1_WFV3_E120.2_N22.2_20200710_L2A0004922264,WFV3,2020-07-10
GF1_WFV3_E120.2_N22.2_20200710_L2A0004922264_5120_7168.png,0,1,0,0.2109375,0.9755859375,0.0390625,0.048828125,98.0,487.0,20.0,25.0,118.0,512.0,500.0,32.01562118716424,1.25,0.0,True,True,small,GF1_WFV3_E120.2_N22.2_20200710_L2A0004922264,WFV3,2020-07-10
GF1_WFV3_E120.2_N22.2_20200710_L2A0004922264_6144_3072.png,0,1,0,0.892578125,0.171875,0.0390625,0.03515625,447.0,79.0,20.0,18.0,467.0,97.0,360.0,26.90724809414742,1.1111111111111112,45.0,False,True,small,GF1_WFV3_E120.2_N22.2_20200710_L2A0004922264,WFV3,2020-07-10
GF1_WFV3_E120.2_N22.2_20200710_L2A0004922264_6144_3072.png,1,2,0,0.03515625,0.462890625,0.03125,0.03515625,10.0,228.0,16.0,18.0,26.0,246.0,288.0,24.08318915758459,1.125,10.0,False,True,small,GF1_WFV3_E120.2_N22.2_20200710_L2A0004922264,WFV3,2020-07-10
GF1_WFV3_E120.2_N22.2_20200710_L2A0004922264_6144_3584.png,0,1,0,0.21484375,0.763671875,0.046875,0.05078125,98.0,378.0,24.0,26.0,122.0,404.0,624.0,35.38361202590826,1.0833333333333333,98.0,False,True,small,GF1_WFV3_E120.2_N22.2_20200710_L2A0004922264,WFV3,2020-07-10
GF1_WFV3_E120.2_N22.2_20200710_L2A0004922264_6144_3584.png,1,2,0,0.9072265625,0.8125,0.033203125,0.04296875,456.0,405.0,17.0,22.0,473.0,427.0,374.0,27.80287754891569,1.2941176470588236,39.0,False,True,small,GF1_WFV3_E120.2_N22.2_20200710_L2A0004922264,WFV3,2020-07-10
GF1_WFV3_E120.2_N22.2_20200710_L2A0004922264_6144_3584.png,2,3,0,0.103515625,0.07421875,0.03515625,0.0390625,44.0,28.0,18.0,20.0,62.0,48.0,360.0,26.90724809414742,1.1111111111111112,28.0,False,True,small,GF1_WFV3_E120.2_N22.2_20200710_L2A0004922264,WFV3,2020-07-10
GF1_WFV3_E120.2_N22.2_20200710_L2A0004922264_6144_4096.png,0,1,0,0.1455078125,0.5537109375,0.052734375,0.068359375,61.0,266.0,27.0,35.0,88.0,301.0,945.0,44.204072210600685,1.2962962962962963,61.0,False,True,small,GF1_WFV3_E120.2_N22.2_20200710_L2A0004922264,WFV3,2020-07-10
GF1_WFV3_E120.2_N22.2_20200710_L2A0004922264_6144_4096.png,1,2,0,0.6162109375,0.4580078125,0.033203125,0.048828125,307.0,222.0,17.0,25.0,324.0,247.0,425.0,30.23243291566195,1.4705882352941178,188.0,False,True,small,GF1_WFV3_E120.2_N22.2_20200710_L2A0004922264,WFV3,2020-07-10
GF1_WFV3_E120.2_N22.2_20200710_L2A0004922264_6144_5632.png,0,1,0,0.7060546875,0.537109375,0.052734375,0.02734375,348.0,268.0,27.0,14.0,375.0,282.0,378.0,30.4138126514911,1.9285714285714286,137.0,False,True,small,GF1_WFV3_E120.2_N22.2_20200710_L2A0004922264,WFV3,2020-07-10
GF1_WFV3_E120.2_N22.2_20200710_L2A0004922264_6656_11776.png,0,1,0,0.783203125,0.7783203125,0.03125,0.041015625,393.0,388.0,16.0,21.0,409.0,409.0,336.0,26.40075756488817,1.3125,103.0,False,True,small,GF1_WFV3_E120.2_N22.2_20200710_L2A0004922264,WFV3,2020-07-10
GF1_WFV3_E120.2_N22.2_20200710_L2A0004922264_6656_3072.png,0,1,0,0.6796875,0.9619140625,0.0390625,0.033203125,338.0,484.0,20.0,17.0,358.0,501.0,340.0,26.248809496813376,1.1764705882352942,11.0,False,True,small,GF1_WFV3_E120.2_N22.2_20200710_L2A0004922264,WFV3,2020-07-10
GF1_WFV3_E120.2_N22.2_20200710_L2A0004922264_6656_3584.png,0,1,0,0.72265625,0.380859375,0.04296875,0.0390625,359.0,185.0,22.0,20.0,381.0,205.0,440.0,29.732137494637012,1.1,131.0,False,True,small,GF1_WFV3_E120.2_N22.2_20200710_L2A0004922264,WFV3,2020-07-10
GF1_WFV3_E120.2_N22.2_20200710_L2A0004922264_6656_4096.png,0,1,0,0.3681640625,0.3369140625,0.041015625,0.029296875,178.0,165.0,21.0,15.0,199.0,180.0,315.0,25.80697580112788,1.4,165.0,False,True,small,GF1_WFV3_E120.2_N22.2_20200710_L2A0004922264,WFV3,2020-07-10
GF1_WFV3_E120.2_N22.2_20200710_L2A0004922264_6656_4096.png,1,2,0,0.5654296875,0.5791015625,0.044921875,0.037109375,278.0,287.0,23.0,19.0,301.0,306.0,437.0,29.832867780352597,1.2105263157894737,206.0,False,True,small,GF1_WFV3_E120.2_N22.2_20200710_L2A0004922264,WFV3,2020-07-10
GF1_WFV3_E120.2_N22.2_20200710_L2A0004922264_6656_4096.png,2,3,0,0.9814453125,0.7919921875,0.037109375,0.037109375,493.0,396.0,19.0,19.0,512.0,415.0,361.0,26.870057685088806,1.0,0.0,True,True,small,GF1_WFV3_E120.2_N22.2_20200710_L2A0004922264,WFV3,2020-07-10
GF1_WFV3_E120.2_N22.2_20200710_L2A0004922264_6656_4608.png,0,1,0,0.015625,0.2216796875,0.03125,0.041015625,0.0,103.0,16.0,21.0,16.0,124.0,336.0,26.40075756488817,1.3125,0.0,True,True,small,GF1_WFV3_E120.2_N22.2_20200710_L2A0004922264,WFV3,2020-07-10
GF1_WFV3_E120.2_N22.2_20200710_L2A0004922264_6656_4608.png,1,2,0,0.4267578125,0.8955078125,0.048828125,0.044921875,206.0,447.0,25.0,23.0,231.0,470.0,575.0,33.97057550292606,1.0869565217391304,42.0,False,True,small,GF1_WFV3_E120.2_N22.2_20200710_L2A0004922264,WFV3,2020-07-10
GF1_WFV3_E120.2_N22.2_20200710_L2A0004922264_6656_4608.png,2,3,0,0.775390625,0.009765625,0.03125,0.01953125,389.0,0.0,16.0,10.0,405.0,10.0,160.0,18.867962264113206,1.6,0.0,True,True,small,GF1_WFV3_E120.2_N22.2_20200710_L2A0004922264,WFV3,2020-07-10
GF1_WFV3_E120.2_N22.2_20200710_L2A0004922264_6656_5120.png,0,1,0,0.9755859375,0.884765625,0.048828125,0.0390625,487.0,443.0,25.0,20.0,512.0,463.0,500.0,32.01562118716424,1.25,0.0,True,True,small,GF1_WFV3_E120.2_N22.2_20200710_L2A0004922264,WFV3,2020-07-10
GF1_WFV3_E120.2_N22.2_20200710_L2A0004922264_6656_5120.png,1,2,0,0.8506825938566553,0.4658031088082901,0.023890784982935176,0.021761658031088038,429.4334470989761,232.92020725388602,12.23208191126281,11.141968911917076,441.6655290102389,244.0621761658031,136.28947638331343,16.54591487703141,1.0978384527872616,70.33447098976109,False,True,small,GF1_WFV3_E120.2_N22.2_20200710_L2A0004922264,WFV3,2020-07-10
GF1_WFV3_E120.2_N22.2_20200710_L2A0004922264_6656_5120.png,2,3,0,0.7551194539249146,0.7259067357512954,0.022184300341296925,0.023834196891191706,380.9419795221843,365.56269430051816,11.358361774744026,12.203108808290153,392.3003412969283,377.7658031088083,138.607324621125,16.671180125981934,1.0743722598644878,119.69965870307169,False,True,small,GF1_WFV3_E120.2_N22.2_20200710_L2A0004922264,WFV3,2020-07-10
GF1_WFV3_E120.2_N22.2_20200710_L2A0004922264_6656_5632.png,0,1,0,0.892578125,0.265625,0.046875,0.0390625,445.0,126.0,24.0,20.0,469.0,146.0,480.0,31.240998703626616,1.2,43.0,False,True,small,GF1_WFV3_E120.2_N22.2_20200710_L2A0004922264,WFV3,2020-07-10
GF1_WFV3_E120.2_N22.2_20200710_L2A0004922264_6656_6656.png,0,1,0,0.2314453125,0.66015625,0.044921875,0.046875,107.0,326.0,23.0,24.0,130.0,350.0,552.0,33.24154027718932,1.0434782608695652,107.0,False,True,small,GF1_WFV3_E120.2_N22.2_20200710_L2A0004922264,WFV3,2020-07-10
GF1_WFV3_E120.2_N22.2_20200710_L2A0004922264_7168_11776.png,0,1,0,0.794921875,0.2255859375,0.0546875,0.041015625,393.0,105.0,28.0,21.0,421.0,126.0,588.0,35.0,1.3333333333333333,91.0,False,True,small,GF1_WFV3_E120.2_N22.2_20200710_L2A0004922264,WFV3,2020-07-10
GF1_WFV3_E120.2_N22.2_20200710_L2A0004922264_7168_4096.png,0,1,0,0.072265625,0.5068359375,0.04296875,0.029296875,26.0,252.0,22.0,15.0,48.0,267.0,330.0,26.627053911388696,1.4666666666666666,26.0,False,True,small,GF1_WFV3_E120.2_N22.2_20200710_L2A0004922264,WFV3,2020-07-10
GF1_WFV3_E120.2_N22.2_20200710_L2A0004922264_7168_4096.png,1,2,0,0.2431640625,0.41796875,0.029296875,0.03125,117.0,206.0,15.0,16.0,132.0,222.0,240.0,21.93171219946131,1.0666666666666667,117.0,False,True,small,GF1_WFV3_E120.2_N22.2_20200710_L2A0004922264,WFV3,2020-07-10
GF1_WFV3_E120.2_N22.2_20200710_L2A0004922264_7168_4096.png,2,3,0,0.208984375,0.5849609375,0.0390625,0.029296875,97.0,292.0,20.0,15.0,117.0,307.0,300.0,25.0,1.3333333333333333,97.0,False,True,small,GF1_WFV3_E120.2_N22.2_20200710_L2A0004922264,WFV3,2020-07-10
GF1_WFV3_E120.2_N22.2_20200710_L2A0004922264_7168_4096.png,3,4,0,0.341796875,0.5634765625,0.04296875,0.029296875,164.0,281.0,22.0,15.0,186.0,296.0,330.0,26.627053911388696,1.4666666666666666,164.0,False,True,small,GF1_WFV3_E120.2_N22.2_20200710_L2A0004922264,WFV3,2020-07-10
GF1_WFV3_E120.2_N22.2_20200710_L2A0004922264_7168_4096.png,4,5,0,0.1455078125,0.626953125,0.037109375,0.03515625,65.0,312.0,19.0,18.0,84.0,330.0,342.0,26.1725046566048,1.0555555555555556,65.0,False,True,small,GF1_WFV3_E120.2_N22.2_20200710_L2A0004922264,WFV3,2020-07-10
GF1_WFV3_E120.2_N22.2_20200710_L2A0004922264_7168_4096.png,5,6,0,0.0126953125,0.6962890625,0.025390625,0.033203125,0.0,348.0,13.0,17.0,13.0,365.0,221.0,21.400934559032695,1.3076923076923077,0.0,True,True,small,GF1_WFV3_E120.2_N22.2_20200710_L2A0004922264,WFV3,2020-07-10
GF1_WFV3_E120.2_N22.2_20200710_L2A0004922264_7168_5120.png,0,1,0,0.6727815699658704,0.7020725388601037,0.03156996587030714,0.032124352331606265,336.382252559727,351.2373056994819,16.163822525597254,16.447668393782408,352.5460750853243,367.6849740932643,265.85719287697407,23.06067983019655,1.0175605657470967,144.31502590673568,False,True,small,GF1_WFV3_E120.2_N22.2_20200710_L2A0004922264,WFV3,2020-07-10
GF1_WFV3_E120.2_N22.2_20200710_L2A0004922264_7168_5120.png,1,2,0,0.7226962457337884,0.6227979274611399,0.022184300341296925,0.022797927461139955,364.34129692832767,313.0362694300518,11.358361774744026,11.672538860103657,375.6996587030717,324.70880829015545,132.58091920281558,16.2868212259666,1.0276604224790782,136.3003412969283,False,True,small,GF1_WFV3_E120.2_N22.2_20200710_L2A0004922264,WFV3,2020-07-10
GF1_WFV3_E120.2_N22.2_20200710_L2A0004922264_7168_5120.png,2,3,0,0.011092150170648464,0.8901554404145078,0.020477815699658706,0.020725388601036343,0.43686006825938506,450.4538860103627,10.484641638225257,10.611398963730608,10.921501706484642,461.0652849740933,111.25671541495028,14.917422640974875,1.0120898100172746,0.43686006825938506,True,True,small,GF1_WFV3_E120.2_N22.2_20200710_L2A0004922264,WFV3,2020-07-10
GF1_WFV3_E120.2_N22.2_20200710_L2A0004922264_7168_5120.png,3,4,0,0.17875426621160412,0.2383419689119171,0.031569965870307165,0.022797927461139872,83.44027303754268,116.19481865284976,16.16382252559727,11.672538860103614,99.60409556313995,127.86735751295338,188.67284655785227,19.937836444299432,1.3847735029475658,83.44027303754268,False,True,small,GF1_WFV3_E120.2_N22.2_20200710_L2A0004922264,WFV3,2020-07-10
GF1_WFV3_E120.2_N22.2_20200710_L2A0004922264_7168_5120.png,4,5,0,0.5085324232081911,0.7367875647668394,0.01877133105802048,0.020725388601036343,255.56313993174064,371.92953367875646,9.610921501706486,10.611398963730608,265.17406143344715,382.54093264248706,101.98532246370442,14.316829260678743,1.1040979745642996,129.45906735751294,False,True,small,GF1_WFV3_E120.2_N22.2_20200710_L2A0004922264,WFV3,2020-07-10
GF1_WFV3_E120.2_N22.2_20200710_L2A0004922264_7168_5120.png,5,6,0,0.9863481228668942,0.9160621761658031,0.017064846416382284,0.02694300518134707,500.641638225256,462.12642487046634,8.73720136518773,13.794818652849699,509.3788395904437,475.92124352331604,120.52810836619555,16.328983721005063,1.5788601036269352,2.621160409556296,False,True,small,GF1_WFV3_E120.2_N22.2_20200710_L2A0004922264,WFV3,2020-07-10
GF1_WFV3_E120.2_N22.2_20200710_L2A0004922264_7168_5632.png,0,1,0,0.6552734375,0.185546875,0.048828125,0.0546875,323.0,81.0,25.0,28.0,348.0,109.0,700.0,37.53664875824692,1.12,81.0,False,True,small,GF1_WFV3_E120.2_N22.2_20200710_L2A0004922264,WFV3,2020-07-10
GF1_WFV3_E120.2_N22.2_20200710_L2A0004922264_7168_5632.png,1,2,0,0.8154296875,0.4326171875,0.052734375,0.060546875,404.0,206.0,27.0,31.0,431.0,237.0,837.0,41.10960958218893,1.1481481481481481,81.0,False,True,small,GF1_WFV3_E120.2_N22.2_20200710_L2A0004922264,WFV3,2020-07-10
GF1_WFV3_E120.2_N22.2_20200710_L2A0004922264_7168_5632.png,2,3,0,0.541015625,0.37890625,0.03125,0.0546875,269.0,180.0,16.0,28.0,285.0,208.0,448.0,32.2490309931942,1.75,180.0,False,True,small,GF1_WFV3_E120.2_N22.2_20200710_L2A0004922264,WFV3,2020-07-10
GF1_WFV3_E120.2_N22.2_20200710_L2A0004922264_7168_5632.png,3,4,0,0.7244027303754266,0.783937823834197,0.04778156996587024,0.050777202072538885,358.66211604095565,388.3772020725389,24.464163822525563,25.99792746113991,383.1262798634812,414.37512953367883,636.0175564554628,35.69856501051633,1.0626943005181366,97.62487046632117,False,True,small,GF1_WFV3_E120.2_N22.2_20200710_L2A0004922264,WFV3,2020-07-10
GF1_WFV3_E120.2_N22.2_20200710_L2A0004922264_7168_5632.png,4,5,0,0.7956484641638225,0.26424870466321243,0.021331058020477744,0.031088082901554404,401.9112627986348,127.33678756476684,10.921501706484605,15.917098445595855,412.8327645051194,143.2538860103627,173.83861783585857,19.303710069609316,1.4574093264248753,99.16723549488057,False,True,small,GF1_WFV3_E120.2_N22.2_20200710_L2A0004922264,WFV3,2020-07-10
GF1_WFV3_E120.2_N22.2_20200710_L2A0004922264_7168_6144.png,0,1,0,0.35546875,0.4833984375,0.0234375,0.033203125,176.0,239.0,12.0,17.0,188.0,256.0,204.0,20.808652046684813,1.4166666666666667,176.0,False,True,small,GF1_WFV3_E120.2_N22.2_20200710_L2A0004922264,WFV3,2020-07-10
GF1_WFV3_E120.2_N22.2_20200710_L2A0004922264_7168_6144.png,1,2,0,0.458984375,0.693359375,0.02734375,0.03125,228.0,347.0,14.0,16.0,242.0,363.0,224.0,21.2602916254693,1.1428571428571428,149.0,False,True,small,GF1_WFV3_E120.2_N22.2_20200710_L2A0004922264,WFV3,2020-07-10
GF1_WFV3_E120.2_N22.2_20200710_L2A0004922264_7168_6656.png,0,1,0,0.490234375,0.7099609375,0.03515625,0.048828125,242.0,351.0,18.0,25.0,260.0,376.0,450.0,30.805843601498726,1.3888888888888888,136.0,False,True,small,GF1_WFV3_E120.2_N22.2_20200710_L2A0004922264,WFV3,2020-07-10
GF1_WFV3_E120.2_N22.2_20200710_L2A0004922264_8192_14336.png,0,1,0,0.521484375,0.1220703125,0.0546875,0.044921875,253.0,51.0,28.0,23.0,281.0,74.0,644.0,36.235341863986875,1.2173913043478262,51.0,False,True,small,GF1_WFV3_E120.2_N22.2_20200710_L2A0004922264,WFV3,2020-07-10
GF1_WFV3_E120.2_N22.2_20200710_L2A0004922264_8192_6144.png,0,1,0,0.5751953125,0.5546875,0.037109375,0.03515625,285.0,275.0,19.0,18.0,304.0,293.0,342.0,26.1725046566048,1.0555555555555556,208.0,False,True,small,GF1_WFV3_E120.2_N22.2_20200710_L2A0004922264,WFV3,2020-07-10
GF1_WFV3_E120.2_N22.2_20200710_L2A0004922264_8192_6656.png,0,1,0,0.205078125,0.3310546875,0.04296875,0.041015625,94.0,159.0,22.0,21.0,116.0,180.0,462.0,30.4138126514911,1.0476190476190477,94.0,False,True,small,GF1_WFV3_E120.2_N22.2_20200710_L2A0004922264,WFV3,2020-07-10
GF1_WFV3_E120.2_N22.2_20200710_L2A0004922264_8704_11776.png,0,1,0,0.021484375,0.9619140625,0.04296875,0.044921875,0.0,481.0,22.0,23.0,22.0,504.0,506.0,31.827660925679098,1.0454545454545454,0.0,True,True,small,GF1_WFV3_E120.2_N22.2_20200710_L2A0004922264,WFV3,2020-07-10
GF1_WFV3_E120.2_N22.2_20200710_L2A0004922264_8704_6144.png,0,1,0,0.5068259385665529,0.9145077720207254,0.022184300341296925,0.01968911917098448,253.81569965870307,463.1875647668394,11.358361774744026,10.080829015544055,265.1740614334471,473.26839378238344,114.50170294788603,15.18668811316678,1.1267289383869212,38.73160621761656,False,True,small,GF1_WFV3_E120.2_N22.2_20200710_L2A0004922264,WFV3,2020-07-10
GF1_WFV3_E120.2_N22.2_20200710_L2A0004922264_8704_7168.png,0,1,0,0.78515625,0.85546875,0.0390625,0.02734375,392.0,431.0,20.0,14.0,412.0,445.0,280.0,24.413111231467404,1.4285714285714286,67.0,False,True,small,GF1_WFV3_E120.2_N22.2_20200710_L2A0004922264,WFV3,2020-07-10
GF1_WFV3_E120.2_N22.2_20200710_L2A0004922264_8704_7168.png,1,2,0,0.9892578125,0.6962890625,0.021484375,0.037109375,501.0,347.0,11.0,19.0,512.0,366.0,209.0,21.95449840010015,1.7272727272727273,0.0,True,True,small,GF1_WFV3_E120.2_N22.2_20200710_L2A0004922264,WFV3,2020-07-10
GF1_WFV3_E120.2_N22.2_20200710_L2A0004922264_9216_7680.png,0,1,0,0.689419795221843,0.17357512953367876,0.025597269624573316,0.027979274611398958,346.4300341296929,81.7077720207254,13.105802047781538,14.325388601036266,359.53583617747444,96.03316062176167,187.7457072627274,19.41594205508284,1.0930569948186553,81.7077720207254,False,True,small,GF1_WFV3_E120.2_N22.2_20200710_L2A0004922264,WFV3,2020-07-10
GF1_WFV3_E120.2_N22.2_20200710_L2A0004922264_9728_13824.png,0,1,0,0.65234375,0.6259765625,0.05078125,0.048828125,321.0,308.0,26.0,25.0,347.0,333.0,650.0,36.069377593742864,1.04,165.0,False,True,small,GF1_WFV3_E120.2_N22.2_20200710_L2A0004922264,WFV3,2020-07-10
GF1_WFV3_E120.2_N22.2_20200710_L2A0004922264_9728_7680.png,0,1,0,0.162109375,0.4091796875,0.0234375,0.033203125,77.0,201.0,12.0,17.0,89.0,218.0,204.0,20.808652046684813,1.4166666666666667,77.0,False,True,small,GF1_WFV3_E120.2_N22.2_20200710_L2A0004922264,WFV3,2020-07-10
GF1_WFV3_E120.2_N22.2_20200710_L2A0004922264_9728_8192.png,0,1,0,0.8505859375,0.68359375,0.025390625,0.0390625,429.0,340.0,13.0,20.0,442.0,360.0,260.0,23.853720883753127,1.5384615384615385,70.0,False,True,small,GF1_WFV3_E120.2_N22.2_20200710_L2A0004922264,WFV3,2020-07-10
GF1_WFV3_E121.9_N35.6_20190805_L2A0004161897_10240_3072.png,0,1,0,0.9266211604095563,0.8906735751295337,0.017064846416382284,0.03419689119170988,470.061433447099,447.27046632124353,8.73720136518773,17.508808290155457,478.7986348122867,464.779274611399,152.9779836955565,19.567755503308366,2.003937823834195,33.20136518771329,False,True,small,GF1_WFV3_E121.9_N35.6_20190805_L2A0004161897,WFV3,2019-08-05
GF1_WFV3_E121.9_N35.6_20190805_L2A0004161897_10752_7680.png,0,1,0,0.17918088737201365,0.10155440414507771,0.01706484641638223,0.02694300518134715,87.37201365187714,45.09844559585492,8.737201365187701,13.794818652849742,96.10921501706484,58.89326424870466,120.52810836619553,16.328983721005084,1.5788601036269452,45.09844559585492,False,True,small,GF1_WFV3_E121.9_N35.6_20190805_L2A0004161897,WFV3,2019-08-05
GF1_WFV3_E121.9_N35.6_20190805_L2A0004161897_10752_7680.png,1,2,0,0.20648464163822525,0.305181347150259,0.01877133105802048,0.03212435233160621,100.91467576791808,148.02901554404144,9.610921501706486,16.44766839378238,110.52559726962457,164.47668393782382,158.07724981874125,19.04981909897813,1.7113518605746578,100.91467576791808,False,True,small,GF1_WFV3_E121.9_N35.6_20190805_L2A0004161897,WFV3,2019-08-05
GF1_WFV3_E121.9_N35.6_20190805_L2A0004161897_11264_10752.png,0,1,0,0.3994140625,0.1474609375,0.033203125,0.044921875,196.0,64.0,17.0,23.0,213.0,87.0,391.0,28.600699292150182,1.3529411764705883,64.0,False,True,small,GF1_WFV3_E121.9_N35.6_20190805_L2A0004161897,WFV3,2019-08-05
GF1_WFV3_E121.9_N35.6_20190805_L2A0004161897_11264_10752.png,1,2,0,0.40625,0.0791015625,0.0390625,0.037109375,198.0,31.0,20.0,19.0,218.0,50.0,380.0,27.586228448267445,1.0526315789473684,31.0,False,True,small,GF1_WFV3_E121.9_N35.6_20190805_L2A0004161897,WFV3,2019-08-05
GF1_WFV3_E121.9_N35.6_20190805_L2A0004161897_11264_13312.png,0,1,0,0.890625,0.2265625,0.03515625,0.06640625,447.0,99.0,18.0,34.0,465.0,133.0,612.0,38.47076812334269,1.8888888888888888,47.0,False,True,small,GF1_WFV3_E121.9_N35.6_20190805_L2A0004161897,WFV3,2019-08-05
GF1_WFV3_E121.9_N35.6_20190805_L2A0004161897_11264_13312.png,1,2,0,0.8505859375,0.8466796875,0.029296875,0.044921875,428.0,422.0,15.0,23.0,443.0,445.0,345.0,27.459060435491963,1.5333333333333334,67.0,False,True,small,GF1_WFV3_E121.9_N35.6_20190805_L2A0004161897,WFV3,2019-08-05
GF1_WFV3_E121.9_N35.6_20190805_L2A0004161897_11264_13824.png,0,1,0,0.642578125,0.8828125,0.0390625,0.05859375,319.0,437.0,20.0,30.0,339.0,467.0,600.0,36.05551275463989,1.5,45.0,False,True,small,GF1_WFV3_E121.9_N35.6_20190805_L2A0004161897,WFV3,2019-08-05
GF1_WFV3_E121.9_N35.6_20190805_L2A0004161897_11264_13824.png,1,2,0,0.4892578125,0.5234375,0.025390625,0.05859375,244.0,253.0,13.0,30.0,257.0,283.0,390.0,32.69556544854363,2.3076923076923075,229.0,False,True,small,GF1_WFV3_E121.9_N35.6_20190805_L2A0004161897,WFV3,2019-08-05
GF1_WFV3_E121.9_N35.6_20190805_L2A0004161897_11264_14336.png,0,1,0,0.818359375,0.7666015625,0.0390625,0.052734375,409.0,379.0,20.0,27.0,429.0,406.0,540.0,33.60059523282288,1.35,83.0,False,True,small,GF1_WFV3_E121.9_N35.6_20190805_L2A0004161897,WFV3,2019-08-05
GF1_WFV3_E121.9_N35.6_20190805_L2A0004161897_11264_14336.png,1,2,0,0.9853515625,0.61328125,0.029296875,0.05859375,497.0,299.0,15.0,30.0,512.0,329.0,450.0,33.54101966249684,2.0,0.0,True,True,small,GF1_WFV3_E121.9_N35.6_20190805_L2A0004161897,WFV3,2019-08-05
GF1_WFV3_E121.9_N35.6_20190805_L2A0004161897_11264_14336.png,2,3,0,0.7930887372013652,0.5367875647668394,0.017918088737201465,0.02901554404145079,401.4744027303754,267.4072538860104,9.17406143344715,14.855958549222805,410.64846416382255,282.2632124352332,136.28947638331442,17.460323811455748,1.6193436960276255,101.35153583617745,False,True,small,GF1_WFV3_E121.9_N35.6_20190805_L2A0004161897,WFV3,2019-08-05
GF1_WFV3_E121.9_N35.6_20190805_L2A0004161897_11264_14636.png,0,1,0,0.6396484375,0.859375,0.044921875,0.0625,316.0,424.0,23.0,32.0,339.0,456.0,736.0,39.408120990476064,1.391304347826087,56.0,False,True,small,GF1_WFV3_E121.9_N35.6_20190805_L2A0004161897,WFV3,2019-08-05
GF1_WFV3_E121.9_N35.6_20190805_L2A0004161897_11264_14636.png,1,2,0,0.9150390625,0.8486328125,0.048828125,0.056640625,456.0,420.0,25.0,29.0,481.0,449.0,725.0,38.28837943815329,1.16,31.0,False,True,small,GF1_WFV3_E121.9_N35.6_20190805_L2A0004161897,WFV3,2019-08-05
GF1_WFV3_E121.9_N35.6_20190805_L2A0004161897_11264_14636.png,2,3,0,0.8935546875,0.546875,0.052734375,0.0546875,444.0,266.0,27.0,28.0,471.0,294.0,756.0,38.897300677553446,1.037037037037037,41.0,False,True,small,GF1_WFV3_E121.9_N35.6_20190805_L2A0004161897,WFV3,2019-08-05
GF1_WFV3_E121.9_N35.6_20190805_L2A0004161897_11264_14636.png,3,4,0,0.9765625,0.443359375,0.046875,0.046875,488.0,215.0,24.0,24.0,512.0,239.0,576.0,33.94112549695428,1.0,0.0,True,True,small,GF1_WFV3_E121.9_N35.6_20190805_L2A0004161897,WFV3,2019-08-05
GF1_WFV3_E121.9_N35.6_20190805_L2A0004161897_11264_14636.png,4,5,0,0.81640625,0.1767578125,0.0390625,0.044921875,408.0,79.0,20.0,23.0,428.0,102.0,460.0,30.479501308256342,1.15,79.0,False,True,small,GF1_WFV3_E121.9_N35.6_20190805_L2A0004161897,WFV3,2019-08-05
GF1_WFV3_E121.9_N35.6_20190805_L2A0004161897_11264_14636.png,5,6,0,0.98046875,0.0244140625,0.0390625,0.044921875,492.0,1.0,20.0,23.0,512.0,24.0,460.0,30.479501308256342,1.15,0.0,True,True,small,GF1_WFV3_E121.9_N35.6_20190805_L2A0004161897,WFV3,2019-08-05
GF1_WFV3_E121.9_N35.6_20190805_L2A0004161897_11264_14848.png,0,1,0,0.6328125,0.44140625,0.05078125,0.0546875,311.0,212.0,26.0,28.0,337.0,240.0,728.0,38.2099463490856,1.0769230769230769,175.0,False,True,small,GF1_WFV3_E121.9_N35.6_20190805_L2A0004161897,WFV3,2019-08-05
GF1_WFV3_E121.9_N35.6_20190805_L2A0004161897_11264_14848.png,1,2,0,0.9150390625,0.4306640625,0.044921875,0.064453125,457.0,204.0,23.0,33.0,480.0,237.0,759.0,40.22437072223753,1.434782608695652,32.0,False,True,small,GF1_WFV3_E121.9_N35.6_20190805_L2A0004161897,WFV3,2019-08-05
GF1_WFV3_E121.9_N35.6_20190805_L2A0004161897_11264_14848.png,2,3,0,0.88671875,0.1298828125,0.0390625,0.044921875,444.0,55.0,20.0,23.0,464.0,78.0,460.0,30.479501308256342,1.15,48.0,False,True,small,GF1_WFV3_E121.9_N35.6_20190805_L2A0004161897,WFV3,2019-08-05
GF1_WFV3_E121.9_N35.6_20190805_L2A0004161897_11264_14848.png,3,4,0,0.9765625,0.02734375,0.03515625,0.05078125,491.0,1.0,18.0,26.0,509.0,27.0,468.0,31.622776601683793,1.4444444444444444,1.0,False,True,small,GF1_WFV3_E121.9_N35.6_20190805_L2A0004161897,WFV3,2019-08-05
GF1_WFV3_E121.9_N35.6_20190805_L2A0004161897_11264_3072.png,0,1,0,0.58203125,0.966796875,0.03515625,0.046875,289.0,483.0,18.0,24.0,307.0,507.0,432.0,30.0,1.3333333333333333,5.0,False,True,small,GF1_WFV3_E121.9_N35.6_20190805_L2A0004161897,WFV3,2019-08-05
GF1_WFV3_E121.9_N35.6_20190805_L2A0004161897_11264_4096.png,0,1,0,0.8161262798634812,0.15544041450777202,0.016211604095563215,0.020725388601036288,413.7064846416382,74.27979274611398,8.300341296928366,10.61139896373058,422.0068259385666,84.89119170984456,88.0782330368358,13.472099079688988,1.278429233706022,74.27979274611398,False,True,small,GF1_WFV3_E121.9_N35.6_20190805_L2A0004161897,WFV3,2019-08-05
GF1_WFV3_E121.9_N35.6_20190805_L2A0004161897_11264_4096.png,1,2,0,0.8186860068259385,0.11761658031088082,0.021331058020477855,0.02797927461139897,413.7064846416382,53.05699481865284,10.921501706484662,14.325388601036273,424.6279863481229,67.38238341968912,156.45475605227358,18.01377134570791,1.3116683937823814,53.05699481865284,False,True,small,GF1_WFV3_E121.9_N35.6_20190805_L2A0004161897,WFV3,2019-08-05
GF1_WFV3_E121.9_N35.6_20190805_L2A0004161897_11264_4608.png,0,1,0,0.35494880546075086,0.18549222797927462,0.029010238907849817,0.035233160621761656,174.3071672354949,85.95233160621763,14.853242320819106,18.039378238341968,189.160409556314,103.9917098445596,267.9432562910041,23.367455459825692,1.2145077720207258,85.95233160621763,False,True,small,GF1_WFV3_E121.9_N35.6_20190805_L2A0004161897,WFV3,2019-08-05
GF1_WFV3_E121.9_N35.6_20190805_L2A0004161897_11776_10240.png,0,1,0,0.9697265625,0.5849609375,0.037109375,0.048828125,487.0,287.0,19.0,25.0,506.0,312.0,475.0,31.400636936215164,1.3157894736842106,6.0,False,True,small,GF1_WFV3_E121.9_N35.6_20190805_L2A0004161897,WFV3,2019-08-05
GF1_WFV3_E121.9_N35.6_20190805_L2A0004161897_11776_10752.png,0,1,0,0.11328125,0.5341796875,0.046875,0.060546875,46.0,258.0,24.0,31.0,70.0,289.0,744.0,39.20459156782532,1.2916666666666667,46.0,False,True,small,GF1_WFV3_E121.9_N35.6_20190805_L2A0004161897,WFV3,2019-08-05
GF1_WFV3_E121.9_N35.6_20190805_L2A0004161897_11776_10752.png,1,2,0,0.8994140625,0.1689453125,0.037109375,0.056640625,451.0,72.0,19.0,29.0,470.0,101.0,551.0,34.66987164671943,1.5263157894736843,42.0,False,True,small,GF1_WFV3_E121.9_N35.6_20190805_L2A0004161897,WFV3,2019-08-05
GF1_WFV3_E121.9_N35.6_20190805_L2A0004161897_11776_13312.png,0,1,0,0.021484375,0.9814453125,0.04296875,0.037109375,0.0,493.0,22.0,19.0,22.0,512.0,418.0,29.068883707497267,1.1578947368421053,0.0,True,True,small,GF1_WFV3_E121.9_N35.6_20190805_L2A0004161897,WFV3,2019-08-05
GF1_WFV3_E121.9_N35.6_20190805_L2A0004161897_11776_13824.png,0,1,0,0.05078125,0.9462890625,0.0390625,0.060546875,16.0,469.0,20.0,31.0,36.0,500.0,620.0,36.89173349139343,1.55,12.0,False,True,small,GF1_WFV3_E121.9_N35.6_20190805_L2A0004161897,WFV3,2019-08-05
GF1_WFV3_E121.9_N35.6_20190805_L2A0004161897_11776_13824.png,1,2,0,0.396484375,0.0390625,0.04296875,0.05078125,192.0,7.0,22.0,26.0,214.0,33.0,572.0,34.058772731852805,1.1818181818181819,7.0,False,True,small,GF1_WFV3_E121.9_N35.6_20190805_L2A0004161897,WFV3,2019-08-05
GF1_WFV3_E121.9_N35.6_20190805_L2A0004161897_11776_13824.png,2,3,0,0.60546875,0.4609375,0.03515625,0.05859375,301.0,221.0,18.0,30.0,319.0,251.0,540.0,34.9857113690718,1.6666666666666667,193.0,False,True,small,GF1_WFV3_E121.9_N35.6_20190805_L2A0004161897,WFV3,2019-08-05
GF1_WFV3_E121.9_N35.6_20190805_L2A0004161897_11776_4096.png,0,1,0,0.58984375,0.767578125,0.03515625,0.0390625,293.0,383.0,18.0,20.0,311.0,403.0,360.0,26.90724809414742,1.1111111111111112,109.0,False,True,small,GF1_WFV3_E121.9_N35.6_20190805_L2A0004161897,WFV3,2019-08-05
GF1_WFV3_E121.9_N35.6_20190805_L2A0004161897_11776_4096.png,1,2,0,0.2890625,0.86328125,0.03125,0.046875,140.0,430.0,16.0,24.0,156.0,454.0,384.0,28.844410203711913,1.5,58.0,False,True,small,GF1_WFV3_E121.9_N35.6_20190805_L2A0004161897,WFV3,2019-08-05
GF1_WFV3_E121.9_N35.6_20190805_L2A0004161897_11776_4608.png,0,1,0,0.7705078125,0.380859375,0.044921875,0.0546875,383.0,181.0,23.0,28.0,406.0,209.0,644.0,36.235341863986875,1.2173913043478262,106.0,False,True,small,GF1_WFV3_E121.9_N35.6_20190805_L2A0004161897,WFV3,2019-08-05
GF1_WFV3_E121.9_N35.6_20190805_L2A0004161897_11776_5120.png,0,1,0,0.3515625,0.3974609375,0.0390625,0.044921875,170.0,192.0,20.0,23.0,190.0,215.0,460.0,30.479501308256342,1.15,170.0,False,True,small,GF1_WFV3_E121.9_N35.6_20190805_L2A0004161897,WFV3,2019-08-05
GF1_WFV3_E121.9_N35.6_20190805_L2A0004161897_11776_5120.png,1,2,0,0.482421875,0.458984375,0.046875,0.0625,235.0,219.0,24.0,32.0,259.0,251.0,768.0,40.0,1.3333333333333333,219.0,False,True,small,GF1_WFV3_E121.9_N35.6_20190805_L2A0004161897,WFV3,2019-08-05
GF1_WFV3_E121.9_N35.6_20190805_L2A0004161897_11776_5632.png,0,1,0,0.5546875,0.7646484375,0.0390625,0.068359375,274.0,374.0,20.0,35.0,294.0,409.0,700.0,40.311288741492746,1.75,103.0,False,True,small,GF1_WFV3_E121.9_N35.6_20190805_L2A0004161897,WFV3,2019-08-05
GF1_WFV3_E121.9_N35.6_20190805_L2A0004161897_11776_6144.png,0,1,0,0.4599609375,0.1552734375,0.044921875,0.083984375,224.0,58.0,23.0,43.0,247.0,101.0,989.0,48.76474136094644,1.8695652173913044,58.0,False,True,small,GF1_WFV3_E121.9_N35.6_20190805_L2A0004161897,WFV3,2019-08-05
GF1_WFV3_E121.9_N35.6_20190805_L2A0004161897_11776_6144.png,1,2,0,0.595703125,0.15625,0.0390625,0.0703125,295.0,62.0,20.0,36.0,315.0,98.0,720.0,41.182520563948,1.8,62.0,False,True,small,GF1_WFV3_E121.9_N35.6_20190805_L2A0004161897,WFV3,2019-08-05
GF1_WFV3_E121.9_N35.6_20190805_L2A0004161897_11776_6144.png,2,3,0,0.6748046875,0.6865234375,0.044921875,0.072265625,334.0,333.0,23.0,37.0,357.0,370.0,851.0,43.56604182158393,1.608695652173913,142.0,False,True,small,GF1_WFV3_E121.9_N35.6_20190805_L2A0004161897,WFV3,2019-08-05
GF1_WFV3_E121.9_N35.6_20190805_L2A0004161897_11776_6144.png,3,4,0,0.7802734375,0.7255859375,0.052734375,0.080078125,386.0,351.0,27.0,41.0,413.0,392.0,1107.0,49.09175083453431,1.5185185185185186,99.0,False,True,medium,GF1_WFV3_E121.9_N35.6_20190805_L2A0004161897,WFV3,2019-08-05
GF1_WFV3_E121.9_N35.6_20190805_L2A0004161897_11776_6656.png,0,1,0,0.3583984375,0.4384765625,0.048828125,0.064453125,171.0,208.0,25.0,33.0,196.0,241.0,825.0,41.400483088968905,1.32,171.0,False,True,small,GF1_WFV3_E121.9_N35.6_20190805_L2A0004161897,WFV3,2019-08-05
GF1_WFV3_E121.9_N35.6_20190805_L2A0004161897_11776_6656.png,1,2,0,0.404296875,0.90625,0.05078125,0.0703125,194.0,446.0,26.0,36.0,220.0,482.0,936.0,44.40720662234904,1.3846153846153846,30.0,False,True,small,GF1_WFV3_E121.9_N35.6_20190805_L2A0004161897,WFV3,2019-08-05
GF1_WFV3_E121.9_N35.6_20190805_L2A0004161897_11776_7168.png,0,1,0,0.3212890625,0.8701171875,0.052734375,0.068359375,151.0,428.0,27.0,35.0,178.0,463.0,945.0,44.204072210600685,1.2962962962962963,49.0,False,True,small,GF1_WFV3_E121.9_N35.6_20190805_L2A0004161897,WFV3,2019-08-05
GF1_WFV3_E121.9_N35.6_20190805_L2A0004161897_11776_7168.png,1,2,0,0.482421875,0.30859375,0.04296875,0.046875,236.0,146.0,22.0,24.0,258.0,170.0,528.0,32.55764119219941,1.0909090909090908,146.0,False,True,small,GF1_WFV3_E121.9_N35.6_20190805_L2A0004161897,WFV3,2019-08-05
GF1_WFV3_E121.9_N35.6_20190805_L2A0004161897_11776_7168.png,2,3,0,0.58203125,0.41015625,0.04296875,0.0546875,287.0,196.0,22.0,28.0,309.0,224.0,616.0,35.608987629529715,1.2727272727272727,196.0,False,True,small,GF1_WFV3_E121.9_N35.6_20190805_L2A0004161897,WFV3,2019-08-05
GF1_WFV3_E121.9_N35.6_20190805_L2A0004161897_11776_7168.png,3,4,0,0.69921875,0.119140625,0.046875,0.05859375,346.0,46.0,24.0,30.0,370.0,76.0,720.0,38.41874542459709,1.25,46.0,False,True,small,GF1_WFV3_E121.9_N35.6_20190805_L2A0004161897,WFV3,2019-08-05
GF1_WFV3_E121.9_N35.6_20190805_L2A0004161897_11776_8192.png,0,1,0,0.5947265625,0.6513671875,0.037109375,0.072265625,295.0,315.0,19.0,37.0,314.0,352.0,703.0,41.593268686170845,1.9473684210526316,160.0,False,True,small,GF1_WFV3_E121.9_N35.6_20190805_L2A0004161897,WFV3,2019-08-05
GF1_WFV3_E121.9_N35.6_20190805_L2A0004161897_11776_8192.png,1,2,0,0.3623046875,0.79296875,0.041015625,0.0625,175.0,390.0,21.0,32.0,196.0,422.0,672.0,38.27531841800928,1.5238095238095237,90.0,False,True,small,GF1_WFV3_E121.9_N35.6_20190805_L2A0004161897,WFV3,2019-08-05
GF1_WFV3_E121.9_N35.6_20190805_L2A0004161897_11776_8192.png,2,3,0,0.1513671875,0.7919921875,0.037109375,0.052734375,68.0,392.0,19.0,27.0,87.0,419.0,513.0,33.015148038438355,1.4210526315789473,68.0,False,True,small,GF1_WFV3_E121.9_N35.6_20190805_L2A0004161897,WFV3,2019-08-05
GF1_WFV3_E121.9_N35.6_20190805_L2A0004161897_11776_8192.png,3,4,0,0.201171875,0.900390625,0.05078125,0.06640625,90.0,444.0,26.0,34.0,116.0,478.0,884.0,42.80186911806539,1.3076923076923077,34.0,False,True,small,GF1_WFV3_E121.9_N35.6_20190805_L2A0004161897,WFV3,2019-08-05
GF1_WFV3_E121.9_N35.6_20190805_L2A0004161897_11776_8704.png,0,1,0,0.0703125,0.0537109375,0.0390625,0.052734375,26.0,14.0,20.0,27.0,46.0,41.0,540.0,33.60059523282288,1.35,14.0,False,True,small,GF1_WFV3_E121.9_N35.6_20190805_L2A0004161897,WFV3,2019-08-05
GF1_WFV3_E121.9_N35.6_20190805_L2A0004161897_11776_8704.png,1,2,0,0.28125,0.251953125,0.0546875,0.06640625,130.0,112.0,28.0,34.0,158.0,146.0,952.0,44.04543109109048,1.2142857142857142,112.0,False,True,small,GF1_WFV3_E121.9_N35.6_20190805_L2A0004161897,WFV3,2019-08-05
GF1_WFV3_E121.9_N35.6_20190805_L2A0004161897_11776_8704.png,2,3,0,0.3818359375,0.771484375,0.044921875,0.05078125,184.0,382.0,23.0,26.0,207.0,408.0,598.0,34.713109915419565,1.1304347826086956,104.0,False,True,small,GF1_WFV3_E121.9_N35.6_20190805_L2A0004161897,WFV3,2019-08-05
GF1_WFV3_E121.9_N35.6_20190805_L2A0004161897_11776_8704.png,3,4,0,0.4541015625,0.9755859375,0.052734375,0.044921875,219.0,488.0,27.0,23.0,246.0,511.0,621.0,35.4682957019364,1.173913043478261,1.0,False,True,small,GF1_WFV3_E121.9_N35.6_20190805_L2A0004161897,WFV3,2019-08-05
GF1_WFV3_E121.9_N35.6_20190805_L2A0004161897_11776_9216.png,0,1,0,0.18359375,0.390625,0.0390625,0.05859375,84.0,185.0,20.0,30.0,104.0,215.0,600.0,36.05551275463989,1.5,84.0,False,True,small,GF1_WFV3_E121.9_N35.6_20190805_L2A0004161897,WFV3,2019-08-05
GF1_WFV3_E121.9_N35.6_20190805_L2A0004161897_11776_9728.png,0,1,0,0.4599609375,0.0830078125,0.044921875,0.060546875,224.0,27.0,23.0,31.0,247.0,58.0,713.0,38.600518131237564,1.3478260869565217,27.0,False,True,small,GF1_WFV3_E121.9_N35.6_20190805_L2A0004161897,WFV3,2019-08-05
GF1_WFV3_E121.9_N35.6_20190805_L2A0004161897_11776_9728.png,1,2,0,0.8876953125,0.7685546875,0.044921875,0.060546875,443.0,378.0,23.0,31.0,466.0,409.0,713.0,38.600518131237564,1.3478260869565217,46.0,False,True,small,GF1_WFV3_E121.9_N35.6_20190805_L2A0004161897,WFV3,2019-08-05
GF1_WFV3_E121.9_N35.6_20190805_L2A0004161897_12288_10240.png,0,1,0,0.0771484375,0.248046875,0.041015625,0.07421875,29.0,108.0,21.0,38.0,50.0,146.0,798.0,43.41658669218482,1.8095238095238095,29.0,False,True,small,GF1_WFV3_E121.9_N35.6_20190805_L2A0004161897,WFV3,2019-08-05
GF1_WFV3_E121.9_N35.6_20190805_L2A0004161897_12288_10240.png,1,2,0,0.69140625,0.087890625,0.05078125,0.078125,341.0,25.0,26.0,40.0,367.0,65.0,1040.0,47.70744176750625,1.5384615384615385,25.0,False,True,medium,GF1_WFV3_E121.9_N35.6_20190805_L2A0004161897,WFV3,2019-08-05
GF1_WFV3_E121.9_N35.6_20190805_L2A0004161897_12288_10240.png,2,3,0,0.7734641638225256,0.9212435233160621,0.05546075085324231,0.0455958549222798,381.81569965870307,460.0041450777202,28.395904436860064,23.345077720207257,410.21160409556313,483.34922279792744,662.9045960140763,36.76030525648293,1.216355103940428,28.65077720207256,False,True,small,GF1_WFV3_E121.9_N35.6_20190805_L2A0004161897,WFV3,2019-08-05
GF1_WFV3_E121.9_N35.6_20190805_L2A0004161897_12288_11264.png,0,1,0,0.873046875,0.0791015625,0.046875,0.064453125,435.0,24.0,24.0,33.0,459.0,57.0,792.0,40.80441152620633,1.375,24.0,False,True,small,GF1_WFV3_E121.9_N35.6_20190805_L2A0004161897,WFV3,2019-08-05
GF1_WFV3_E121.9_N35.6_20190805_L2A0004161897_12288_11776.png,0,1,0,0.357421875,0.5849609375,0.03515625,0.037109375,174.0,290.0,18.0,19.0,192.0,309.0,342.0,26.1725046566048,1.0555555555555556,174.0,False,True,small,GF1_WFV3_E121.9_N35.6_20190805_L2A0004161897,WFV3,2019-08-05
GF1_WFV3_E121.9_N35.6_20190805_L2A0004161897_12288_11776.png,1,2,0,0.34375,0.3779296875,0.0390625,0.041015625,166.0,183.0,20.0,21.0,186.0,204.0,420.0,29.0,1.05,166.0,False,True,small,GF1_WFV3_E121.9_N35.6_20190805_L2A0004161897,WFV3,2019-08-05
GF1_WFV3_E121.9_N35.6_20190805_L2A0004161897_12288_13312.png,0,1,0,0.021484375,0.5498046875,0.03125,0.064453125,3.0,265.0,16.0,33.0,19.0,298.0,528.0,36.6742416417845,2.0625,3.0,False,True,small,GF1_WFV3_E121.9_N35.6_20190805_L2A0004161897,WFV3,2019-08-05
GF1_WFV3_E121.9_N35.6_20190805_L2A0004161897_12288_5632.png,0,1,0,0.244140625,0.9775390625,0.046875,0.041015625,113.0,490.0,24.0,21.0,137.0,511.0,504.0,31.89043743820395,1.1428571428571428,1.0,False,True,small,GF1_WFV3_E121.9_N35.6_20190805_L2A0004161897,WFV3,2019-08-05
GF1_WFV3_E121.9_N35.6_20190805_L2A0004161897_12288_5632.png,1,2,0,0.423828125,0.2548828125,0.04296875,0.052734375,206.0,117.0,22.0,27.0,228.0,144.0,594.0,34.828149534535996,1.2272727272727273,117.0,False,True,small,GF1_WFV3_E121.9_N35.6_20190805_L2A0004161897,WFV3,2019-08-05
GF1_WFV3_E121.9_N35.6_20190805_L2A0004161897_12288_5632.png,2,3,0,0.5009765625,0.26953125,0.033203125,0.046875,248.0,126.0,17.0,24.0,265.0,150.0,408.0,29.410882339705484,1.411764705882353,126.0,False,True,small,GF1_WFV3_E121.9_N35.6_20190805_L2A0004161897,WFV3,2019-08-05
GF1_WFV3_E121.9_N35.6_20190805_L2A0004161897_12288_6656.png,0,1,0,0.509765625,0.904296875,0.04296875,0.05078125,250.0,450.0,22.0,26.0,272.0,476.0,572.0,34.058772731852805,1.1818181818181819,36.0,False,True,small,GF1_WFV3_E121.9_N35.6_20190805_L2A0004161897,WFV3,2019-08-05
GF1_WFV3_E121.9_N35.6_20190805_L2A0004161897_12288_6656.png,1,2,0,0.20008532423208192,0.9290155440414507,0.019624573378839577,0.03626943005181349,97.419795221843,466.3709844559585,10.047781569965863,18.569948186528507,107.46757679180887,484.940932642487,186.58678314382215,21.113997492850544,1.848164000901106,27.059067357513015,False,True,small,GF1_WFV3_E121.9_N35.6_20190805_L2A0004161897,WFV3,2019-08-05
GF1_WFV3_E121.9_N35.6_20190805_L2A0004161897_12288_8192.png,0,1,0,0.064453125,0.685546875,0.04296875,0.046875,22.0,339.0,22.0,24.0,44.0,363.0,528.0,32.55764119219941,1.0909090909090908,22.0,False,True,small,GF1_WFV3_E121.9_N35.6_20190805_L2A0004161897,WFV3,2019-08-05
GF1_WFV3_E121.9_N35.6_20190805_L2A0004161897_12288_8192.png,1,2,0,0.2900390625,0.0703125,0.044921875,0.05078125,137.0,23.0,23.0,26.0,160.0,49.0,598.0,34.713109915419565,1.1304347826086956,23.0,False,True,small,GF1_WFV3_E121.9_N35.6_20190805_L2A0004161897,WFV3,2019-08-05
GF1_WFV3_E121.9_N35.6_20190805_L2A0004161897_12288_9216.png,0,1,0,0.13671875,0.01953125,0.03125,0.03515625,62.0,1.0,16.0,18.0,78.0,19.0,288.0,24.08318915758459,1.125,1.0,False,True,small,GF1_WFV3_E121.9_N35.6_20190805_L2A0004161897,WFV3,2019-08-05
GF1_WFV3_E121.9_N35.6_20190805_L2A0004161897_12288_9728.png,0,1,0,0.68359375,0.4013671875,0.01953125,0.025390625,345.0,199.0,10.0,13.0,355.0,212.0,130.0,16.401219466856727,1.3,157.0,False,True,small,GF1_WFV3_E121.9_N35.6_20190805_L2A0004161897,WFV3,2019-08-05
GF1_WFV3_E121.9_N35.6_20190805_L2A0004161897_12800_10240.png,0,1,0,0.501953125,0.2412109375,0.03515625,0.060546875,248.0,108.0,18.0,31.0,266.0,139.0,558.0,35.84689665786984,1.7222222222222223,108.0,False,True,small,GF1_WFV3_E121.9_N35.6_20190805_L2A0004161897,WFV3,2019-08-05
GF1_WFV3_E121.9_N35.6_20190805_L2A0004161897_12800_11264.png,0,1,0,0.0322265625,0.57421875,0.041015625,0.04296875,6.0,283.0,21.0,22.0,27.0,305.0,462.0,30.4138126514911,1.0476190476190477,6.0,False,True,small,GF1_WFV3_E121.9_N35.6_20190805_L2A0004161897,WFV3,2019-08-05
GF1_WFV3_E121.9_N35.6_20190805_L2A0004161897_12800_3584.png,0,1,0,0.5869140625,0.7421875,0.052734375,0.0625,287.0,364.0,27.0,32.0,314.0,396.0,864.0,41.86884283091664,1.1851851851851851,116.0,False,True,small,GF1_WFV3_E121.9_N35.6_20190805_L2A0004161897,WFV3,2019-08-05
GF1_WFV3_E121.9_N35.6_20190805_L2A0004161897_12800_4096.png,0,1,0,0.17578125,0.8935546875,0.046875,0.056640625,78.0,443.0,24.0,29.0,102.0,472.0,696.0,37.64306044943742,1.2083333333333333,40.0,False,True,small,GF1_WFV3_E121.9_N35.6_20190805_L2A0004161897,WFV3,2019-08-05
GF1_WFV3_E121.9_N35.6_20190805_L2A0004161897_12800_4096.png,1,2,0,0.734641638225256,0.1699481865284974,0.03412969283276457,0.033160621761658016,367.3993174061433,78.52435233160622,17.47440273037546,16.978238341968904,384.8737201365188,95.50259067357513,296.6845744398667,24.36422229376625,1.029223549488057,78.52435233160622,False,True,small,GF1_WFV3_E121.9_N35.6_20190805_L2A0004161897,WFV3,2019-08-05
GF1_WFV3_E121.9_N35.6_20190805_L2A0004161897_12800_4608.png,0,1,0,0.65234375,0.1259765625,0.04296875,0.052734375,323.0,51.0,22.0,27.0,345.0,78.0,594.0,34.828149534535996,1.2272727272727273,51.0,False,True,small,GF1_WFV3_E121.9_N35.6_20190805_L2A0004161897,WFV3,2019-08-05
GF1_WFV3_E121.9_N35.6_20190805_L2A0004161897_12800_5120.png,0,1,0,0.314453125,0.8330078125,0.03515625,0.060546875,152.0,411.0,18.0,31.0,170.0,442.0,558.0,35.84689665786984,1.7222222222222223,70.0,False,True,small,GF1_WFV3_E121.9_N35.6_20190805_L2A0004161897,WFV3,2019-08-05
GF1_WFV3_E121.9_N35.6_20190805_L2A0004161897_12800_5120.png,1,2,0,0.7005119453924915,0.5512953367875648,0.027303754266211677,0.02901554404145068,351.6723549488055,274.8352331606218,13.979522184300379,14.855958549222748,365.65187713310587,289.69119170984453,207.6792021079063,20.39918000600933,1.0626943005181284,146.34812286689413,False,True,small,GF1_WFV3_E121.9_N35.6_20190805_L2A0004161897,WFV3,2019-08-05
GF1_WFV3_E121.9_N35.6_20190805_L2A0004161897_12800_5632.png,0,1,0,0.2216796875,0.9462890625,0.041015625,0.080078125,103.0,464.0,21.0,41.0,124.0,505.0,861.0,46.06517122512408,1.9523809523809523,7.0,False,True,small,GF1_WFV3_E121.9_N35.6_20190805_L2A0004161897,WFV3,2019-08-05
GF1_WFV3_E121.9_N35.6_20190805_L2A0004161897_12800_7168.png,0,1,0,0.341796875,0.169921875,0.04296875,0.0546875,164.0,73.0,22.0,28.0,186.0,101.0,616.0,35.608987629529715,1.2727272727272727,73.0,False,True,small,GF1_WFV3_E121.9_N35.6_20190805_L2A0004161897,WFV3,2019-08-05
GF1_WFV3_E121.9_N35.6_20190805_L2A0004161897_12800_7168.png,1,2,0,0.95703125,0.5400390625,0.046875,0.048828125,478.0,264.0,24.0,25.0,502.0,289.0,600.0,34.655446902326915,1.0416666666666667,10.0,False,True,small,GF1_WFV3_E121.9_N35.6_20190805_L2A0004161897,WFV3,2019-08-05
GF1_WFV3_E121.9_N35.6_20190805_L2A0004161897_12800_7680.png,0,1,0,0.7255859375,0.9384765625,0.041015625,0.052734375,361.0,467.0,21.0,27.0,382.0,494.0,567.0,34.20526275297414,1.2857142857142858,18.0,False,True,small,GF1_WFV3_E121.9_N35.6_20190805_L2A0004161897,WFV3,2019-08-05
GF1_WFV3_E121.9_N35.6_20190805_L2A0004161897_12800_9216.png,0,1,0,0.466796875,0.662109375,0.05859375,0.0703125,224.0,321.0,30.0,36.0,254.0,357.0,1080.0,46.861498055439924,1.2,155.0,False,True,medium,GF1_WFV3_E121.9_N35.6_20190805_L2A0004161897,WFV3,2019-08-05
GF1_WFV3_E121.9_N35.6_20190805_L2A0004161897_12929_10240.png,0,1,0,0.2529296875,0.2470703125,0.044921875,0.076171875,118.0,107.0,23.0,39.0,141.0,146.0,897.0,45.27692569068709,1.6956521739130435,107.0,False,True,small,GF1_WFV3_E121.9_N35.6_20190805_L2A0004161897,WFV3,2019-08-05
GF1_WFV3_E121.9_N35.6_20190805_L2A0004161897_12929_3584.png,0,1,0,0.33203125,0.7412109375,0.046875,0.064453125,158.0,363.0,24.0,33.0,182.0,396.0,792.0,40.80441152620633,1.375,116.0,False,True,small,GF1_WFV3_E121.9_N35.6_20190805_L2A0004161897,WFV3,2019-08-05
GF1_WFV3_E121.9_N35.6_20190805_L2A0004161897_12929_3584.png,1,2,0,0.955078125,0.4541015625,0.0390625,0.044921875,479.0,221.0,20.0,23.0,499.0,244.0,460.0,30.479501308256342,1.15,13.0,False,True,small,GF1_WFV3_E121.9_N35.6_20190805_L2A0004161897,WFV3,2019-08-05
GF1_WFV3_E121.9_N35.6_20190805_L2A0004161897_12929_4096.png,0,1,0,0.84375,0.1826171875,0.046875,0.072265625,420.0,75.0,24.0,37.0,444.0,112.0,888.0,44.10215414239989,1.5416666666666667,68.0,False,True,small,GF1_WFV3_E121.9_N35.6_20190805_L2A0004161897,WFV3,2019-08-05
GF1_WFV3_E121.9_N35.6_20190805_L2A0004161897_12929_4608.png,0,1,0,0.3994140625,0.1220703125,0.033203125,0.044921875,196.0,51.0,17.0,23.0,213.0,74.0,391.0,28.600699292150182,1.3529411764705883,51.0,False,True,small,GF1_WFV3_E121.9_N35.6_20190805_L2A0004161897,WFV3,2019-08-05
GF1_WFV3_E121.9_N35.6_20190805_L2A0004161897_12929_5120.png,0,1,0,0.060546875,0.8271484375,0.0390625,0.052734375,21.0,410.0,20.0,27.0,41.0,437.0,540.0,33.60059523282288,1.35,21.0,False,True,small,GF1_WFV3_E121.9_N35.6_20190805_L2A0004161897,WFV3,2019-08-05
GF1_WFV3_E121.9_N35.6_20190805_L2A0004161897_12929_7168.png,0,1,0,0.091796875,0.166015625,0.0390625,0.046875,37.0,73.0,20.0,24.0,57.0,97.0,480.0,31.240998703626616,1.2,37.0,False,True,small,GF1_WFV3_E121.9_N35.6_20190805_L2A0004161897,WFV3,2019-08-05
GF1_WFV3_E121.9_N35.6_20190805_L2A0004161897_12929_7168.png,1,2,0,0.705078125,0.537109375,0.0390625,0.05859375,351.0,260.0,20.0,30.0,371.0,290.0,600.0,36.05551275463989,1.5,141.0,False,True,small,GF1_WFV3_E121.9_N35.6_20190805_L2A0004161897,WFV3,2019-08-05
GF1_WFV3_E121.9_N35.6_20190805_L2A0004161897_12929_7680.png,0,1,0,0.4775390625,0.9404296875,0.033203125,0.048828125,236.0,469.0,17.0,25.0,253.0,494.0,425.0,30.23243291566195,1.4705882352941178,18.0,False,True,small,GF1_WFV3_E121.9_N35.6_20190805_L2A0004161897,WFV3,2019-08-05
GF1_WFV3_E121.9_N35.6_20190805_L2A0004161897_12929_9216.png,0,1,0,0.2138671875,0.66015625,0.033203125,0.05078125,101.0,325.0,17.0,26.0,118.0,351.0,442.0,31.064449134018133,1.5294117647058822,101.0,False,True,small,GF1_WFV3_E121.9_N35.6_20190805_L2A0004161897,WFV3,2019-08-05
GF1_WFV3_E121.9_N35.6_20190805_L2A0004161897_13312_3072.png,0,1,0,0.2978515625,0.26171875,0.044921875,0.0546875,141.0,120.0,23.0,28.0,164.0,148.0,644.0,36.235341863986875,1.2173913043478262,120.0,False,True,small,GF1_WFV3_E121.9_N35.6_20190805_L2A0004161897,WFV3,2019-08-05
GF1_WFV3_E121.9_N35.6_20190805_L2A0004161897_13312_3072.png,1,2,0,0.8336177474402731,0.8450777202072539,0.03924914675767921,0.042487046632124326,416.76450511945393,421.8031088082902,20.095563139931755,21.753367875647655,436.8600682593857,443.55647668393783,437.1461776512406,29.614872477257826,1.082496057670645,68.44352331606217,False,True,small,GF1_WFV3_E121.9_N35.6_20190805_L2A0004161897,WFV3,2019-08-05
GF1_WFV3_E121.9_N35.6_20190805_L2A0004161897_13312_3584.png,0,1,0,0.2060546875,0.44921875,0.048828125,0.0625,93.0,214.0,25.0,32.0,118.0,246.0,800.0,40.607881008493905,1.28,93.0,False,True,small,GF1_WFV3_E121.9_N35.6_20190805_L2A0004161897,WFV3,2019-08-05
GF1_WFV3_E121.9_N35.6_20190805_L2A0004161897_13312_4096.png,0,1,0,0.099609375,0.1767578125,0.04296875,0.068359375,40.0,73.0,22.0,35.0,62.0,108.0,770.0,41.340053217188775,1.5909090909090908,40.0,False,True,small,GF1_WFV3_E121.9_N35.6_20190805_L2A0004161897,WFV3,2019-08-05
GF1_WFV3_E121.9_N35.6_20190805_L2A0004161897_13312_5120.png,0,1,0,0.37890625,0.109375,0.046875,0.07421875,182.0,37.0,24.0,38.0,206.0,75.0,912.0,44.94441010848846,1.5833333333333333,37.0,False,True,small,GF1_WFV3_E121.9_N35.6_20190805_L2A0004161897,WFV3,2019-08-05
GF1_WFV3_E121.9_N35.6_20190805_L2A0004161897_13312_6144.png,0,1,0,0.0166015625,0.3564453125,0.033203125,0.052734375,0.0,169.0,17.0,27.0,17.0,196.0,459.0,31.906112267087632,1.588235294117647,0.0,True,True,small,GF1_WFV3_E121.9_N35.6_20190805_L2A0004161897,WFV3,2019-08-05
GF1_WFV3_E121.9_N35.6_20190805_L2A0004161897_13441_5120.png,0,1,0,0.130859375,0.1044921875,0.04296875,0.048828125,56.0,41.0,22.0,25.0,78.0,66.0,550.0,33.301651610693426,1.1363636363636365,41.0,False,True,small,GF1_WFV3_E121.9_N35.6_20190805_L2A0004161897,WFV3,2019-08-05
GF1_WFV3_E121.9_N35.6_20190805_L2A0004161897_13953_4096.png,0,1,0,0.408203125,0.177734375,0.03515625,0.04296875,200.0,80.0,18.0,22.0,218.0,102.0,396.0,28.42534080710379,1.2222222222222223,80.0,False,True,small,GF1_WFV3_E121.9_N35.6_20190805_L2A0004161897,WFV3,2019-08-05
GF1_WFV3_E121.9_N35.6_20190805_L2A0004161897_1536_6656.png,0,1,0,0.873046875,0.220703125,0.01953125,0.03515625,442.0,104.0,10.0,18.0,452.0,122.0,180.0,20.591260281974,1.8,60.0,False,True,small,GF1_WFV3_E121.9_N35.6_20190805_L2A0004161897,WFV3,2019-08-05
GF1_WFV3_E121.9_N35.6_20190805_L2A0004161897_1536_7168.png,0,1,0,0.40625,0.716796875,0.0234375,0.0390625,202.0,357.0,12.0,20.0,214.0,377.0,240.0,23.323807579381203,1.6666666666666667,135.0,False,True,small,GF1_WFV3_E121.9_N35.6_20190805_L2A0004161897,WFV3,2019-08-05
GF1_WFV3_E121.9_N35.6_20190805_L2A0004161897_2048_4096.png,0,1,0,0.439453125,0.2705078125,0.06640625,0.041015625,208.0,128.0,34.0,21.0,242.0,149.0,714.0,39.96248240537617,1.619047619047619,128.0,False,True,small,GF1_WFV3_E121.9_N35.6_20190805_L2A0004161897,WFV3,2019-08-05
GF1_WFV3_E121.9_N35.6_20190805_L2A0004161897_2048_4096.png,1,2,0,0.703125,0.978515625,0.05078125,0.04296875,347.0,490.0,26.0,22.0,373.0,512.0,572.0,34.058772731852805,1.1818181818181819,0.0,True,True,small,GF1_WFV3_E121.9_N35.6_20190805_L2A0004161897,WFV3,2019-08-05
GF1_WFV3_E121.9_N35.6_20190805_L2A0004161897_2048_4096.png,2,3,0,0.310580204778157,0.8393782383419689,0.030716723549488067,0.03937823834196896,151.15358361774744,419.680829015544,15.72696245733789,20.16165803108811,166.88054607508533,439.84248704663213,317.0816389326077,25.570095867967627,1.281980426021878,72.15751295336787,False,True,small,GF1_WFV3_E121.9_N35.6_20190805_L2A0004161897,WFV3,2019-08-05
GF1_WFV3_E121.9_N35.6_20190805_L2A0004161897_2048_5120.png,0,1,0,0.2607421875,0.83203125,0.041015625,0.03515625,123.0,417.0,21.0,18.0,144.0,435.0,378.0,27.65863337187866,1.1666666666666667,77.0,False,True,small,GF1_WFV3_E121.9_N35.6_20190805_L2A0004161897,WFV3,2019-08-05
GF1_WFV3_E121.9_N35.6_20190805_L2A0004161897_2048_7168.png,0,1,0,0.7978515625,0.3759765625,0.044921875,0.068359375,397.0,175.0,23.0,35.0,420.0,210.0,805.0,41.88078318274385,1.5217391304347827,92.0,False,True,small,GF1_WFV3_E121.9_N35.6_20190805_L2A0004161897,WFV3,2019-08-05
GF1_WFV3_E121.9_N35.6_20190805_L2A0004161897_2048_7680.png,0,1,0,0.7273890784982935,0.23678756476683938,0.026450511945392496,0.040414507772020714,365.6518771331058,110.88911917098446,13.542662116040958,20.692227979274605,379.19453924914677,131.58134715025906,280.22785195140494,24.729981721293807,1.5279291325422022,110.88911917098446,False,True,small,GF1_WFV3_E121.9_N35.6_20190805_L2A0004161897,WFV3,2019-08-05
GF1_WFV3_E121.9_N35.6_20190805_L2A0004161897_2048_9216.png,0,1,0,0.611328125,0.5390625,0.0625,0.04296875,297.0,265.0,32.0,22.0,329.0,287.0,704.0,38.8329756778952,1.4545454545454546,183.0,False,True,small,GF1_WFV3_E121.9_N35.6_20190805_L2A0004161897,WFV3,2019-08-05
GF1_WFV3_E121.9_N35.6_20190805_L2A0004161897_2560_6656.png,0,1,0,0.2939453125,0.115234375,0.044921875,0.05859375,139.0,44.0,23.0,30.0,162.0,74.0,690.0,37.8021163428716,1.3043478260869565,44.0,False,True,small,GF1_WFV3_E121.9_N35.6_20190805_L2A0004161897,WFV3,2019-08-05
GF1_WFV3_E121.9_N35.6_20190805_L2A0004161897_2560_7168.png,0,1,0,0.4462890625,0.451171875,0.033203125,0.0390625,220.0,221.0,17.0,20.0,237.0,241.0,340.0,26.248809496813376,1.1764705882352942,220.0,False,True,small,GF1_WFV3_E121.9_N35.6_20190805_L2A0004161897,WFV3,2019-08-05
GF1_WFV3_E121.9_N35.6_20190805_L2A0004161897_3072_6656.png,0,1,0,0.9445392491467577,0.4305699481865285,0.04607508532423199,0.050777202072538885,471.80887372013655,207.45284974093263,23.59044368600678,25.99792746113991,495.3993174061433,233.45077720207254,613.3026437249102,35.105573141274164,1.1020533486854758,16.600682593856675,False,True,small,GF1_WFV3_E121.9_N35.6_20190805_L2A0004161897,WFV3,2019-08-05
GF1_WFV3_E121.9_N35.6_20190805_L2A0004161897_3584_5632.png,0,1,0,0.2674914675767918,0.05544041450777202,0.04863481228668942,0.030051813471502584,124.50511945392492,20.692227979274612,24.901023890784984,15.386528497409323,149.4061433447099,36.078756476683935,383.14031371023356,29.271252962779602,1.618365305401907,20.692227979274612,False,True,small,GF1_WFV3_E121.9_N35.6_20190805_L2A0004161897,WFV3,2019-08-05
GF1_WFV3_E121.9_N35.6_20190805_L2A0004161897_3584_5632.png,1,2,0,0.4863481228668942,0.7357512953367875,0.06655290102389078,0.05181347150259075,231.9726962457338,363.44041450777195,34.07508532423208,26.528497409326462,266.0477815699659,389.9689119170984,903.9608127464688,43.1841708806634,1.2844709897610902,122.03108808290159,False,True,small,GF1_WFV3_E121.9_N35.6_20190805_L2A0004161897,WFV3,2019-08-05
GF1_WFV3_E121.9_N35.6_20190805_L2A0004161897_3584_6656.png,0,1,0,0.646484375,0.1240234375,0.0390625,0.056640625,321.0,49.0,20.0,29.0,341.0,78.0,580.0,35.22782990761707,1.45,49.0,False,True,small,GF1_WFV3_E121.9_N35.6_20190805_L2A0004161897,WFV3,2019-08-05
GF1_WFV3_E121.9_N35.6_20190805_L2A0004161897_3584_6656.png,1,2,0,0.8293515358361775,0.41347150259067356,0.027303754266211566,0.033160621761658016,417.6382252559727,203.2082901554404,13.979522184300322,16.978238341968904,431.61774744027304,220.1865284974093,237.3476595518926,21.99289925630652,1.2145077720207265,80.38225255972696,False,True,small,GF1_WFV3_E121.9_N35.6_20190805_L2A0004161897,WFV3,2019-08-05
GF1_WFV3_E121.9_N35.6_20190805_L2A0004161897_3584_8704.png,0,1,0,0.1708984375,0.4560546875,0.044921875,0.048828125,76.0,221.0,23.0,25.0,99.0,246.0,575.0,33.97057550292606,1.0869565217391304,76.0,False,True,small,GF1_WFV3_E121.9_N35.6_20190805_L2A0004161897,WFV3,2019-08-05
GF1_WFV3_E121.9_N35.6_20190805_L2A0004161897_4096_9728.png,0,1,0,0.4150390625,0.96875,0.044921875,0.0546875,201.0,482.0,23.0,28.0,224.0,510.0,644.0,36.235341863986875,1.2173913043478262,2.0,False,True,small,GF1_WFV3_E121.9_N35.6_20190805_L2A0004161897,WFV3,2019-08-05
GF1_WFV3_E121.9_N35.6_20190805_L2A0004161897_4608_10240.png,0,1,0,0.96875,0.576171875,0.04296875,0.046875,485.0,283.0,22.0,24.0,507.0,307.0,528.0,32.55764119219941,1.0909090909090908,5.0,False,True,small,GF1_WFV3_E121.9_N35.6_20190805_L2A0004161897,WFV3,2019-08-05
GF1_WFV3_E121.9_N35.6_20190805_L2A0004161897_4608_10752.png,0,1,0,0.78515625,0.4365234375,0.0390625,0.044921875,392.0,212.0,20.0,23.0,412.0,235.0,460.0,30.479501308256342,1.15,100.0,False,True,small,GF1_WFV3_E121.9_N35.6_20190805_L2A0004161897,WFV3,2019-08-05
GF1_WFV3_E121.9_N35.6_20190805_L2A0004161897_4608_13312.png,0,1,0,0.51171875,0.6708984375,0.046875,0.037109375,250.0,334.0,24.0,19.0,274.0,353.0,456.0,30.610455730027933,1.263157894736842,159.0,False,True,small,GF1_WFV3_E121.9_N35.6_20190805_L2A0004161897,WFV3,2019-08-05
GF1_WFV3_E121.9_N35.6_20190805_L2A0004161897_5120_10240.png,0,1,0,0.7743174061433447,0.6880829015544041,0.05375426621160406,0.06424870466321242,382.68941979522185,335.85077720207255,27.52218430034128,32.89533678756476,410.21160409556313,368.7461139896373,905.3515216891537,42.89025310055028,1.1952298708775397,101.78839590443687,False,True,small,GF1_WFV3_E121.9_N35.6_20190805_L2A0004161897,WFV3,2019-08-05
GF1_WFV3_E121.9_N35.6_20190805_L2A0004161897_5120_3072.png,0,1,0,0.306640625,0.1865234375,0.05078125,0.041015625,144.0,85.0,26.0,21.0,170.0,106.0,546.0,33.421549934136806,1.2380952380952381,85.0,False,True,small,GF1_WFV3_E121.9_N35.6_20190805_L2A0004161897,WFV3,2019-08-05
GF1_WFV3_E121.9_N35.6_20190805_L2A0004161897_5120_3072.png,1,2,0,0.66796875,0.3525390625,0.02734375,0.037109375,335.0,171.0,14.0,19.0,349.0,190.0,266.0,23.600847442411894,1.3571428571428572,163.0,False,True,small,GF1_WFV3_E121.9_N35.6_20190805_L2A0004161897,WFV3,2019-08-05
GF1_WFV3_E121.9_N35.6_20190805_L2A0004161897_5120_3072.png,2,3,0,0.20776450511945393,0.4694300518134715,0.021331058020477828,0.029015544041450736,100.91467576791808,232.92020725388602,10.921501706484648,14.855958549222777,111.83617747440273,247.7761658031088,162.24937664680175,18.438511435063635,1.3602487046632097,100.91467576791808,False,True,small,GF1_WFV3_E121.9_N35.6_20190805_L2A0004161897,WFV3,2019-08-05
GF1_WFV3_E121.9_N35.6_20190805_L2A0004161897_5632_3072.png,0,1,0,0.518344709897611,0.6310880829015544,0.024744027303754246,0.02901554404145079,259.0580204778157,315.68911917098444,12.668941979522174,14.855958549222805,271.7269624573379,330.54507772020725,188.20927691029013,19.524384632984603,1.1726281936751848,181.45492227979275,False,True,small,GF1_WFV3_E121.9_N35.6_20190805_L2A0004161897,WFV3,2019-08-05
GF1_WFV3_E121.9_N35.6_20190805_L2A0004161897_5632_4096.png,0,1,0,0.2705078125,0.939453125,0.021484375,0.0234375,133.0,475.0,11.0,12.0,144.0,487.0,132.0,16.278820596099706,1.0909090909090908,25.0,False,True,small,GF1_WFV3_E121.9_N35.6_20190805_L2A0004161897,WFV3,2019-08-05
GF1_WFV3_E121.9_N35.6_20190805_L2A0004161897_5632_4608.png,0,1,0,0.388671875,0.6513671875,0.046875,0.048828125,187.0,321.0,24.0,25.0,211.0,346.0,600.0,34.655446902326915,1.0416666666666667,166.0,False,True,small,GF1_WFV3_E121.9_N35.6_20190805_L2A0004161897,WFV3,2019-08-05
GF1_WFV3_E121.9_N35.6_20190805_L2A0004161897_6144_1536.png,0,1,0,0.1865234375,0.91015625,0.041015625,0.02734375,85.0,459.0,21.0,14.0,106.0,473.0,294.0,25.238858928247925,1.5,39.0,False,True,small,GF1_WFV3_E121.9_N35.6_20190805_L2A0004161897,WFV3,2019-08-05
GF1_WFV3_E121.9_N35.6_20190805_L2A0004161897_7168_12800.png,0,1,0,0.69921875,0.923828125,0.05859375,0.0390625,343.0,463.0,30.0,20.0,373.0,483.0,600.0,36.05551275463989,1.5,29.0,False,True,small,GF1_WFV3_E121.9_N35.6_20190805_L2A0004161897,WFV3,2019-08-05
GF1_WFV3_E121.9_N35.6_20190805_L2A0004161897_7168_13312.png,0,1,0,0.4927474402730375,0.054404145077720206,0.04692832764505117,0.04870466321243524,240.2730375426621,15.386528497409325,24.0273037542662,24.936787564766842,264.3003412969283,40.32331606217617,599.163769474261,34.62881314382699,1.0378520960904387,15.386528497409325,False,True,small,GF1_WFV3_E121.9_N35.6_20190805_L2A0004161897,WFV3,2019-08-05
GF1_WFV3_E121.9_N35.6_20190805_L2A0004161897_7168_14336.png,0,1,0,0.224609375,0.294921875,0.04296875,0.03515625,104.0,142.0,22.0,18.0,126.0,160.0,396.0,28.42534080710379,1.2222222222222223,104.0,False,True,small,GF1_WFV3_E121.9_N35.6_20190805_L2A0004161897,WFV3,2019-08-05
GF1_WFV3_E121.9_N35.6_20190805_L2A0004161897_7168_4608.png,0,1,0,0.5285836177474403,0.036269430051813475,0.03498293515358364,0.03730569948186529,261.679180887372,9.019689119170986,17.911262798634823,19.100518134715028,279.59044368600684,28.120207253886015,342.1143999009711,26.184788104094665,1.0663970681157584,9.019689119170986,False,True,small,GF1_WFV3_E121.9_N35.6_20190805_L2A0004161897,WFV3,2019-08-05
GF1_WFV3_E121.9_N35.6_20190805_L2A0004161897_7680_8192.png,0,1,0,0.4287109375,0.408203125,0.044921875,0.0390625,208.0,199.0,23.0,20.0,231.0,219.0,460.0,30.479501308256342,1.15,199.0,False,True,small,GF1_WFV3_E121.9_N35.6_20190805_L2A0004161897,WFV3,2019-08-05
GF1_WFV3_E121.9_N35.6_20190805_L2A0004161897_7680_8704.png,0,1,0,0.0361328125,0.2529296875,0.064453125,0.060546875,2.0,114.0,33.0,31.0,35.0,145.0,1023.0,45.27692569068709,1.064516129032258,2.0,False,True,small,GF1_WFV3_E121.9_N35.6_20190805_L2A0004161897,WFV3,2019-08-05
GF1_WFV3_E121.9_N35.6_20190805_L2A0004161897_8704_13824.png,0,1,0,0.48828125,0.3818359375,0.05859375,0.072265625,235.0,177.0,30.0,37.0,265.0,214.0,1110.0,47.634021455258214,1.2333333333333334,177.0,False,True,medium,GF1_WFV3_E121.9_N35.6_20190805_L2A0004161897,WFV3,2019-08-05
GF1_WFV3_E121.9_N35.6_20190805_L2A0004161897_8704_5632.png,0,1,0,0.1877133105802048,0.1305699481865285,0.04266211604095563,0.03316062176165803,85.18771331058022,58.36269430051814,21.84300341296928,16.97823834196891,107.0307167235495,75.34093264248705,370.85571804983283,27.665454547064485,1.2865294368600682,58.36269430051814,False,True,small,GF1_WFV3_E121.9_N35.6_20190805_L2A0004161897,WFV3,2019-08-05
GF1_WFV3_E121.9_N35.6_20190805_L2A0004161897_9216_11776.png,0,1,0,0.755859375,0.1669921875,0.03125,0.048828125,379.0,73.0,16.0,25.0,395.0,98.0,400.0,29.68164415931166,1.5625,73.0,False,True,small,GF1_WFV3_E121.9_N35.6_20190805_L2A0004161897,WFV3,2019-08-05
GF1_WFV3_E121.9_N35.6_20190805_L2A0004161897_9216_11776.png,1,2,0,0.857421875,0.224609375,0.0390625,0.046875,429.0,103.0,20.0,24.0,449.0,127.0,480.0,31.240998703626616,1.2,63.0,False,True,small,GF1_WFV3_E121.9_N35.6_20190805_L2A0004161897,WFV3,2019-08-05
GF1_WFV3_E122.4_N37.3_20190805_L2A0004161911_10240_11264.png,0,1,0,0.212890625,0.3330078125,0.03125,0.029296875,101.0,163.0,16.0,15.0,117.0,178.0,240.0,21.93171219946131,1.0666666666666667,101.0,False,True,small,GF1_WFV3_E122.4_N37.3_20190805_L2A0004161911,WFV3,2019-08-05
GF1_WFV3_E122.4_N37.3_20190805_L2A0004161911_10240_11776.png,0,1,0,0.658203125,0.8388671875,0.03125,0.064453125,329.0,413.0,16.0,33.0,345.0,446.0,528.0,36.6742416417845,2.0625,66.0,False,True,small,GF1_WFV3_E122.4_N37.3_20190805_L2A0004161911,WFV3,2019-08-05
GF1_WFV3_E122.4_N37.3_20190805_L2A0004161911_10240_11776.png,1,2,0,0.5904436860068258,0.9393782383419689,0.029010238907849817,0.050777202072538885,294.88054607508525,467.96269430051814,14.853242320819106,25.99792746113991,309.73378839590436,493.96062176165805,386.1535164193885,29.941794196668717,1.7503200243828116,18.039378238341953,False,True,small,GF1_WFV3_E122.4_N37.3_20190805_L2A0004161911,WFV3,2019-08-05
GF1_WFV3_E122.4_N37.3_20190805_L2A0004161911_10240_14336.png,0,1,0,0.6884765625,0.7236328125,0.021484375,0.033203125,347.0,362.0,11.0,17.0,358.0,379.0,187.0,20.248456731316587,1.5454545454545454,133.0,False,True,small,GF1_WFV3_E122.4_N37.3_20190805_L2A0004161911,WFV3,2019-08-05
GF1_WFV3_E122.4_N37.3_20190805_L2A0004161911_10240_14622.png,0,1,0,0.6982421875,0.169921875,0.037109375,0.04296875,348.0,76.0,19.0,22.0,367.0,98.0,418.0,29.068883707497267,1.1578947368421053,76.0,False,True,small,GF1_WFV3_E122.4_N37.3_20190805_L2A0004161911,WFV3,2019-08-05
GF1_WFV3_E122.4_N37.3_20190805_L2A0004161911_10240_14848.png,0,1,0,0.595703125,0.904296875,0.0390625,0.0625,295.0,447.0,20.0,32.0,315.0,479.0,640.0,37.73592452822641,1.6,33.0,False,True,small,GF1_WFV3_E122.4_N37.3_20190805_L2A0004161911,WFV3,2019-08-05
GF1_WFV3_E122.4_N37.3_20190805_L2A0004161911_10240_15134.png,0,1,0,0.587890625,0.3525390625,0.046875,0.060546875,289.0,165.0,24.0,31.0,313.0,196.0,744.0,39.20459156782532,1.2916666666666667,165.0,False,True,small,GF1_WFV3_E122.4_N37.3_20190805_L2A0004161911,WFV3,2019-08-05
GF1_WFV3_E122.4_N37.3_20190805_L2A0004161911_10240_2560.png,0,1,0,0.2119140625,0.841796875,0.060546875,0.0390625,93.0,421.0,31.0,20.0,124.0,441.0,620.0,36.89173349139343,1.55,71.0,False,True,small,GF1_WFV3_E122.4_N37.3_20190805_L2A0004161911,WFV3,2019-08-05
GF1_WFV3_E122.4_N37.3_20190805_L2A0004161911_10240_4096.png,0,1,0,0.689453125,0.2509765625,0.0625,0.052734375,337.0,115.0,32.0,27.0,369.0,142.0,864.0,41.86884283091664,1.1851851851851851,115.0,False,True,small,GF1_WFV3_E122.4_N37.3_20190805_L2A0004161911,WFV3,2019-08-05
GF1_WFV3_E122.4_N37.3_20190805_L2A0004161911_10240_4608.png,0,1,0,0.5712890625,0.705078125,0.052734375,0.04296875,279.0,350.0,27.0,22.0,306.0,372.0,594.0,34.828149534535996,1.2272727272727273,140.0,False,True,small,GF1_WFV3_E122.4_N37.3_20190805_L2A0004161911,WFV3,2019-08-05
GF1_WFV3_E122.4_N37.3_20190805_L2A0004161911_10240_8704.png,0,1,0,0.1171875,0.2333984375,0.0390625,0.048828125,50.0,107.0,20.0,25.0,70.0,132.0,500.0,32.01562118716424,1.25,50.0,False,True,small,GF1_WFV3_E122.4_N37.3_20190805_L2A0004161911,WFV3,2019-08-05
GF1_WFV3_E122.4_N37.3_20190805_L2A0004161911_10752_11776.png,0,1,0,0.9580078125,0.6572265625,0.029296875,0.056640625,483.0,322.0,15.0,29.0,498.0,351.0,435.0,32.64965543462902,1.9333333333333333,14.0,False,True,small,GF1_WFV3_E122.4_N37.3_20190805_L2A0004161911,WFV3,2019-08-05
GF1_WFV3_E122.4_N37.3_20190805_L2A0004161911_10752_14622.png,0,1,0,0.2197265625,0.7451171875,0.056640625,0.060546875,98.0,366.0,29.0,31.0,127.0,397.0,899.0,42.44997055358225,1.0689655172413792,98.0,False,True,small,GF1_WFV3_E122.4_N37.3_20190805_L2A0004161911,WFV3,2019-08-05
GF1_WFV3_E122.4_N37.3_20190805_L2A0004161911_10752_14848.png,0,1,0,0.2216796875,0.3076171875,0.056640625,0.060546875,99.0,142.0,29.0,31.0,128.0,173.0,899.0,42.44997055358225,1.0689655172413792,99.0,False,True,small,GF1_WFV3_E122.4_N37.3_20190805_L2A0004161911,WFV3,2019-08-05
GF1_WFV3_E122.4_N37.3_20190805_L2A0004161911_10752_6144.png,0,1,0,0.2900390625,0.6796875,0.025390625,0.0390625,142.0,338.0,13.0,20.0,155.0,358.0,260.0,23.853720883753127,1.5384615384615385,142.0,False,True,small,GF1_WFV3_E122.4_N37.3_20190805_L2A0004161911,WFV3,2019-08-05
GF1_WFV3_E122.4_N37.3_20190805_L2A0004161911_10752_9728.png,0,1,0,0.03455631399317406,0.4461139896373057,0.031569965870307165,0.03626943005181349,9.610921501706486,219.12538860103626,16.16382252559727,18.569948186528507,25.774744027303754,237.69533678756477,300.16134679658364,24.619344716896084,1.148858703262849,9.610921501706486,False,True,small,GF1_WFV3_E122.4_N37.3_20190805_L2A0004161911,WFV3,2019-08-05
GF1_WFV3_E122.4_N37.3_20190805_L2A0004161911_11264_13824.png,0,1,0,0.9423828125,0.1298828125,0.025390625,0.044921875,476.0,55.0,13.0,23.0,489.0,78.0,299.0,26.419689627245813,1.7692307692307692,23.0,False,True,small,GF1_WFV3_E122.4_N37.3_20190805_L2A0004161911,WFV3,2019-08-05
GF1_WFV3_E122.4_N37.3_20190805_L2A0004161911_11264_14336.png,0,1,0,0.0556640625,0.4619140625,0.033203125,0.044921875,20.0,225.0,17.0,23.0,37.0,248.0,391.0,28.600699292150182,1.3529411764705883,20.0,False,True,small,GF1_WFV3_E122.4_N37.3_20190805_L2A0004161911,WFV3,2019-08-05
GF1_WFV3_E122.4_N37.3_20190805_L2A0004161911_11264_4096.png,0,1,0,0.0771484375,0.47265625,0.037109375,0.03125,30.0,234.0,19.0,16.0,49.0,250.0,304.0,24.839484696748443,1.1875,30.0,False,True,small,GF1_WFV3_E122.4_N37.3_20190805_L2A0004161911,WFV3,2019-08-05
GF1_WFV3_E122.4_N37.3_20190805_L2A0004161911_11264_8704.png,0,1,0,0.96875,0.7138671875,0.0234375,0.021484375,490.0,360.0,12.0,11.0,502.0,371.0,132.0,16.278820596099706,1.0909090909090908,10.0,False,True,small,GF1_WFV3_E122.4_N37.3_20190805_L2A0004161911,WFV3,2019-08-05
GF1_WFV3_E122.4_N37.3_20190805_L2A0004161911_11264_8704.png,1,2,0,0.9287109375,0.677734375,0.025390625,0.0234375,469.0,341.0,13.0,12.0,482.0,353.0,156.0,17.69180601295413,1.0833333333333333,30.0,False,True,small,GF1_WFV3_E122.4_N37.3_20190805_L2A0004161911,WFV3,2019-08-05
GF1_WFV3_E122.4_N37.3_20190805_L2A0004161911_11264_9728.png,0,1,0,0.7150170648464165,0.7450777202072538,0.03242320819112632,0.060103626943005195,357.7883959044369,366.0932642487046,16.600682593856675,30.77305699481866,374.3890784982936,396.86632124352326,510.8537516136455,34.96517838347652,1.853722388873737,115.13367875647674,False,True,small,GF1_WFV3_E122.4_N37.3_20190805_L2A0004161911,WFV3,2019-08-05
GF1_WFV3_E122.4_N37.3_20190805_L2A0004161911_11776_11776.png,0,1,0,0.794921875,0.4189453125,0.05078125,0.033203125,394.0,206.0,26.0,17.0,420.0,223.0,442.0,31.064449134018133,1.5294117647058822,92.0,False,True,small,GF1_WFV3_E122.4_N37.3_20190805_L2A0004161911,WFV3,2019-08-05
GF1_WFV3_E122.4_N37.3_20190805_L2A0004161911_11776_11776.png,1,2,0,0.8212890625,0.384765625,0.033203125,0.03125,412.0,189.0,17.0,16.0,429.0,205.0,272.0,23.345235059857504,1.0625,83.0,False,True,small,GF1_WFV3_E122.4_N37.3_20190805_L2A0004161911,WFV3,2019-08-05
GF1_WFV3_E122.4_N37.3_20190805_L2A0004161911_11776_6144.png,0,1,0,0.4990234375,0.6884765625,0.037109375,0.052734375,246.0,339.0,19.0,27.0,265.0,366.0,513.0,33.015148038438355,1.4210526315789473,146.0,False,True,small,GF1_WFV3_E122.4_N37.3_20190805_L2A0004161911,WFV3,2019-08-05
GF1_WFV3_E122.4_N37.3_20190805_L2A0004161911_11776_6144.png,1,2,0,0.9189453125,0.6083984375,0.033203125,0.048828125,462.0,299.0,17.0,25.0,479.0,324.0,425.0,30.23243291566195,1.4705882352941178,33.0,False,True,small,GF1_WFV3_E122.4_N37.3_20190805_L2A0004161911,WFV3,2019-08-05
GF1_WFV3_E122.4_N37.3_20190805_L2A0004161911_11776_9216.png,0,1,0,0.87109375,0.6494140625,0.01953125,0.025390625,441.0,326.0,10.0,13.0,451.0,339.0,130.0,16.401219466856727,1.3,61.0,False,True,small,GF1_WFV3_E122.4_N37.3_20190805_L2A0004161911,WFV3,2019-08-05
GF1_WFV3_E122.4_N37.3_20190805_L2A0004161911_11776_9216.png,1,2,0,0.787109375,0.6103515625,0.0390625,0.037109375,393.0,303.0,20.0,19.0,413.0,322.0,380.0,27.586228448267445,1.0526315789473684,99.0,False,True,small,GF1_WFV3_E122.4_N37.3_20190805_L2A0004161911,WFV3,2019-08-05
GF1_WFV3_E122.4_N37.3_20190805_L2A0004161911_11776_9728.png,0,1,0,0.9833984375,0.1982421875,0.025390625,0.033203125,497.0,93.0,13.0,17.0,510.0,110.0,221.0,21.400934559032695,1.3076923076923077,2.0,False,True,small,GF1_WFV3_E122.4_N37.3_20190805_L2A0004161911,WFV3,2019-08-05
GF1_WFV3_E122.4_N37.3_20190805_L2A0004161911_12288_11776.png,0,1,0,0.3515625,0.21484375,0.03125,0.0546875,172.0,96.0,16.0,28.0,188.0,124.0,448.0,32.2490309931942,1.75,96.0,False,True,small,GF1_WFV3_E122.4_N37.3_20190805_L2A0004161911,WFV3,2019-08-05
GF1_WFV3_E122.4_N37.3_20190805_L2A0004161911_12288_6144.png,0,1,0,0.6875,0.513671875,0.04296875,0.0625,341.0,247.0,22.0,32.0,363.0,279.0,704.0,38.8329756778952,1.4545454545454546,149.0,False,True,small,GF1_WFV3_E122.4_N37.3_20190805_L2A0004161911,WFV3,2019-08-05
GF1_WFV3_E122.4_N37.3_20190805_L2A0004161911_12288_6656.png,0,1,0,0.11328125,0.6748046875,0.078125,0.123046875,38.0,314.0,40.0,63.0,78.0,377.0,2520.0,74.62573282722254,1.575,38.0,False,True,medium,GF1_WFV3_E122.4_N37.3_20190805_L2A0004161911,WFV3,2019-08-05
GF1_WFV3_E122.4_N37.3_20190805_L2A0004161911_12288_7680.png,0,1,0,0.607421875,0.05859375,0.0390625,0.0546875,301.0,16.0,20.0,28.0,321.0,44.0,560.0,34.40930106817051,1.4,16.0,False,True,small,GF1_WFV3_E122.4_N37.3_20190805_L2A0004161911,WFV3,2019-08-05
GF1_WFV3_E122.4_N37.3_20190805_L2A0004161911_12288_9728.png,0,1,0,0.39453125,0.0556640625,0.0390625,0.064453125,192.0,12.0,20.0,33.0,212.0,45.0,660.0,38.58756276314948,1.65,12.0,False,True,small,GF1_WFV3_E122.4_N37.3_20190805_L2A0004161911,WFV3,2019-08-05
GF1_WFV3_E122.4_N37.3_20190805_L2A0004161911_12800_10240.png,0,1,0,0.04296875,0.7763671875,0.0625,0.052734375,6.0,384.0,32.0,27.0,38.0,411.0,864.0,41.86884283091664,1.1851851851851851,6.0,False,True,small,GF1_WFV3_E122.4_N37.3_20190805_L2A0004161911,WFV3,2019-08-05
GF1_WFV3_E122.4_N37.3_20190805_L2A0004161911_12800_7168.png,0,1,0,0.7685546875,0.26953125,0.048828125,0.06640625,381.0,121.0,25.0,34.0,406.0,155.0,850.0,42.20189569201838,1.36,106.0,False,True,small,GF1_WFV3_E122.4_N37.3_20190805_L2A0004161911,WFV3,2019-08-05
GF1_WFV3_E122.4_N37.3_20190805_L2A0004161911_12910_7168.png,0,1,0,0.55078125,0.275390625,0.0546875,0.0625,268.0,125.0,28.0,32.0,296.0,157.0,896.0,42.5205832509386,1.1428571428571428,125.0,False,True,small,GF1_WFV3_E122.4_N37.3_20190805_L2A0004161911,WFV3,2019-08-05
GF1_WFV3_E122.4_N37.3_20190805_L2A0004161911_13422_7680.png,0,1,0,0.240234375,0.794921875,0.03125,0.046875,115.0,395.0,16.0,24.0,131.0,419.0,384.0,28.844410203711913,1.5,93.0,False,True,small,GF1_WFV3_E122.4_N37.3_20190805_L2A0004161911,WFV3,2019-08-05
GF1_WFV3_E122.4_N37.3_20190805_L2A0004161911_3072_13312.png,0,1,0,0.5693359375,0.3720703125,0.029296875,0.021484375,284.0,185.0,15.0,11.0,299.0,196.0,165.0,18.601075237738275,1.3636363636363635,185.0,False,True,small,GF1_WFV3_E122.4_N37.3_20190805_L2A0004161911,WFV3,2019-08-05
GF1_WFV3_E122.4_N37.3_20190805_L2A0004161911_3584_3584.png,0,1,0,0.986328125,0.740234375,0.0234375,0.01953125,499.0,374.0,12.0,10.0,511.0,384.0,120.0,15.620499351813308,1.2,1.0,False,True,small,GF1_WFV3_E122.4_N37.3_20190805_L2A0004161911,WFV3,2019-08-05
GF1_WFV3_E122.4_N37.3_20190805_L2A0004161911_4096_1536.png,0,1,0,0.1689453125,0.5615234375,0.041015625,0.029296875,76.0,280.0,21.0,15.0,97.0,295.0,315.0,25.80697580112788,1.4,76.0,False,True,small,GF1_WFV3_E122.4_N37.3_20190805_L2A0004161911,WFV3,2019-08-05
GF1_WFV3_E122.4_N37.3_20190805_L2A0004161911_4096_1536.png,1,2,0,0.3037109375,0.4580078125,0.021484375,0.017578125,150.0,230.0,11.0,9.0,161.0,239.0,99.0,14.212670403551895,1.2222222222222223,150.0,False,True,small,GF1_WFV3_E122.4_N37.3_20190805_L2A0004161911,WFV3,2019-08-05
GF1_WFV3_E122.4_N37.3_20190805_L2A0004161911_4096_3584.png,0,1,0,0.162109375,0.705078125,0.0390625,0.02734375,73.0,354.0,20.0,14.0,93.0,368.0,280.0,24.413111231467404,1.4285714285714286,73.0,False,True,small,GF1_WFV3_E122.4_N37.3_20190805_L2A0004161911,WFV3,2019-08-05
GF1_WFV3_E122.4_N37.3_20190805_L2A0004161911_4096_4096.png,0,1,0,0.794921875,0.7236328125,0.0390625,0.037109375,397.0,361.0,20.0,19.0,417.0,380.0,380.0,27.586228448267445,1.0526315789473684,95.0,False,True,small,GF1_WFV3_E122.4_N37.3_20190805_L2A0004161911,WFV3,2019-08-05
GF1_WFV3_E122.4_N37.3_20190805_L2A0004161911_4096_4608.png,0,1,0,0.80859375,0.0078125,0.0390625,0.015625,404.0,0.0,20.0,8.0,424.0,8.0,160.0,21.540659228538015,2.5,0.0,True,True,small,GF1_WFV3_E122.4_N37.3_20190805_L2A0004161911,WFV3,2019-08-05
GF1_WFV3_E122.4_N37.3_20190805_L2A0004161911_4096_512.png,0,1,0,0.6904296875,0.974609375,0.048828125,0.03515625,341.0,490.0,25.0,18.0,366.0,508.0,450.0,30.805843601498726,1.3888888888888888,4.0,False,True,small,GF1_WFV3_E122.4_N37.3_20190805_L2A0004161911,WFV3,2019-08-05
GF1_WFV3_E122.4_N37.3_20190805_L2A0004161911_4608_4096.png,0,1,0,0.5234375,0.279296875,0.03515625,0.03125,259.0,135.0,18.0,16.0,277.0,151.0,288.0,24.08318915758459,1.125,135.0,False,True,small,GF1_WFV3_E122.4_N37.3_20190805_L2A0004161911,WFV3,2019-08-05
GF1_WFV3_E122.4_N37.3_20190805_L2A0004161911_4608_4096.png,1,2,0,0.34765625,0.3544921875,0.0625,0.025390625,162.0,175.0,32.0,13.0,194.0,188.0,416.0,34.539832078341085,2.4615384615384617,162.0,False,True,small,GF1_WFV3_E122.4_N37.3_20190805_L2A0004161911,WFV3,2019-08-05
GF1_WFV3_E122.4_N37.3_20190805_L2A0004161911_5120_2048.png,0,1,0,0.197265625,0.892578125,0.04296875,0.0390625,90.0,447.0,22.0,20.0,112.0,467.0,440.0,29.732137494637012,1.1,45.0,False,True,small,GF1_WFV3_E122.4_N37.3_20190805_L2A0004161911,WFV3,2019-08-05
GF1_WFV3_E122.4_N37.3_20190805_L2A0004161911_5120_2560.png,0,1,0,0.5185546875,0.1728515625,0.029296875,0.029296875,258.0,81.0,15.0,15.0,273.0,96.0,225.0,21.213203435596427,1.0,81.0,False,True,small,GF1_WFV3_E122.4_N37.3_20190805_L2A0004161911,WFV3,2019-08-05
GF1_WFV3_E122.4_N37.3_20190805_L2A0004161911_5120_4096.png,0,1,0,0.373046875,0.6591796875,0.06640625,0.037109375,174.0,328.0,34.0,19.0,208.0,347.0,646.0,38.948684188300895,1.7894736842105263,165.0,False,True,small,GF1_WFV3_E122.4_N37.3_20190805_L2A0004161911,WFV3,2019-08-05
GF1_WFV3_E122.4_N37.3_20190805_L2A0004161911_5120_4096.png,1,2,0,0.3935546875,0.796875,0.060546875,0.03515625,186.0,399.0,31.0,18.0,217.0,417.0,558.0,35.84689665786984,1.7222222222222223,95.0,False,True,small,GF1_WFV3_E122.4_N37.3_20190805_L2A0004161911,WFV3,2019-08-05
GF1_WFV3_E122.4_N37.3_20190805_L2A0004161911_5120_4096.png,2,3,0,0.548828125,0.580078125,0.02734375,0.0234375,274.0,291.0,14.0,12.0,288.0,303.0,168.0,18.439088914585774,1.1666666666666667,209.0,False,True,small,GF1_WFV3_E122.4_N37.3_20190805_L2A0004161911,WFV3,2019-08-05
GF1_WFV3_E122.4_N37.3_20190805_L2A0004161911_5120_4096.png,3,4,0,0.5554607508532423,0.32020725388601035,0.03412969283276457,0.033160621761658016,275.65870307167233,155.45699481865284,17.47440273037546,16.978238341968904,293.1331058020478,172.43523316062175,296.6845744398667,24.36422229376625,1.029223549488057,155.45699481865284,False,True,small,GF1_WFV3_E122.4_N37.3_20190805_L2A0004161911,WFV3,2019-08-05
GF1_WFV3_E122.4_N37.3_20190805_L2A0004161911_5120_4608.png,0,1,0,0.369140625,0.2421875,0.046875,0.02734375,177.0,117.0,24.0,14.0,201.0,131.0,336.0,27.784887978899608,1.7142857142857142,117.0,False,True,small,GF1_WFV3_E122.4_N37.3_20190805_L2A0004161911,WFV3,2019-08-05
GF1_WFV3_E122.4_N37.3_20190805_L2A0004161911_5120_4608.png,1,2,0,0.048208191126279866,0.16424870466321245,0.034982935153583625,0.027979274611398958,15.726962457337883,76.93264248704665,17.911262798634816,14.325388601036266,33.6382252559727,91.25803108808292,256.5857999257281,22.93534594490476,1.250316015674378,15.726962457337883,False,True,small,GF1_WFV3_E122.4_N37.3_20190805_L2A0004161911,WFV3,2019-08-05
GF1_WFV3_E122.4_N37.3_20190805_L2A0004161911_5632_3072.png,0,1,0,0.53125,0.9658203125,0.02734375,0.025390625,265.0,488.0,14.0,13.0,279.0,501.0,182.0,19.1049731745428,1.0769230769230769,11.0,False,True,small,GF1_WFV3_E122.4_N37.3_20190805_L2A0004161911,WFV3,2019-08-05
GF1_WFV3_E122.4_N37.3_20190805_L2A0004161911_5632_3072.png,1,2,0,0.8421501706484642,0.36994818652849737,0.030716723549488067,0.03523316062176168,423.3174061433447,180.39378238341965,15.72696245733789,18.039378238341982,439.0443686006826,198.43316062176163,283.7046243081225,23.932332008404064,1.1470351180195744,72.95563139931738,False,True,small,GF1_WFV3_E122.4_N37.3_20190805_L2A0004161911,WFV3,2019-08-05
GF1_WFV3_E122.4_N37.3_20190805_L2A0004161911_5632_3584.png,0,1,0,0.8984375,0.5654296875,0.02734375,0.029296875,453.0,282.0,14.0,15.0,467.0,297.0,210.0,20.518284528683193,1.0714285714285714,45.0,False,True,small,GF1_WFV3_E122.4_N37.3_20190805_L2A0004161911,WFV3,2019-08-05
GF1_WFV3_E122.4_N37.3_20190805_L2A0004161911_5632_3584.png,1,2,0,0.7325085324232082,0.19067357512953367,0.024744027303754246,0.024870466321243512,368.70989761092153,91.2580310880829,12.668941979522174,12.733678756476678,381.3788395904437,103.99170984455958,161.3222373516771,17.962423710447446,1.0051098802930145,91.2580310880829,False,True,small,GF1_WFV3_E122.4_N37.3_20190805_L2A0004161911,WFV3,2019-08-05
GF1_WFV3_E122.4_N37.3_20190805_L2A0004161911_5632_4096.png,0,1,0,0.0927734375,0.7109375,0.048828125,0.0234375,35.0,358.0,25.0,12.0,60.0,370.0,300.0,27.730849247724095,2.0833333333333335,35.0,False,True,small,GF1_WFV3_E122.4_N37.3_20190805_L2A0004161911,WFV3,2019-08-05
GF1_WFV3_E122.4_N37.3_20190805_L2A0004161911_5632_4096.png,1,2,0,0.125,0.904296875,0.046875,0.02734375,52.0,456.0,24.0,14.0,76.0,470.0,336.0,27.784887978899608,1.7142857142857142,42.0,False,True,small,GF1_WFV3_E122.4_N37.3_20190805_L2A0004161911,WFV3,2019-08-05
GF1_WFV3_E122.4_N37.3_20190805_L2A0004161911_5632_4096.png,2,3,0,0.9266211604095563,0.483419689119171,0.022184300341296925,0.023834196891191706,468.75085324232083,241.40932642487047,11.358361774744026,12.203108808290153,480.10921501706486,253.61243523316062,138.607324621125,16.671180125981934,1.0743722598644878,31.890784982935145,False,True,small,GF1_WFV3_E122.4_N37.3_20190805_L2A0004161911,WFV3,2019-08-05
GF1_WFV3_E122.4_N37.3_20190805_L2A0004161911_6144_3584.png,0,1,0,0.21484375,0.9169921875,0.03125,0.064453125,102.0,453.0,16.0,33.0,118.0,486.0,528.0,36.6742416417845,2.0625,26.0,False,True,small,GF1_WFV3_E122.4_N37.3_20190805_L2A0004161911,WFV3,2019-08-05
GF1_WFV3_E122.4_N37.3_20190805_L2A0004161911_6144_4096.png,0,1,0,0.8583984375,0.1064453125,0.033203125,0.029296875,431.0,47.0,17.0,15.0,448.0,62.0,255.0,22.67156809750927,1.1333333333333333,47.0,False,True,small,GF1_WFV3_E122.4_N37.3_20190805_L2A0004161911,WFV3,2019-08-05
GF1_WFV3_E122.4_N37.3_20190805_L2A0004161911_6144_4608.png,0,1,0,0.2958984375,0.1220703125,0.083984375,0.056640625,130.0,48.0,43.0,29.0,173.0,77.0,1247.0,51.86520991955976,1.4827586206896552,48.0,False,True,medium,GF1_WFV3_E122.4_N37.3_20190805_L2A0004161911,WFV3,2019-08-05
GF1_WFV3_E122.4_N37.3_20190805_L2A0004161911_6144_4608.png,1,2,0,0.3349609375,0.291015625,0.068359375,0.05078125,154.0,136.0,35.0,26.0,189.0,162.0,910.0,43.60045871318328,1.3461538461538463,136.0,False,True,small,GF1_WFV3_E122.4_N37.3_20190805_L2A0004161911,WFV3,2019-08-05
GF1_WFV3_E122.4_N37.3_20190805_L2A0004161911_6144_5120.png,0,1,0,0.701171875,0.1064453125,0.0546875,0.029296875,345.0,47.0,28.0,15.0,373.0,62.0,420.0,31.76476034853718,1.8666666666666667,47.0,False,True,small,GF1_WFV3_E122.4_N37.3_20190805_L2A0004161911,WFV3,2019-08-05
GF1_WFV3_E122.4_N37.3_20190805_L2A0004161911_6144_5632.png,0,1,0,0.447098976109215,0.8051813471502591,0.023890784982935176,0.024870466321243456,222.79863481228668,405.8860103626944,12.23208191126281,12.73367875647665,235.0307167235495,418.619689119171,155.75940158092953,17.657021338747583,1.0410066617320466,93.38031088082897,False,True,small,GF1_WFV3_E122.4_N37.3_20190805_L2A0004161911,WFV3,2019-08-05
GF1_WFV3_E122.4_N37.3_20190805_L2A0004161911_6144_5632.png,1,2,0,0.20861774744027306,0.9813471502590674,0.01621160409556313,0.016580310880829008,102.66211604095565,498.2051813471503,8.300341296928323,8.489119170984452,110.96245733788398,506.69430051813475,70.46258642946817,11.872691773337229,1.0227433869648215,5.305699481865247,False,True,small,GF1_WFV3_E122.4_N37.3_20190805_L2A0004161911,WFV3,2019-08-05
GF1_WFV3_E122.4_N37.3_20190805_L2A0004161911_6144_5632.png,2,3,0,0.01621160409556314,0.9103626943005181,0.020477815699658702,0.01968911917098437,3.0580204778157007,461.0652849740933,10.484641638225256,10.080829015543998,13.542662116040956,471.1461139896373,105.69387964420191,14.544786829742144,1.0400574815879333,3.0580204778157007,False,True,small,GF1_WFV3_E122.4_N37.3_20190805_L2A0004161911,WFV3,2019-08-05
GF1_WFV3_E122.4_N37.3_20190805_L2A0004161911_6144_5632.png,3,4,0,0.3886518771331058,0.9849740932642487,0.0247440273037543,0.01968911917098448,192.65529010238907,499.2663212435233,12.668941979522202,10.080829015544055,205.32423208191128,509.34715025906735,127.71343790341155,16.190281174863358,1.2567361235854142,2.652849740932652,False,True,small,GF1_WFV3_E122.4_N37.3_20190805_L2A0004161911,WFV3,2019-08-05
GF1_WFV3_E122.4_N37.3_20190805_L2A0004161911_6144_5632.png,4,5,0,0.10025597269624573,0.49222797927461137,0.014505119453924922,0.01450777202072534,47.617747440273035,248.30673575129532,7.42662116040956,7.427979274611374,55.044368600682596,255.7347150259067,55.16478805991249,10.503788743320152,1.0001828710758875,47.617747440273035,False,True,small,GF1_WFV3_E122.4_N37.3_20190805_L2A0004161911,WFV3,2019-08-05
GF1_WFV3_E122.4_N37.3_20190805_L2A0004161911_6656_4608.png,0,1,0,0.5934300341296929,0.29481865284974096,0.060580204778156954,0.0383419689119171,288.32764505119457,141.1316062176166,31.01706484641636,19.631088082901556,319.3447098976109,160.76269430051815,608.898732073069,36.70746424101557,1.5799972327276068,141.1316062176166,False,True,small,GF1_WFV3_E122.4_N37.3_20190805_L2A0004161911,WFV3,2019-08-05
GF1_WFV3_E122.4_N37.3_20190805_L2A0004161911_6656_4608.png,1,2,0,0.7649317406143344,0.4906735751295337,0.04180887372013653,0.025906735751295262,380.9419795221843,244.59274611398968,21.406143344709903,13.264248704663174,402.3481228668942,257.8569948186529,283.93640913190256,25.182598487714227,1.6138225255972747,109.65187713310581,False,True,small,GF1_WFV3_E122.4_N37.3_20190805_L2A0004161911,WFV3,2019-08-05
GF1_WFV3_E122.4_N37.3_20190805_L2A0004161911_6656_5632.png,0,1,0,0.6787109375,0.2958984375,0.037109375,0.029296875,338.0,144.0,19.0,15.0,357.0,159.0,285.0,24.20743687382041,1.2666666666666666,144.0,False,True,small,GF1_WFV3_E122.4_N37.3_20190805_L2A0004161911,WFV3,2019-08-05
GF1_WFV3_E122.4_N37.3_20190805_L2A0004161911_6656_5632.png,1,2,0,0.5546875,0.5068359375,0.05078125,0.033203125,271.0,251.0,26.0,17.0,297.0,268.0,442.0,31.064449134018133,1.5294117647058822,215.0,False,True,small,GF1_WFV3_E122.4_N37.3_20190805_L2A0004161911,WFV3,2019-08-05
GF1_WFV3_E122.4_N37.3_20190805_L2A0004161911_6656_5632.png,2,3,0,0.47265625,0.3251953125,0.03125,0.029296875,234.0,159.0,16.0,15.0,250.0,174.0,240.0,21.93171219946131,1.0666666666666667,159.0,False,True,small,GF1_WFV3_E122.4_N37.3_20190805_L2A0004161911,WFV3,2019-08-05
GF1_WFV3_E122.4_N37.3_20190805_L2A0004161911_6656_5632.png,3,4,0,0.295221843003413,0.599481865284974,0.030716723549488067,0.02797927461139904,143.2901023890785,299.77202072538853,15.72696245733789,14.325388601036309,159.0170648464164,314.09740932642484,225.29484871527418,21.273319127611856,1.0978384527872558,143.2901023890785,False,True,small,GF1_WFV3_E122.4_N37.3_20190805_L2A0004161911,WFV3,2019-08-05
GF1_WFV3_E122.4_N37.3_20190805_L2A0004161911_7168_3072.png,0,1,0,0.1826171875,0.7919921875,0.048828125,0.052734375,81.0,392.0,25.0,27.0,106.0,419.0,675.0,36.796738985948195,1.08,81.0,False,True,small,GF1_WFV3_E122.4_N37.3_20190805_L2A0004161911,WFV3,2019-08-05
GF1_WFV3_E122.4_N37.3_20190805_L2A0004161911_7168_3584.png,0,1,0,0.3076171875,0.16796875,0.076171875,0.0546875,138.0,72.0,39.0,28.0,177.0,100.0,1092.0,48.010415536631214,1.3928571428571428,72.0,False,True,medium,GF1_WFV3_E122.4_N37.3_20190805_L2A0004161911,WFV3,2019-08-05
GF1_WFV3_E122.4_N37.3_20190805_L2A0004161911_7168_4096.png,0,1,0,0.5087890625,0.291015625,0.048828125,0.03515625,248.0,140.0,25.0,18.0,273.0,158.0,450.0,30.805843601498726,1.3888888888888888,140.0,False,True,small,GF1_WFV3_E122.4_N37.3_20190805_L2A0004161911,WFV3,2019-08-05
GF1_WFV3_E122.4_N37.3_20190805_L2A0004161911_7168_4096.png,1,2,0,0.1181640625,0.4091796875,0.048828125,0.048828125,48.0,197.0,25.0,25.0,73.0,222.0,625.0,35.35533905932738,1.0,48.0,False,True,small,GF1_WFV3_E122.4_N37.3_20190805_L2A0004161911,WFV3,2019-08-05
GF1_WFV3_E122.4_N37.3_20190805_L2A0004161911_7168_4608.png,0,1,0,0.2265625,0.1533203125,0.0625,0.064453125,100.0,62.0,32.0,33.0,132.0,95.0,1056.0,45.967379738244816,1.03125,62.0,False,True,medium,GF1_WFV3_E122.4_N37.3_20190805_L2A0004161911,WFV3,2019-08-05
GF1_WFV3_E122.4_N37.3_20190805_L2A0004161911_7680_11264.png,0,1,0,0.5966796875,0.123046875,0.033203125,0.0390625,297.0,53.0,17.0,20.0,314.0,73.0,340.0,26.248809496813376,1.1764705882352942,53.0,False,True,small,GF1_WFV3_E122.4_N37.3_20190805_L2A0004161911,WFV3,2019-08-05
GF1_WFV3_E122.4_N37.3_20190805_L2A0004161911_7680_11264.png,1,2,0,0.8671875,0.84375,0.0390625,0.0390625,434.0,422.0,20.0,20.0,454.0,442.0,400.0,28.284271247461902,1.0,58.0,False,True,small,GF1_WFV3_E122.4_N37.3_20190805_L2A0004161911,WFV3,2019-08-05
GF1_WFV3_E122.4_N37.3_20190805_L2A0004161911_7680_3584.png,0,1,0,0.16015625,0.337890625,0.0625,0.05078125,66.0,160.0,32.0,26.0,98.0,186.0,832.0,41.23105625617661,1.2307692307692308,66.0,False,True,small,GF1_WFV3_E122.4_N37.3_20190805_L2A0004161911,WFV3,2019-08-05
GF1_WFV3_E122.4_N37.3_20190805_L2A0004161911_7680_4096.png,0,1,0,0.3408203125,0.865234375,0.064453125,0.0546875,158.0,429.0,33.0,28.0,191.0,457.0,924.0,43.278170016764804,1.1785714285714286,55.0,False,True,small,GF1_WFV3_E122.4_N37.3_20190805_L2A0004161911,WFV3,2019-08-05
GF1_WFV3_E122.4_N37.3_20190805_L2A0004161911_7680_4608.png,0,1,0,0.212890625,0.341796875,0.05078125,0.04296875,96.0,164.0,26.0,22.0,122.0,186.0,572.0,34.058772731852805,1.1818181818181819,96.0,False,True,small,GF1_WFV3_E122.4_N37.3_20190805_L2A0004161911,WFV3,2019-08-05
GF1_WFV3_E122.4_N37.3_20190805_L2A0004161911_7680_4608.png,1,2,0,0.05859375,0.6484375,0.046875,0.03515625,18.0,323.0,24.0,18.0,42.0,341.0,432.0,30.0,1.3333333333333333,18.0,False,True,small,GF1_WFV3_E122.4_N37.3_20190805_L2A0004161911,WFV3,2019-08-05
GF1_WFV3_E122.4_N37.3_20190805_L2A0004161911_7680_5120.png,0,1,0,0.2802734375,0.0439453125,0.080078125,0.041015625,123.0,12.0,41.0,21.0,164.0,33.0,861.0,46.06517122512408,1.9523809523809523,12.0,False,True,small,GF1_WFV3_E122.4_N37.3_20190805_L2A0004161911,WFV3,2019-08-05
GF1_WFV3_E122.4_N37.3_20190805_L2A0004161911_7680_5120.png,1,2,0,0.7380546075085324,0.38341968911917096,0.025597269624573316,0.031088082901554404,371.3310580204778,188.3523316062176,13.105802047781538,15.917098445595855,384.43686006825936,204.26943005181346,208.60634140303048,20.61834305278736,1.2145077720207285,127.56313993174064,False,True,small,GF1_WFV3_E122.4_N37.3_20190805_L2A0004161911,WFV3,2019-08-05
GF1_WFV3_E122.4_N37.3_20190805_L2A0004161911_8192_1024.png,0,1,0,0.513671875,0.6142578125,0.03515625,0.052734375,254.0,301.0,18.0,27.0,272.0,328.0,486.0,32.449961479175904,1.5,184.0,False,True,small,GF1_WFV3_E122.4_N37.3_20190805_L2A0004161911,WFV3,2019-08-05
GF1_WFV3_E122.4_N37.3_20190805_L2A0004161911_8192_11264.png,0,1,0,0.9638671875,0.4326171875,0.037109375,0.037109375,484.0,212.0,19.0,19.0,503.0,231.0,361.0,26.870057685088806,1.0,9.0,False,True,small,GF1_WFV3_E122.4_N37.3_20190805_L2A0004161911,WFV3,2019-08-05
GF1_WFV3_E122.4_N37.3_20190805_L2A0004161911_8192_11264.png,1,2,0,0.4326171875,0.962890625,0.029296875,0.03515625,214.0,484.0,15.0,18.0,229.0,502.0,270.0,23.430749027719962,1.2,10.0,False,True,small,GF1_WFV3_E122.4_N37.3_20190805_L2A0004161911,WFV3,2019-08-05
GF1_WFV3_E122.4_N37.3_20190805_L2A0004161911_8192_12800.png,0,1,0,0.4072265625,0.7431640625,0.029296875,0.029296875,201.0,373.0,15.0,15.0,216.0,388.0,225.0,21.213203435596427,1.0,124.0,False,True,small,GF1_WFV3_E122.4_N37.3_20190805_L2A0004161911,WFV3,2019-08-05
GF1_WFV3_E122.4_N37.3_20190805_L2A0004161911_8192_3072.png,0,1,0,0.13671875,0.13671875,0.046875,0.0390625,58.0,60.0,24.0,20.0,82.0,80.0,480.0,31.240998703626616,1.2,58.0,False,True,small,GF1_WFV3_E122.4_N37.3_20190805_L2A0004161911,WFV3,2019-08-05
GF1_WFV3_E122.4_N37.3_20190805_L2A0004161911_8192_3584.png,0,1,0,0.75,0.4736328125,0.05078125,0.041015625,371.0,232.0,26.0,21.0,397.0,253.0,546.0,33.421549934136806,1.2380952380952381,115.0,False,True,small,GF1_WFV3_E122.4_N37.3_20190805_L2A0004161911,WFV3,2019-08-05
GF1_WFV3_E122.4_N37.3_20190805_L2A0004161911_8192_4096.png,0,1,0,0.2109375,0.515625,0.0390625,0.03125,98.0,256.0,20.0,16.0,118.0,272.0,320.0,25.612496949731394,1.25,98.0,False,True,small,GF1_WFV3_E122.4_N37.3_20190805_L2A0004161911,WFV3,2019-08-05
GF1_WFV3_E122.4_N37.3_20190805_L2A0004161911_8192_5120.png,0,1,0,0.7568359375,0.5439453125,0.044921875,0.052734375,376.0,265.0,23.0,27.0,399.0,292.0,621.0,35.4682957019364,1.173913043478261,113.0,False,True,small,GF1_WFV3_E122.4_N37.3_20190805_L2A0004161911,WFV3,2019-08-05
GF1_WFV3_E122.4_N37.3_20190805_L2A0004161911_8192_5120.png,1,2,0,0.9619140625,0.458984375,0.044921875,0.03515625,481.0,226.0,23.0,18.0,504.0,244.0,414.0,29.206163733020468,1.2777777777777777,8.0,False,True,small,GF1_WFV3_E122.4_N37.3_20190805_L2A0004161911,WFV3,2019-08-05
GF1_WFV3_E122.4_N37.3_20190805_L2A0004161911_8192_5120.png,2,3,0,0.9560546875,0.556640625,0.052734375,0.04296875,476.0,274.0,27.0,22.0,503.0,296.0,594.0,34.828149534535996,1.2272727272727273,9.0,False,True,small,GF1_WFV3_E122.4_N37.3_20190805_L2A0004161911,WFV3,2019-08-05
GF1_WFV3_E122.4_N37.3_20190805_L2A0004161911_8192_8192.png,0,1,0,0.8758532423208192,0.738860103626943,0.04351535836177478,0.033160621761658016,437.2969283276451,369.80725388601036,22.279863481228688,16.978238341968904,459.5767918088738,386.78549222797926,378.27283241082966,28.011656394060147,1.3122600255972714,52.42320819112621,False,True,small,GF1_WFV3_E122.4_N37.3_20190805_L2A0004161911,WFV3,2019-08-05
GF1_WFV3_E122.4_N37.3_20190805_L2A0004161911_8192_8192.png,1,2,0,0.1864334470989761,0.7134715025906736,0.036689419795221834,0.01968911917098448,86.06143344709898,360.25699481865286,18.78498293515358,10.080829015544055,104.84641638225256,370.3378238341969,189.36820102919611,21.318975057789388,1.8634363211783698,86.06143344709898,False,True,small,GF1_WFV3_E122.4_N37.3_20190805_L2A0004161911,WFV3,2019-08-05
GF1_WFV3_E122.4_N37.3_20190805_L2A0004161911_8192_8192.png,2,3,0,0.1877133105802048,0.7310880829015545,0.035836177474402736,0.015544041450777146,86.93515358361776,370.3378238341969,18.3481228668942,7.958549222797899,105.28327645051196,378.2963730569948,146.0244389821212,19.99980296078796,2.3054607508532508,86.93515358361776,False,True,small,GF1_WFV3_E122.4_N37.3_20190805_L2A0004161911,WFV3,2019-08-05
GF1_WFV3_E122.4_N37.3_20190805_L2A0004161911_8704_13824.png,0,1,0,0.6865234375,0.8603515625,0.037109375,0.052734375,342.0,427.0,19.0,27.0,361.0,454.0,513.0,33.015148038438355,1.4210526315789473,58.0,False,True,small,GF1_WFV3_E122.4_N37.3_20190805_L2A0004161911,WFV3,2019-08-05
GF1_WFV3_E122.4_N37.3_20190805_L2A0004161911_8704_2560.png,0,1,0,0.447098976109215,0.14145077720207255,0.040955631399317405,0.04248704663212435,218.43003412969284,61.54611398963731,20.96928327645051,21.75336787564767,239.39931740614335,83.29948186528497,456.15253320129443,30.214563625200466,1.037392055267703,61.54611398963731,False,True,small,GF1_WFV3_E122.4_N37.3_20190805_L2A0004161911,WFV3,2019-08-05
GF1_WFV3_E122.4_N37.3_20190805_L2A0004161911_8704_3584.png,0,1,0,0.8532423208191127,0.2455958549222798,0.0460750853242321,0.03730569948186527,425.06484641638224,116.19481865284976,23.590443686006836,19.100518134715017,448.6552901023891,135.2953367875648,450.58969743054695,30.35356365103177,1.2350682593856666,63.344709897610926,False,True,small,GF1_WFV3_E122.4_N37.3_20190805_L2A0004161911,WFV3,2019-08-05
GF1_WFV3_E122.4_N37.3_20190805_L2A0004161911_8704_4096.png,0,1,0,0.95703125,0.1435546875,0.05078125,0.044921875,477.0,62.0,26.0,23.0,503.0,85.0,598.0,34.713109915419565,1.1304347826086956,9.0,False,True,small,GF1_WFV3_E122.4_N37.3_20190805_L2A0004161911,WFV3,2019-08-05
GF1_WFV3_E122.4_N37.3_20190805_L2A0004161911_8704_4608.png,0,1,0,0.5390625,0.3720703125,0.0390625,0.029296875,266.0,183.0,20.0,15.0,286.0,198.0,300.0,25.0,1.3333333333333333,183.0,False,True,small,GF1_WFV3_E122.4_N37.3_20190805_L2A0004161911,WFV3,2019-08-05
GF1_WFV3_E122.4_N37.3_20190805_L2A0004161911_8704_5120.png,0,1,0,0.53125,0.90625,0.0703125,0.04296875,254.0,453.0,36.0,22.0,290.0,475.0,792.0,42.190046219457976,1.6363636363636365,37.0,False,True,small,GF1_WFV3_E122.4_N37.3_20190805_L2A0004161911,WFV3,2019-08-05
GF1_WFV3_E122.4_N37.3_20190805_L2A0004161911_8704_5632.png,0,1,0,0.3681640625,0.1103515625,0.056640625,0.048828125,174.0,44.0,29.0,25.0,203.0,69.0,725.0,38.28837943815329,1.16,44.0,False,True,small,GF1_WFV3_E122.4_N37.3_20190805_L2A0004161911,WFV3,2019-08-05
GF1_WFV3_E122.4_N37.3_20190805_L2A0004161911_8704_5632.png,1,2,0,0.3890784982935154,0.5487046632124353,0.02730375426621162,0.025906735751295318,192.2184300341297,274.30466321243523,13.97952218430035,13.264248704663203,206.19795221843006,287.56891191709843,185.42785902491642,19.27089344582926,1.0539249146757694,192.2184300341297,False,True,small,GF1_WFV3_E122.4_N37.3_20190805_L2A0004161911,WFV3,2019-08-05
GF1_WFV3_E122.4_N37.3_20190805_L2A0004161911_8704_5632.png,2,3,0,0.9065699658703072,0.989119170984456,0.029863481228668998,0.01761658031088087,456.518771331058,501.91917098445595,15.290102389078527,9.019689119171005,471.80887372013655,510.93886010362695,137.91197014978218,17.752239939652593,1.6951917285685598,1.0611398963730494,False,True,small,GF1_WFV3_E122.4_N37.3_20190805_L2A0004161911,WFV3,2019-08-05
GF1_WFV3_E122.4_N37.3_20190805_L2A0004161911_9216_11264.png,0,1,0,0.1875,0.4140625,0.0390625,0.05078125,86.0,199.0,20.0,26.0,106.0,225.0,520.0,32.802438933713454,1.3,86.0,False,True,small,GF1_WFV3_E122.4_N37.3_20190805_L2A0004161911,WFV3,2019-08-05
GF1_WFV3_E122.4_N37.3_20190805_L2A0004161911_9216_11776.png,0,1,0,0.19921875,0.966796875,0.0390625,0.05078125,92.0,482.0,20.0,26.0,112.0,508.0,520.0,32.802438933713454,1.3,4.0,False,True,small,GF1_WFV3_E122.4_N37.3_20190805_L2A0004161911,WFV3,2019-08-05
GF1_WFV3_E122.4_N37.3_20190805_L2A0004161911_9216_11776.png,1,2,0,0.3671875,0.86328125,0.0234375,0.03515625,182.0,433.0,12.0,18.0,194.0,451.0,216.0,21.633307652783937,1.5,61.0,False,True,small,GF1_WFV3_E122.4_N37.3_20190805_L2A0004161911,WFV3,2019-08-05
GF1_WFV3_E122.4_N37.3_20190805_L2A0004161911_9216_12800.png,0,1,0,0.14291808873720135,0.6740932642487047,0.019624573378839577,0.032124352331606265,68.15017064846415,336.91191709844566,10.047781569965863,16.447668393782408,78.19795221843002,353.35958549222806,165.26257935595692,19.273912681901784,1.6369452579409813,68.15017064846415,False,True,small,GF1_WFV3_E122.4_N37.3_20190805_L2A0004161911,WFV3,2019-08-05
GF1_WFV3_E122.4_N37.3_20190805_L2A0004161911_9216_3584.png,0,1,0,0.7216796875,0.78125,0.056640625,0.0390625,355.0,390.0,29.0,20.0,384.0,410.0,580.0,35.22782990761707,1.45,102.0,False,True,small,GF1_WFV3_E122.4_N37.3_20190805_L2A0004161911,WFV3,2019-08-05
GF1_WFV3_E122.4_N37.3_20190805_L2A0004161911_9216_4608.png,0,1,0,0.1572265625,0.189453125,0.060546875,0.04296875,65.0,86.0,31.0,22.0,96.0,108.0,682.0,38.01315561749642,1.4090909090909092,65.0,False,True,small,GF1_WFV3_E122.4_N37.3_20190805_L2A0004161911,WFV3,2019-08-05
GF1_WFV3_E122.4_N37.3_20190805_L2A0004161911_9216_4608.png,1,2,0,0.27773037542662116,0.7611398963730569,0.017918088737201354,0.025906735751295318,137.61092150170649,383.0715025906735,9.174061433447093,13.264248704663203,146.78498293515358,396.3357512953367,121.68703248510126,16.127730679913427,1.4458425857389585,115.6642487046633,False,True,small,GF1_WFV3_E122.4_N37.3_20190805_L2A0004161911,WFV3,2019-08-05
GF1_WFV3_E122.4_N37.3_20190805_L2A0004161911_9216_5632.png,0,1,0,0.8974609375,0.7958984375,0.033203125,0.060546875,451.0,392.0,17.0,31.0,468.0,423.0,527.0,35.35533905932738,1.8235294117647058,44.0,False,True,small,GF1_WFV3_E122.4_N37.3_20190805_L2A0004161911,WFV3,2019-08-05
GF1_WFV3_E122.4_N37.3_20190805_L2A0004161911_9216_5632.png,1,2,0,0.7412109375,0.66015625,0.033203125,0.03125,371.0,330.0,17.0,16.0,388.0,346.0,272.0,23.345235059857504,1.0625,124.0,False,True,small,GF1_WFV3_E122.4_N37.3_20190805_L2A0004161911,WFV3,2019-08-05
GF1_WFV3_E122.4_N37.3_20190805_L2A0004161911_9216_5632.png,2,3,0,0.6237201365187713,0.4849740932642487,0.04436860068259385,0.029015544041450736,307.9863481228669,240.87875647668392,22.71672354948805,14.855958549222777,330.70307167235495,255.7347150259067,337.4787034253474,27.1431212877239,1.5291321306679688,181.29692832764505,False,True,small,GF1_WFV3_E122.4_N37.3_20190805_L2A0004161911,WFV3,2019-08-05
GF1_WFV3_E122.4_N37.3_20190805_L2A0004161911_9216_6144.png,0,1,0,0.6298828125,0.8828125,0.025390625,0.0390625,316.0,442.0,13.0,20.0,329.0,462.0,260.0,23.853720883753127,1.5384615384615385,50.0,False,True,small,GF1_WFV3_E122.4_N37.3_20190805_L2A0004161911,WFV3,2019-08-05
GF1_WFV3_E122.4_N37.3_20190805_L2A0004161911_9216_6656.png,0,1,0,0.51953125,0.591796875,0.01953125,0.0234375,261.0,297.0,10.0,12.0,271.0,309.0,120.0,15.620499351813308,1.2,203.0,False,True,small,GF1_WFV3_E122.4_N37.3_20190805_L2A0004161911,WFV3,2019-08-05
GF1_WFV3_E122.4_N37.3_20190805_L2A0004161911_9216_7168.png,0,1,0,0.509765625,0.265625,0.02734375,0.0390625,254.0,126.0,14.0,20.0,268.0,146.0,280.0,24.413111231467404,1.4285714285714286,126.0,False,True,small,GF1_WFV3_E122.4_N37.3_20190805_L2A0004161911,WFV3,2019-08-05
GF1_WFV3_E122.4_N37.3_20190805_L2A0004161911_9216_7168.png,1,2,0,0.4287109375,0.2216796875,0.025390625,0.029296875,213.0,106.0,13.0,15.0,226.0,121.0,195.0,19.849433241279208,1.1538461538461537,106.0,False,True,small,GF1_WFV3_E122.4_N37.3_20190805_L2A0004161911,WFV3,2019-08-05
GF1_WFV3_E122.4_N37.3_20190805_L2A0004161911_9216_7168.png,2,3,0,0.5478515625,0.06640625,0.033203125,0.03125,272.0,26.0,17.0,16.0,289.0,42.0,272.0,23.345235059857504,1.0625,26.0,False,True,small,GF1_WFV3_E122.4_N37.3_20190805_L2A0004161911,WFV3,2019-08-05
GF1_WFV3_E122.4_N37.3_20190805_L2A0004161911_9216_7680.png,0,1,0,0.759765625,0.1884765625,0.03125,0.041015625,381.0,86.0,16.0,21.0,397.0,107.0,336.0,26.40075756488817,1.3125,86.0,False,True,small,GF1_WFV3_E122.4_N37.3_20190805_L2A0004161911,WFV3,2019-08-05
GF1_WFV3_E122.4_N37.3_20190805_L2A0004161911_9216_7680.png,1,2,0,0.8759765625,0.552734375,0.033203125,0.0546875,440.0,269.0,17.0,28.0,457.0,297.0,476.0,32.7566787083184,1.6470588235294117,55.0,False,True,small,GF1_WFV3_E122.4_N37.3_20190805_L2A0004161911,WFV3,2019-08-05
GF1_WFV3_E122.4_N37.3_20190805_L2A0004161911_9216_7680.png,2,3,0,0.6181640625,0.6171875,0.033203125,0.05859375,308.0,301.0,17.0,30.0,325.0,331.0,510.0,34.48187929913333,1.7647058823529411,181.0,False,True,small,GF1_WFV3_E122.4_N37.3_20190805_L2A0004161911,WFV3,2019-08-05
GF1_WFV3_E122.4_N37.3_20190805_L2A0004161911_9216_7680.png,3,4,0,0.517578125,0.65234375,0.04296875,0.03125,254.0,326.0,22.0,16.0,276.0,342.0,352.0,27.202941017470888,1.375,170.0,False,True,small,GF1_WFV3_E122.4_N37.3_20190805_L2A0004161911,WFV3,2019-08-05
GF1_WFV3_E122.4_N37.3_20190805_L2A0004161911_9216_7680.png,4,5,0,0.6953125,0.794921875,0.02734375,0.046875,349.0,395.0,14.0,24.0,363.0,419.0,336.0,27.784887978899608,1.7142857142857142,93.0,False,True,small,GF1_WFV3_E122.4_N37.3_20190805_L2A0004161911,WFV3,2019-08-05
GF1_WFV3_E122.4_N37.3_20190805_L2A0004161911_9728_10240.png,0,1,0,0.8359375,0.28125,0.0234375,0.046875,422.0,132.0,12.0,24.0,434.0,156.0,288.0,26.832815729997478,2.0,78.0,False,True,small,GF1_WFV3_E122.4_N37.3_20190805_L2A0004161911,WFV3,2019-08-05
GF1_WFV3_E122.4_N37.3_20190805_L2A0004161911_9728_10752.png,0,1,0,0.8994140625,0.2939453125,0.025390625,0.044921875,454.0,139.0,13.0,23.0,467.0,162.0,299.0,26.419689627245813,1.7692307692307692,45.0,False,True,small,GF1_WFV3_E122.4_N37.3_20190805_L2A0004161911,WFV3,2019-08-05
GF1_WFV3_E122.4_N37.3_20190805_L2A0004161911_9728_10752.png,1,2,0,0.6884765625,0.4013671875,0.037109375,0.064453125,343.0,189.0,19.0,33.0,362.0,222.0,627.0,38.07886552931954,1.736842105263158,150.0,False,True,small,GF1_WFV3_E122.4_N37.3_20190805_L2A0004161911,WFV3,2019-08-05
GF1_WFV3_E122.4_N37.3_20190805_L2A0004161911_9728_10752.png,2,3,0,0.71875,0.63671875,0.02734375,0.046875,361.0,314.0,14.0,24.0,375.0,338.0,336.0,27.784887978899608,1.7142857142857142,137.0,False,True,small,GF1_WFV3_E122.4_N37.3_20190805_L2A0004161911,WFV3,2019-08-05
GF1_WFV3_E122.4_N37.3_20190805_L2A0004161911_9728_10752.png,3,4,0,0.4564846416382252,0.6849740932642487,0.03242320819112626,0.03730569948186535,225.419795221843,341.15647668393785,16.600682593856646,19.10051813471506,242.02047781569965,360.2569948186529,317.0816389326075,25.306371837870277,1.1505863103354268,151.7430051813471,False,True,small,GF1_WFV3_E122.4_N37.3_20190805_L2A0004161911,WFV3,2019-08-05
GF1_WFV3_E122.4_N37.3_20190805_L2A0004161911_9728_11264.png,0,1,0,0.60546875,0.298828125,0.01953125,0.03515625,305.0,144.0,10.0,18.0,315.0,162.0,180.0,20.591260281974,1.8,144.0,False,True,small,GF1_WFV3_E122.4_N37.3_20190805_L2A0004161911,WFV3,2019-08-05
GF1_WFV3_E122.4_N37.3_20190805_L2A0004161911_9728_11776.png,0,1,0,0.609375,0.5888671875,0.03515625,0.048828125,303.0,289.0,18.0,25.0,321.0,314.0,450.0,30.805843601498726,1.3888888888888888,191.0,False,True,small,GF1_WFV3_E122.4_N37.3_20190805_L2A0004161911,WFV3,2019-08-05
GF1_WFV3_E122.4_N37.3_20190805_L2A0004161911_9728_11776.png,1,2,0,0.2363481228668942,0.18549222797927462,0.01877133105802048,0.02694300518134715,116.20477815699658,88.07461139896373,9.610921501706486,13.794818652849742,125.81569965870307,101.86943005181347,132.58091920281527,16.81269858698999,1.4353273669335844,88.07461139896373,False,True,small,GF1_WFV3_E122.4_N37.3_20190805_L2A0004161911,WFV3,2019-08-05
GF1_WFV3_E122.4_N37.3_20190805_L2A0004161911_9728_12800.png,0,1,0,0.05859375,0.72265625,0.03125,0.0625,22.0,354.0,16.0,32.0,38.0,386.0,512.0,35.77708763999664,2.0,22.0,False,True,small,GF1_WFV3_E122.4_N37.3_20190805_L2A0004161911,WFV3,2019-08-05
GF1_WFV3_E122.4_N37.3_20190805_L2A0004161911_9728_12800.png,1,2,0,0.294921875,0.927734375,0.04296875,0.06640625,140.0,458.0,22.0,34.0,162.0,492.0,748.0,40.496913462633174,1.5454545454545454,20.0,False,True,small,GF1_WFV3_E122.4_N37.3_20190805_L2A0004161911,WFV3,2019-08-05
GF1_WFV3_E122.4_N37.3_20190805_L2A0004161911_9728_4096.png,0,1,0,0.677734375,0.0771484375,0.046875,0.037109375,335.0,30.0,24.0,19.0,359.0,49.0,456.0,30.610455730027933,1.263157894736842,30.0,False,True,small,GF1_WFV3_E122.4_N37.3_20190805_L2A0004161911,WFV3,2019-08-05
GF1_WFV3_E122.4_N37.3_20190805_L2A0004161911_9728_4608.png,0,1,0,0.76953125,0.357421875,0.05078125,0.046875,381.0,171.0,26.0,24.0,407.0,195.0,624.0,35.38361202590826,1.0833333333333333,105.0,False,True,small,GF1_WFV3_E122.4_N37.3_20190805_L2A0004161911,WFV3,2019-08-05
GF1_WFV3_E122.4_N37.3_20190805_L2A0004161911_9728_5120.png,0,1,0,0.6328125,0.1064453125,0.0546875,0.048828125,310.0,42.0,28.0,25.0,338.0,67.0,700.0,37.53664875824692,1.12,42.0,False,True,small,GF1_WFV3_E122.4_N37.3_20190805_L2A0004161911,WFV3,2019-08-05
GF1_WFV3_E122.4_N37.3_20190805_L2A0004161911_9728_5120.png,1,2,0,0.7861328125,0.08203125,0.048828125,0.0546875,390.0,28.0,25.0,28.0,415.0,56.0,700.0,37.53664875824692,1.12,28.0,False,True,small,GF1_WFV3_E122.4_N37.3_20190805_L2A0004161911,WFV3,2019-08-05
GF1_WFV3_E122.4_N37.3_20190805_L2A0004161911_9728_5632.png,0,1,0,0.017578125,0.748046875,0.03515625,0.03515625,0.0,374.0,18.0,18.0,18.0,392.0,324.0,25.45584412271571,1.0,0.0,True,True,small,GF1_WFV3_E122.4_N37.3_20190805_L2A0004161911,WFV3,2019-08-05
GF1_WFV3_E122.4_N37.3_20190805_L2A0004161911_9728_6144.png,0,1,0,0.224609375,0.255859375,0.03515625,0.04296875,106.0,120.0,18.0,22.0,124.0,142.0,396.0,28.42534080710379,1.2222222222222223,106.0,False,True,small,GF1_WFV3_E122.4_N37.3_20190805_L2A0004161911,WFV3,2019-08-05
GF1_WFV3_E122.4_N37.3_20190805_L2A0004161911_9728_6144.png,1,2,0,0.1884765625,0.07421875,0.025390625,0.03125,90.0,30.0,13.0,16.0,103.0,46.0,208.0,20.615528128088304,1.2307692307692308,30.0,False,True,small,GF1_WFV3_E122.4_N37.3_20190805_L2A0004161911,WFV3,2019-08-05
GF1_WFV3_E122.4_N37.3_20190805_L2A0004161911_9728_6656.png,0,1,0,0.6748046875,0.208984375,0.029296875,0.046875,338.0,95.0,15.0,24.0,353.0,119.0,360.0,28.30194339616981,1.6,95.0,False,True,small,GF1_WFV3_E122.4_N37.3_20190805_L2A0004161911,WFV3,2019-08-05
GF1_WFV3_E122.4_N37.3_20190805_L2A0004161911_9728_6656.png,1,2,0,0.525390625,0.2138671875,0.0234375,0.033203125,263.0,101.0,12.0,17.0,275.0,118.0,204.0,20.808652046684813,1.4166666666666667,101.0,False,True,small,GF1_WFV3_E122.4_N37.3_20190805_L2A0004161911,WFV3,2019-08-05
GF1_WFV3_E122.4_N37.3_20190805_L2A0004161911_9728_7168.png,0,1,0,0.63671875,0.6337890625,0.02734375,0.068359375,319.0,307.0,14.0,35.0,333.0,342.0,490.0,37.69615364994153,2.5,170.0,False,True,small,GF1_WFV3_E122.4_N37.3_20190805_L2A0004161911,WFV3,2019-08-05
GF1_WFV3_E122.4_N37.3_20190805_L2A0004161911_9728_7168.png,1,2,0,0.72265625,0.3916015625,0.02734375,0.044921875,363.0,189.0,14.0,23.0,377.0,212.0,322.0,26.92582403567252,1.6428571428571428,135.0,False,True,small,GF1_WFV3_E122.4_N37.3_20190805_L2A0004161911,WFV3,2019-08-05
GF1_WFV3_E122.4_N37.3_20190805_L2A0004161911_9728_7168.png,2,3,0,0.6337890625,0.1025390625,0.037109375,0.052734375,315.0,39.0,19.0,27.0,334.0,66.0,513.0,33.015148038438355,1.4210526315789473,39.0,False,True,small,GF1_WFV3_E122.4_N37.3_20190805_L2A0004161911,WFV3,2019-08-05
GF1_WFV3_E122.4_N37.3_20190805_L2A0004161911_9728_7680.png,0,1,0,0.783203125,0.69140625,0.03125,0.05078125,393.0,341.0,16.0,26.0,409.0,367.0,416.0,30.528675044947494,1.625,103.0,False,True,small,GF1_WFV3_E122.4_N37.3_20190805_L2A0004161911,WFV3,2019-08-05
GF1_WFV3_E122.4_N37.3_20190805_L2A0004161911_9728_7680.png,1,2,0,0.65625,0.62890625,0.0390625,0.05078125,326.0,309.0,20.0,26.0,346.0,335.0,520.0,32.802438933713454,1.3,166.0,False,True,small,GF1_WFV3_E122.4_N37.3_20190805_L2A0004161911,WFV3,2019-08-05
GF1_WFV3_E122.4_N37.3_20190805_L2A0004161911_9728_8192.png,0,1,0,0.6113481228668942,0.2606217616580311,0.019624573378839605,0.042487046632124326,307.9863481228669,122.56165803108809,10.047781569965878,21.753367875647655,318.0341296928328,144.31502590673574,218.5730888256203,23.961780576806166,2.16499211534129,122.56165803108809,False,True,small,GF1_WFV3_E122.4_N37.3_20190805_L2A0004161911,WFV3,2019-08-05
GF1_WFV3_E122.4_N37.3_20190805_L2A0004161911_9728_8192.png,1,2,0,0.6936860068259385,0.8772020725388601,0.030716723549487956,0.032124352331606265,347.3037542662116,440.9036269430052,15.726962457337834,16.447668393782408,363.03071672354946,457.3512953367876,258.671863339758,22.7566065951482,1.0458261370178517,54.64870466321241,False,True,small,GF1_WFV3_E122.4_N37.3_20190805_L2A0004161911,WFV3,2019-08-05
GF1_WFV3_E122.4_N37.3_20190805_L2A0004161911_9728_8704.png,0,1,0,0.625,0.39453125,0.04296875,0.07421875,309.0,183.0,22.0,38.0,331.0,221.0,836.0,43.9089968002003,1.7272727272727273,181.0,False,True,small,GF1_WFV3_E122.4_N37.3_20190805_L2A0004161911,WFV3,2019-08-05
GF1_WFV3_E128.3_N25.6_20200602_L2A0004840282_6144_3584.png,0,1,0,0.6357421875,0.96484375,0.056640625,0.05859375,311.0,479.0,29.0,30.0,340.0,509.0,870.0,41.72529209005013,1.0344827586206897,3.0,False,True,small,GF1_WFV3_E128.3_N25.6_20200602_L2A0004840282,WFV3,2020-06-02
GF1_WFV3_E128.3_N25.6_20200602_L2A0004840282_8192_7680.png,0,1,0,0.25,0.9189453125,0.03515625,0.044921875,119.0,459.0,18.0,23.0,137.0,482.0,414.0,29.206163733020468,1.2777777777777777,30.0,False,True,small,GF1_WFV3_E128.3_N25.6_20200602_L2A0004840282,WFV3,2020-06-02
GF1_WFV3_E130.9_N15.5_20200630_L2A0004898205_7680_13312.png,0,1,0,0.861328125,0.6923828125,0.046875,0.056640625,429.0,340.0,24.0,29.0,453.0,369.0,696.0,37.64306044943742,1.2083333333333333,59.0,False,True,small,GF1_WFV3_E130.9_N15.5_20200630_L2A0004898205,WFV3,2020-06-30
GF1_WFV3_E131.3_N17.2_20200630_L2A0004898201_3584_2560.png,0,1,0,0.1044921875,0.4619140625,0.041015625,0.037109375,43.0,227.0,21.0,19.0,64.0,246.0,399.0,28.319604517012593,1.105263157894737,43.0,False,True,small,GF1_WFV3_E131.3_N17.2_20200630_L2A0004898201,WFV3,2020-06-30
GF1_WFV3_E131.3_N17.2_20200630_L2A0004898201_4096_9216.png,0,1,0,0.2685546875,0.7724609375,0.060546875,0.041015625,122.0,385.0,31.0,21.0,153.0,406.0,651.0,37.44329045369811,1.4761904761904763,106.0,False,True,small,GF1_WFV3_E131.3_N17.2_20200630_L2A0004898201,WFV3,2020-06-30
GF1_WFV3_E131.3_N17.2_20200630_L2A0004898201_4608_5120.png,0,1,0,0.15625,0.5673828125,0.0390625,0.044921875,70.0,279.0,20.0,23.0,90.0,302.0,460.0,30.479501308256342,1.15,70.0,False,True,small,GF1_WFV3_E131.3_N17.2_20200630_L2A0004898201,WFV3,2020-06-30
GF1_WFV3_E131.3_N17.2_20200630_L2A0004898201_5120_9216.png,0,1,0,0.2041015625,0.169921875,0.044921875,0.04296875,93.0,76.0,23.0,22.0,116.0,98.0,506.0,31.827660925679098,1.0454545454545454,76.0,False,True,small,GF1_WFV3_E131.3_N17.2_20200630_L2A0004898201,WFV3,2020-06-30
GF1_WFV3_E131.3_N17.2_20200630_L2A0004898201_6656_11264.png,0,1,0,0.873046875,0.982421875,0.03125,0.03515625,439.0,494.0,16.0,18.0,455.0,512.0,288.0,24.08318915758459,1.125,0.0,True,True,small,GF1_WFV3_E131.3_N17.2_20200630_L2A0004898201,WFV3,2020-06-30
GF1_WFV3_E131.3_N17.2_20200630_L2A0004898201_7168_1536.png,0,1,0,0.498046875,0.3876953125,0.0390625,0.052734375,245.0,185.0,20.0,27.0,265.0,212.0,540.0,33.60059523282288,1.35,185.0,False,True,small,GF1_WFV3_E131.3_N17.2_20200630_L2A0004898201,WFV3,2020-06-30
GF1_WFV3_E131.3_N17.2_20200630_L2A0004898201_7168_9216.png,0,1,0,0.890625,0.4345703125,0.03515625,0.029296875,447.0,215.0,18.0,15.0,465.0,230.0,270.0,23.430749027719962,1.2,47.0,False,True,small,GF1_WFV3_E131.3_N17.2_20200630_L2A0004898201,WFV3,2020-06-30
GF1_WFV3_E131.3_N17.2_20200630_L2A0004898201_8192_7680.png,0,1,0,0.1162109375,0.7373046875,0.068359375,0.041015625,42.0,367.0,35.0,21.0,77.0,388.0,735.0,40.8166632639171,1.6666666666666667,42.0,False,True,small,GF1_WFV3_E131.3_N17.2_20200630_L2A0004898201,WFV3,2020-06-30
GF1_WFV3_E131.3_N17.2_20200630_L2A0004898201_9728_11776.png,0,1,0,0.8828125,0.30078125,0.05078125,0.05859375,439.0,139.0,26.0,30.0,465.0,169.0,780.0,39.698866482558415,1.1538461538461537,47.0,False,True,small,GF1_WFV3_E131.3_N17.2_20200630_L2A0004898201,WFV3,2020-06-30
GF1_WFV3_E131.7_N18.9_20200630_L2A0004898210_13312_5632.png,0,1,0,0.515625,0.91796875,0.05859375,0.05859375,249.0,455.0,30.0,30.0,279.0,485.0,900.0,42.42640687119285,1.0,27.0,False,True,small,GF1_WFV3_E131.7_N18.9_20200630_L2A0004898210,WFV3,2020-06-30
GF1_WFV3_E131.7_N18.9_20200630_L2A0004898210_4096_5120.png,0,1,0,0.5947265625,0.7119140625,0.060546875,0.064453125,289.0,348.0,31.0,33.0,320.0,381.0,1023.0,45.27692569068709,1.064516129032258,131.0,False,True,small,GF1_WFV3_E131.7_N18.9_20200630_L2A0004898210,WFV3,2020-06-30
GF1_WFV3_E131.7_N18.9_20200630_L2A0004898210_4608_13312.png,0,1,0,0.7275390625,0.1181640625,0.041015625,0.048828125,362.0,48.0,21.0,25.0,383.0,73.0,525.0,32.64965543462902,1.1904761904761905,48.0,False,True,small,GF1_WFV3_E131.7_N18.9_20200630_L2A0004898210,WFV3,2020-06-30
GF1_WFV4_E109.8_N16.7_20200704_L2A0004904643_10240_12800.png,0,1,0,0.498046875,0.451171875,0.05078125,0.0625,242.0,215.0,26.0,32.0,268.0,247.0,832.0,41.23105625617661,1.2307692307692308,215.0,False,True,small,GF1_WFV4_E109.8_N16.7_20200704_L2A0004904643,WFV4,2020-07-04
GF1_WFV4_E109.8_N16.7_20200704_L2A0004904643_12288_4608.png,0,1,0,0.86328125,0.76953125,0.05078125,0.046875,429.0,382.0,26.0,24.0,455.0,406.0,624.0,35.38361202590826,1.0833333333333333,57.0,False,True,small,GF1_WFV4_E109.8_N16.7_20200704_L2A0004904643,WFV4,2020-07-04
GF1_WFV4_E109.8_N16.7_20200704_L2A0004904643_13312_13824.png,0,1,0,0.123046875,0.6279296875,0.08203125,0.044921875,42.0,310.0,42.0,23.0,84.0,333.0,966.0,47.885279575251516,1.826086956521739,42.0,False,True,small,GF1_WFV4_E109.8_N16.7_20200704_L2A0004904643,WFV4,2020-07-04
GF1_WFV4_E109.8_N16.7_20200704_L2A0004904643_13824_14848.png,0,1,0,0.755859375,0.671875,0.02734375,0.04296875,380.0,333.0,14.0,22.0,394.0,355.0,308.0,26.076809620810597,1.5714285714285714,118.0,False,True,small,GF1_WFV4_E109.8_N16.7_20200704_L2A0004904643,WFV4,2020-07-04
GF1_WFV4_E109.8_N16.7_20200704_L2A0004904643_14848_3072.png,0,1,0,0.8525390625,0.8681640625,0.029296875,0.037109375,429.0,435.0,15.0,19.0,444.0,454.0,285.0,24.20743687382041,1.2666666666666666,58.0,False,True,small,GF1_WFV4_E109.8_N16.7_20200704_L2A0004904643,WFV4,2020-07-04
GF1_WFV4_E109.8_N16.7_20200704_L2A0004904643_1536_12288.png,0,1,0,0.1328125,0.86328125,0.0390625,0.03515625,58.0,433.0,20.0,18.0,78.0,451.0,360.0,26.90724809414742,1.1111111111111112,58.0,False,True,small,GF1_WFV4_E109.8_N16.7_20200704_L2A0004904643,WFV4,2020-07-04
GF1_WFV4_E109.8_N16.7_20200704_L2A0004904643_1536_12800.png,0,1,0,0.4853515625,0.087890625,0.037109375,0.0390625,239.0,35.0,19.0,20.0,258.0,55.0,380.0,27.586228448267445,1.0526315789473684,35.0,False,True,small,GF1_WFV4_E109.8_N16.7_20200704_L2A0004904643,WFV4,2020-07-04
GF1_WFV4_E109.8_N16.7_20200704_L2A0004904643_1536_12800.png,1,2,0,0.921875,0.26953125,0.01953125,0.03515625,467.0,129.0,10.0,18.0,477.0,147.0,180.0,20.591260281974,1.8,35.0,False,True,small,GF1_WFV4_E109.8_N16.7_20200704_L2A0004904643,WFV4,2020-07-04
GF1_WFV4_E109.8_N16.7_20200704_L2A0004904643_17920_13824.png,0,1,0,0.2802734375,0.0302734375,0.064453125,0.060546875,127.0,0.0,33.0,31.0,160.0,31.0,1023.0,45.27692569068709,1.064516129032258,0.0,True,True,small,GF1_WFV4_E109.8_N16.7_20200704_L2A0004904643,WFV4,2020-07-04
GF1_WFV4_E109.8_N16.7_20200704_L2A0004904643_19456_4608.png,0,1,0,0.177734375,0.240234375,0.03125,0.05078125,83.0,110.0,16.0,26.0,99.0,136.0,416.0,30.528675044947494,1.625,83.0,False,True,small,GF1_WFV4_E109.8_N16.7_20200704_L2A0004904643,WFV4,2020-07-04
GF1_WFV4_E109.8_N16.7_20200704_L2A0004904643_19968_5120.png,0,1,0,0.7978515625,0.8740234375,0.068359375,0.072265625,391.0,429.0,35.0,37.0,426.0,466.0,1295.0,50.93132631298737,1.0571428571428572,46.0,False,True,medium,GF1_WFV4_E109.8_N16.7_20200704_L2A0004904643,WFV4,2020-07-04
GF1_WFV4_E109.8_N16.7_20200704_L2A0004904643_20992_12288.png,0,1,0,0.5947265625,0.509765625,0.025390625,0.04296875,298.0,250.0,13.0,22.0,311.0,272.0,286.0,25.553864678361276,1.6923076923076923,201.0,False,True,small,GF1_WFV4_E109.8_N16.7_20200704_L2A0004904643,WFV4,2020-07-04
GF1_WFV4_E109.8_N16.7_20200704_L2A0004904643_4096_12800.png,0,1,0,0.2587890625,0.666015625,0.048828125,0.07421875,120.0,322.0,25.0,38.0,145.0,360.0,950.0,45.48626166217664,1.52,120.0,False,True,small,GF1_WFV4_E109.8_N16.7_20200704_L2A0004904643,WFV4,2020-07-04
GF1_WFV4_E109.8_N16.7_20200704_L2A0004904643_5120_11264.png,0,1,0,0.7490234375,0.1513671875,0.044921875,0.064453125,372.0,61.0,23.0,33.0,395.0,94.0,759.0,40.22437072223753,1.434782608695652,61.0,False,True,small,GF1_WFV4_E109.8_N16.7_20200704_L2A0004904643,WFV4,2020-07-04
GF1_WFV4_E109.8_N16.7_20200704_L2A0004904643_512_11776.png,0,1,0,0.8583984375,0.3369140625,0.056640625,0.041015625,425.0,162.0,29.0,21.0,454.0,183.0,609.0,35.805027579936315,1.380952380952381,58.0,False,True,small,GF1_WFV4_E109.8_N16.7_20200704_L2A0004904643,WFV4,2020-07-04
GF1_WFV4_E109.8_N16.7_20200704_L2A0004904643_6144_12800.png,0,1,0,0.5546875,0.798828125,0.046875,0.05078125,272.0,396.0,24.0,26.0,296.0,422.0,624.0,35.38361202590826,1.0833333333333333,90.0,False,True,small,GF1_WFV4_E109.8_N16.7_20200704_L2A0004904643,WFV4,2020-07-04
GF1_WFV4_E109.8_N16.7_20200704_L2A0004904643_6656_9728.png,0,1,0,0.890625,0.78515625,0.04296875,0.078125,445.0,382.0,22.0,40.0,467.0,422.0,880.0,45.65084884205331,1.8181818181818181,45.0,False,True,small,GF1_WFV4_E109.8_N16.7_20200704_L2A0004904643,WFV4,2020-07-04
GF1_WFV4_E109.8_N16.7_20200704_L2A0004904643_7168_10752.png,0,1,0,0.904296875,0.7861328125,0.046875,0.056640625,451.0,388.0,24.0,29.0,475.0,417.0,696.0,37.64306044943742,1.2083333333333333,37.0,False,True,small,GF1_WFV4_E109.8_N16.7_20200704_L2A0004904643,WFV4,2020-07-04
GF1_WFV4_E109.8_N16.7_20200704_L2A0004904643_8192_12800.png,0,1,0,0.044921875,0.0830078125,0.04296875,0.041015625,12.0,32.0,22.0,21.0,34.0,53.0,462.0,30.4138126514911,1.0476190476190477,12.0,False,True,small,GF1_WFV4_E109.8_N16.7_20200704_L2A0004904643,WFV4,2020-07-04
GF1_WFV4_E109.8_N16.7_20200704_L2A0004904643_8192_3072.png,0,1,0,0.326171875,0.220703125,0.0390625,0.03125,157.0,105.0,20.0,16.0,177.0,121.0,320.0,25.612496949731394,1.25,105.0,False,True,small,GF1_WFV4_E109.8_N16.7_20200704_L2A0004904643,WFV4,2020-07-04
GF1_WFV4_E109.8_N16.7_20200704_L2A0004904643_8192_3072.png,1,2,0,0.4599609375,0.283203125,0.037109375,0.03125,226.0,137.0,19.0,16.0,245.0,153.0,304.0,24.839484696748443,1.1875,137.0,False,True,small,GF1_WFV4_E109.8_N16.7_20200704_L2A0004904643,WFV4,2020-07-04
GF1_WFV4_E109.8_N16.7_20200704_L2A0004904643_8192_3072.png,2,3,0,0.5615234375,0.373046875,0.044921875,0.03125,276.0,183.0,23.0,16.0,299.0,199.0,368.0,28.0178514522438,1.4375,183.0,False,True,small,GF1_WFV4_E109.8_N16.7_20200704_L2A0004904643,WFV4,2020-07-04
GF1_WFV4_E109.8_N16.7_20200704_L2A0004904643_8192_3072.png,3,4,0,0.6259765625,0.47265625,0.044921875,0.04296875,309.0,231.0,23.0,22.0,332.0,253.0,506.0,31.827660925679098,1.0454545454545454,180.0,False,True,small,GF1_WFV4_E109.8_N16.7_20200704_L2A0004904643,WFV4,2020-07-04
GF1_WFV4_E109.8_N16.7_20200704_L2A0004904643_9728_14336.png,0,1,0,0.876953125,0.501953125,0.0390625,0.0703125,439.0,239.0,20.0,36.0,459.0,275.0,720.0,41.182520563948,1.8,53.0,False,True,small,GF1_WFV4_E109.8_N16.7_20200704_L2A0004904643,WFV4,2020-07-04
GF1_WFV4_E110.2_N18.4_20200704_L2A0004904642_11776_6656.png,0,1,0,0.7021484375,0.42578125,0.041015625,0.0390625,349.0,208.0,21.0,20.0,370.0,228.0,420.0,29.0,1.05,142.0,False,True,small,GF1_WFV4_E110.2_N18.4_20200704_L2A0004904642,WFV4,2020-07-04
GF1_WFV4_E110.2_N18.4_20200704_L2A0004904642_12288_14848.png,0,1,0,0.4189453125,0.435546875,0.021484375,0.02734375,209.0,216.0,11.0,14.0,220.0,230.0,154.0,17.804493814764857,1.2727272727272727,209.0,False,True,small,GF1_WFV4_E110.2_N18.4_20200704_L2A0004904642,WFV4,2020-07-04
GF1_WFV4_E110.2_N18.4_20200704_L2A0004904642_12288_7168.png,0,1,0,0.2177734375,0.4794921875,0.033203125,0.033203125,103.0,237.0,17.0,17.0,120.0,254.0,289.0,24.041630560342615,1.0,103.0,False,True,small,GF1_WFV4_E110.2_N18.4_20200704_L2A0004904642,WFV4,2020-07-04
GF1_WFV4_E110.2_N18.4_20200704_L2A0004904642_12800_14336.png,0,1,0,0.7687713310580204,0.9518134715025907,0.04095563139931746,0.0383419689119171,383.12627986348116,477.51295336787564,20.96928327645054,19.631088082901556,404.0955631399317,497.1440414507772,411.6498470353151,28.724387903777302,1.0681671432524689,14.855958549222805,False,True,small,GF1_WFV4_E110.2_N18.4_20200704_L2A0004904642,WFV4,2020-07-04
GF1_WFV4_E110.2_N18.4_20200704_L2A0004904642_12800_6144.png,0,1,0,0.1982421875,0.205078125,0.056640625,0.0625,87.0,89.0,29.0,32.0,116.0,121.0,928.0,43.18564576337837,1.103448275862069,87.0,False,True,small,GF1_WFV4_E110.2_N18.4_20200704_L2A0004904642,WFV4,2020-07-04
GF1_WFV4_E110.2_N18.4_20200704_L2A0004904642_13312_14336.png,0,1,0,0.3515625,0.5654296875,0.02734375,0.021484375,173.0,284.0,14.0,11.0,187.0,295.0,154.0,17.804493814764857,1.2727272727272727,173.0,False,True,small,GF1_WFV4_E110.2_N18.4_20200704_L2A0004904642,WFV4,2020-07-04
GF1_WFV4_E110.2_N18.4_20200704_L2A0004904642_14848_3072.png,0,1,0,0.9453125,0.8564453125,0.05078125,0.048828125,471.0,426.0,26.0,25.0,497.0,451.0,650.0,36.069377593742864,1.04,15.0,False,True,small,GF1_WFV4_E110.2_N18.4_20200704_L2A0004904642,WFV4,2020-07-04
GF1_WFV4_E110.2_N18.4_20200704_L2A0004904642_16384_8704.png,0,1,0,0.55078125,0.9462890625,0.0234375,0.048828125,276.0,472.0,12.0,25.0,288.0,497.0,300.0,27.730849247724095,2.0833333333333335,15.0,False,True,small,GF1_WFV4_E110.2_N18.4_20200704_L2A0004904642,WFV4,2020-07-04
GF1_WFV4_E110.2_N18.4_20200704_L2A0004904642_17920_14336.png,0,1,0,0.0263671875,0.7939453125,0.052734375,0.076171875,0.0,387.0,27.0,39.0,27.0,426.0,1053.0,47.43416490252569,1.4444444444444444,0.0,True,True,medium,GF1_WFV4_E110.2_N18.4_20200704_L2A0004904642,WFV4,2020-07-04
GF1_WFV4_E110.2_N18.4_20200704_L2A0004904642_17920_14848.png,0,1,0,0.1044921875,0.43359375,0.072265625,0.07421875,35.0,203.0,37.0,38.0,72.0,241.0,1406.0,53.03772242470448,1.027027027027027,35.0,False,True,medium,GF1_WFV4_E110.2_N18.4_20200704_L2A0004904642,WFV4,2020-07-04
GF1_WFV4_E110.2_N18.4_20200704_L2A0004904642_21504_8192.png,0,1,0,0.7509765625,0.802734375,0.064453125,0.05078125,368.0,398.0,33.0,26.0,401.0,424.0,858.0,42.01190307520001,1.2692307692307692,88.0,False,True,small,GF1_WFV4_E110.2_N18.4_20200704_L2A0004904642,WFV4,2020-07-04
GF1_WFV4_E110.2_N18.4_20200704_L2A0004904642_21790_8192.png,0,1,0,0.1953125,0.8037109375,0.0703125,0.048828125,82.0,399.0,36.0,25.0,118.0,424.0,900.0,43.829214001622255,1.44,82.0,False,True,small,GF1_WFV4_E110.2_N18.4_20200704_L2A0004904642,WFV4,2020-07-04
GF1_WFV4_E110.2_N18.4_20200704_L2A0004904642_7168_10752.png,0,1,0,0.7965017064846416,0.794300518134715,0.03156996587030714,0.032124352331606154,399.7269624573379,398.4580310880829,16.163822525597254,16.44766839378235,415.89078498293514,414.90569948186527,265.85719287697316,23.06067983019651,1.0175605657470932,96.10921501706486,False,True,small,GF1_WFV4_E110.2_N18.4_20200704_L2A0004904642,WFV4,2020-07-04
GF1_WFV4_E110.2_N18.4_20200704_L2A0004904642_9728_11264.png,0,1,0,0.18359375,0.4765625,0.0234375,0.02734375,88.0,237.0,12.0,14.0,100.0,251.0,168.0,18.439088914585774,1.1666666666666667,88.0,False,True,small,GF1_WFV4_E110.2_N18.4_20200704_L2A0004904642,WFV4,2020-07-04
GF1_WFV4_E114.1_N21.0_20190806_L2A0004164437_10240_3584.png,0,1,0,0.08063139931740615,0.2823834196891192,0.0332764505119454,0.05492227979274611,32.76450511945393,130.520207253886,17.037542662116046,28.120207253886008,49.802047781569975,158.64041450777202,479.09923075562796,32.87892814501299,1.6504849209512416,32.76450511945393,False,True,small,GF1_WFV4_E114.1_N21.0_20190806_L2A0004164437,WFV4,2019-08-06
GF1_WFV4_E114.1_N21.0_20190806_L2A0004164437_10240_5120.png,0,1,0,0.607421875,0.6279296875,0.03515625,0.029296875,302.0,314.0,18.0,15.0,320.0,329.0,270.0,23.430749027719962,1.2,183.0,False,True,small,GF1_WFV4_E114.1_N21.0_20190806_L2A0004164437,WFV4,2019-08-06
GF1_WFV4_E114.1_N21.0_20190806_L2A0004164437_1024_10752.png,0,1,0,0.7236328125,0.146484375,0.029296875,0.03515625,363.0,66.0,15.0,18.0,378.0,84.0,270.0,23.430749027719962,1.2,66.0,False,True,small,GF1_WFV4_E114.1_N21.0_20190806_L2A0004164437,WFV4,2019-08-06
GF1_WFV4_E114.1_N21.0_20190806_L2A0004164437_1024_8704.png,0,1,0,0.9794921875,0.251953125,0.041015625,0.046875,491.0,117.0,21.0,24.0,512.0,141.0,504.0,31.89043743820395,1.1428571428571428,0.0,True,True,small,GF1_WFV4_E114.1_N21.0_20190806_L2A0004164437,WFV4,2019-08-06
GF1_WFV4_E114.1_N21.0_20190806_L2A0004164437_11264_2560.png,0,1,0,0.9228515625,0.5556640625,0.033203125,0.029296875,464.0,277.0,17.0,15.0,481.0,292.0,255.0,22.67156809750927,1.1333333333333333,31.0,False,True,small,GF1_WFV4_E114.1_N21.0_20190806_L2A0004164437,WFV4,2019-08-06
GF1_WFV4_E114.1_N21.0_20190806_L2A0004164437_11776_5120.png,0,1,0,0.642578125,0.8857421875,0.0234375,0.041015625,323.0,443.0,12.0,21.0,335.0,464.0,252.0,24.186773244895647,1.75,48.0,False,True,small,GF1_WFV4_E114.1_N21.0_20190806_L2A0004164437,WFV4,2019-08-06
GF1_WFV4_E114.1_N21.0_20190806_L2A0004164437_11776_8704.png,0,1,0,0.0791015625,0.6650390625,0.037109375,0.029296875,31.0,333.0,19.0,15.0,50.0,348.0,285.0,24.20743687382041,1.2666666666666666,31.0,False,True,small,GF1_WFV4_E114.1_N21.0_20190806_L2A0004164437,WFV4,2019-08-06
GF1_WFV4_E114.1_N21.0_20190806_L2A0004164437_13312_10240.png,0,1,0,0.859375,0.349609375,0.04296875,0.0546875,429.0,165.0,22.0,28.0,451.0,193.0,616.0,35.608987629529715,1.2727272727272727,61.0,False,True,small,GF1_WFV4_E114.1_N21.0_20190806_L2A0004164437,WFV4,2019-08-06
GF1_WFV4_E114.1_N21.0_20190806_L2A0004164437_1536_7168.png,0,1,0,0.1533203125,0.5361328125,0.044921875,0.041015625,67.0,264.0,23.0,21.0,90.0,285.0,483.0,31.144823004794873,1.0952380952380953,67.0,False,True,small,GF1_WFV4_E114.1_N21.0_20190806_L2A0004164437,WFV4,2019-08-06
GF1_WFV4_E114.1_N21.0_20190806_L2A0004164437_1536_8704.png,0,1,0,0.008105802047781569,0.24145077720207253,0.016211604095563138,0.022797927461139927,0.0,117.78652849740931,8.300341296928327,11.672538860103643,8.300341296928327,129.45906735751294,96.88605634051896,14.322842912149929,1.4062721570766314,0.0,True,True,small,GF1_WFV4_E114.1_N21.0_20190806_L2A0004164437,WFV4,2019-08-06
GF1_WFV4_E114.1_N21.0_20190806_L2A0004164437_2048_11776.png,0,1,0,0.7265358361774744,0.9901554404145078,0.03156996587030725,0.01761658031088076,363.90443686006824,502.4497409326425,16.16382252559731,9.019689119170948,380.06825938566556,511.46943005181345,145.79265415834035,18.51010400958076,1.7920598273439186,0.5305699481865531,False,True,small,GF1_WFV4_E114.1_N21.0_20190806_L2A0004164437,WFV4,2019-08-06
GF1_WFV4_E114.1_N21.0_20190806_L2A0004164437_2560_5632.png,0,1,0,0.7978515625,0.1044921875,0.068359375,0.052734375,391.0,40.0,35.0,27.0,426.0,67.0,945.0,44.204072210600685,1.2962962962962963,40.0,False,True,small,GF1_WFV4_E114.1_N21.0_20190806_L2A0004164437,WFV4,2019-08-06
GF1_WFV4_E114.1_N21.0_20190806_L2A0004164437_3072_4096.png,0,1,0,0.361328125,0.2470703125,0.05078125,0.044921875,172.0,115.0,26.0,23.0,198.0,138.0,598.0,34.713109915419565,1.1304347826086956,115.0,False,True,small,GF1_WFV4_E114.1_N21.0_20190806_L2A0004164437,WFV4,2019-08-06
GF1_WFV4_E114.1_N21.0_20190806_L2A0004164437_3072_4096.png,1,2,0,0.0712890625,0.3486328125,0.044921875,0.033203125,25.0,170.0,23.0,17.0,48.0,187.0,391.0,28.600699292150182,1.3529411764705883,25.0,False,True,small,GF1_WFV4_E114.1_N21.0_20190806_L2A0004164437,WFV4,2019-08-06
GF1_WFV4_E114.1_N21.0_20190806_L2A0004164437_3584_4608.png,0,1,0,0.11328125,0.09765625,0.0546875,0.0390625,44.0,40.0,28.0,20.0,72.0,60.0,560.0,34.40930106817051,1.4,40.0,False,True,small,GF1_WFV4_E114.1_N21.0_20190806_L2A0004164437,WFV4,2019-08-06
GF1_WFV4_E114.1_N21.0_20190806_L2A0004164437_3584_6144.png,0,1,0,0.142578125,0.826171875,0.04296875,0.046875,62.0,411.0,22.0,24.0,84.0,435.0,528.0,32.55764119219941,1.0909090909090908,62.0,False,True,small,GF1_WFV4_E114.1_N21.0_20190806_L2A0004164437,WFV4,2019-08-06
GF1_WFV4_E114.1_N21.0_20190806_L2A0004164437_4096_5632.png,0,1,0,0.337890625,0.9453125,0.05078125,0.046875,160.0,472.0,26.0,24.0,186.0,496.0,624.0,35.38361202590826,1.0833333333333333,16.0,False,True,small,GF1_WFV4_E114.1_N21.0_20190806_L2A0004164437,WFV4,2019-08-06
GF1_WFV4_E114.1_N21.0_20190806_L2A0004164437_512_8704.png,0,1,0,0.947265625,0.16015625,0.0546875,0.0546875,471.0,68.0,28.0,28.0,499.0,96.0,784.0,39.59797974644666,1.0,13.0,False,True,small,GF1_WFV4_E114.1_N21.0_20190806_L2A0004164437,WFV4,2019-08-06
GF1_WFV4_E114.1_N21.0_20190806_L2A0004164437_5632_4608.png,0,1,0,0.365234375,0.1796875,0.046875,0.05859375,175.0,77.0,24.0,30.0,199.0,107.0,720.0,38.41874542459709,1.25,77.0,False,True,small,GF1_WFV4_E114.1_N21.0_20190806_L2A0004164437,WFV4,2019-08-06
GF1_WFV4_E114.1_N21.0_20190806_L2A0004164437_6656_6144.png,0,1,0,0.0361328125,0.5634765625,0.048828125,0.048828125,6.0,276.0,25.0,25.0,31.0,301.0,625.0,35.35533905932738,1.0,6.0,False,True,small,GF1_WFV4_E114.1_N21.0_20190806_L2A0004164437,WFV4,2019-08-06
GF1_WFV4_E114.1_N21.0_20190806_L2A0004164437_6656_6144.png,1,2,0,0.3523890784982935,0.07875647668393781,0.06484641638225258,0.06424870466321243,163.8225255972696,23.87564766839378,33.20136518771332,32.895336787564766,197.0238907849829,56.77098445595854,1092.1700896567581,46.73792713305987,1.009303093691512,23.87564766839378,False,True,medium,GF1_WFV4_E114.1_N21.0_20190806_L2A0004164437,WFV4,2019-08-06
GF1_WFV4_E114.1_N21.0_20190806_L2A0004164437_7680_8704.png,0,1,0,0.951171875,0.9775390625,0.0546875,0.041015625,473.0,490.0,28.0,21.0,501.0,511.0,588.0,35.0,1.3333333333333333,1.0,False,True,small,GF1_WFV4_E114.1_N21.0_20190806_L2A0004164437,WFV4,2019-08-06
GF1_WFV4_E114.1_N21.0_20190806_L2A0004164437_8704_9216.png,0,1,0,0.7861328125,0.2626953125,0.048828125,0.056640625,390.0,120.0,25.0,29.0,415.0,149.0,725.0,38.28837943815329,1.16,97.0,False,True,small,GF1_WFV4_E114.1_N21.0_20190806_L2A0004164437,WFV4,2019-08-06
GF1_WFV4_E114.1_N21.0_20190806_L2A0004164437_9216_3072.png,0,1,0,0.556640625,0.18359375,0.02734375,0.02734375,278.0,87.0,14.0,14.0,292.0,101.0,196.0,19.79898987322333,1.0,87.0,False,True,small,GF1_WFV4_E114.1_N21.0_20190806_L2A0004164437,WFV4,2019-08-06
GF1_WFV4_E114.1_N21.0_20190806_L2A0004164437_9216_8704.png,0,1,0,0.0703125,0.822265625,0.03125,0.06640625,28.0,404.0,16.0,34.0,44.0,438.0,544.0,37.57658845611187,2.125,28.0,False,True,small,GF1_WFV4_E114.1_N21.0_20190806_L2A0004164437,WFV4,2019-08-06
GF1_WFV4_E114.1_N21.0_20190806_L2A0004164437_9728_3072.png,0,1,0,0.7919921875,0.3447265625,0.017578125,0.037109375,401.0,167.0,9.0,19.0,410.0,186.0,171.0,21.02379604162864,2.111111111111111,102.0,False,True,small,GF1_WFV4_E114.1_N21.0_20190806_L2A0004164437,WFV4,2019-08-06
GF1_WFV4_E114.4_N21.8_20190806_L2A0004164425_10240_11264.png,0,1,0,0.8186860068259385,0.21658031088082902,0.024744027303754357,0.04766839378238341,412.83276450511937,98.6860103626943,12.66894197952223,24.406217616580307,425.5017064846416,123.09222797927461,309.20095492404926,27.498464488556003,1.9264606038949363,86.4982935153584,False,True,small,GF1_WFV4_E114.4_N21.8_20190806_L2A0004164425,WFV4,2019-08-06
GF1_WFV4_E114.4_N21.8_20190806_L2A0004164425_10240_11264.png,1,2,0,0.5767918088737201,0.23575129533678757,0.03242320819112632,0.03419689119170988,287.01706484641636,111.9502590673575,16.600682593856675,17.508808290155457,303.61774744027304,129.45906735751296,290.65816902155717,24.127598934071173,1.0547041178074719,111.9502590673575,False,True,small,GF1_WFV4_E114.4_N21.8_20190806_L2A0004164425,WFV4,2019-08-06
GF1_WFV4_E114.4_N21.8_20190806_L2A0004164425_10240_14336.png,0,1,0,0.2509765625,0.9853515625,0.041015625,0.029296875,118.0,497.0,21.0,15.0,139.0,512.0,315.0,25.80697580112788,1.4,0.0,True,True,small,GF1_WFV4_E114.4_N21.8_20190806_L2A0004164425,WFV4,2019-08-06
GF1_WFV4_E114.4_N21.8_20190806_L2A0004164425_10240_5632.png,0,1,0,0.6220136518771331,0.19637305699481866,0.03754266211604096,0.048704663212435245,308.8600682593857,88.07461139896373,19.22184300341297,24.936787564766846,328.08191126279866,113.01139896373057,479.33101557940915,31.48527628111538,1.2973151201130477,88.07461139896373,False,True,small,GF1_WFV4_E114.4_N21.8_20190806_L2A0004164425,WFV4,2019-08-06
GF1_WFV4_E114.4_N21.8_20190806_L2A0004164425_10240_8192.png,0,1,0,0.09375,0.8828125,0.03515625,0.03125,39.0,444.0,18.0,16.0,57.0,460.0,288.0,24.08318915758459,1.125,39.0,False,True,small,GF1_WFV4_E114.4_N21.8_20190806_L2A0004164425,WFV4,2019-08-06
GF1_WFV4_E114.4_N21.8_20190806_L2A0004164425_1024_11264.png,0,1,0,0.9677734375,0.4326171875,0.064453125,0.060546875,479.0,206.0,33.0,31.0,512.0,237.0,1023.0,45.27692569068709,1.064516129032258,0.0,True,True,small,GF1_WFV4_E114.4_N21.8_20190806_L2A0004164425,WFV4,2019-08-06
GF1_WFV4_E114.4_N21.8_20190806_L2A0004164425_10752_4096.png,0,1,0,0.537109375,0.7431640625,0.046875,0.033203125,263.0,372.0,24.0,17.0,287.0,389.0,408.0,29.410882339705484,1.411764705882353,123.0,False,True,small,GF1_WFV4_E114.4_N21.8_20190806_L2A0004164425,WFV4,2019-08-06
GF1_WFV4_E114.4_N21.8_20190806_L2A0004164425_11264_4096.png,0,1,0,0.34765625,0.6025390625,0.0390625,0.041015625,168.0,298.0,20.0,21.0,188.0,319.0,420.0,29.0,1.05,168.0,False,True,small,GF1_WFV4_E114.4_N21.8_20190806_L2A0004164425,WFV4,2019-08-06
GF1_WFV4_E114.4_N21.8_20190806_L2A0004164425_11264_4096.png,1,2,0,0.026023890784982937,0.5683937823834198,0.024744027303754267,0.021761658031088094,6.989761092150172,285.4466321243524,12.668941979522184,11.141968911917104,19.658703071672356,296.5886010362695,141.15695768271772,16.871442206125316,1.1370469689582312,6.989761092150172,False,True,small,GF1_WFV4_E114.4_N21.8_20190806_L2A0004164425,WFV4,2019-08-06
GF1_WFV4_E114.4_N21.8_20190806_L2A0004164425_11264_5120.png,0,1,0,0.095703125,0.341796875,0.05078125,0.0390625,36.0,165.0,26.0,20.0,62.0,185.0,520.0,32.802438933713454,1.3,36.0,False,True,small,GF1_WFV4_E114.4_N21.8_20190806_L2A0004164425,WFV4,2019-08-06
GF1_WFV4_E114.4_N21.8_20190806_L2A0004164425_11264_6144.png,0,1,0,0.66015625,0.244140625,0.0703125,0.0390625,320.0,115.0,36.0,20.0,356.0,135.0,720.0,41.182520563948,1.8,115.0,False,True,small,GF1_WFV4_E114.4_N21.8_20190806_L2A0004164425,WFV4,2019-08-06
GF1_WFV4_E114.4_N21.8_20190806_L2A0004164425_11264_7168.png,0,1,0,0.76171875,0.27734375,0.0625,0.03125,374.0,134.0,32.0,16.0,406.0,150.0,512.0,35.77708763999664,2.0,106.0,False,True,small,GF1_WFV4_E114.4_N21.8_20190806_L2A0004164425,WFV4,2019-08-06
GF1_WFV4_E114.4_N21.8_20190806_L2A0004164425_11264_7168.png,1,2,0,0.2994880546075085,0.3461139896373057,0.03242320819112626,0.031088082901554404,145.03754266211604,169.2518134715026,16.600682593856646,15.917098445595855,161.63822525597269,185.16891191709846,264.2346991105058,22.998623556829767,1.0429465301478948,145.03754266211604,False,True,small,GF1_WFV4_E114.4_N21.8_20190806_L2A0004164425,WFV4,2019-08-06
GF1_WFV4_E114.4_N21.8_20190806_L2A0004164425_11264_8192.png,0,1,0,0.2119140625,0.650390625,0.048828125,0.04296875,96.0,322.0,25.0,22.0,121.0,344.0,550.0,33.301651610693426,1.1363636363636365,96.0,False,True,small,GF1_WFV4_E114.4_N21.8_20190806_L2A0004164425,WFV4,2019-08-06
GF1_WFV4_E114.4_N21.8_20190806_L2A0004164425_12288_4608.png,0,1,0,0.03583617747440273,0.34196891191709844,0.032423208191126277,0.020725388601036232,10.04778156996587,169.78238341968913,16.600682593856654,10.61139896373055,26.648464163822524,180.39378238341968,176.1564660736703,19.702397076230017,1.5644197952218457,10.04778156996587,False,True,small,GF1_WFV4_E114.4_N21.8_20190806_L2A0004164425,WFV4,2019-08-06
GF1_WFV4_E114.4_N21.8_20190806_L2A0004164425_12288_6656.png,0,1,0,0.841296928327645,0.4067357512953368,0.029010238907849817,0.032124352331606265,423.31740614334467,200.02487046632123,14.853242320819106,16.447668393782408,438.1706484641638,216.47253886010364,244.30120426532767,22.161782487715207,1.1073453215483107,73.82935153583622,False,True,small,GF1_WFV4_E114.4_N21.8_20190806_L2A0004164425,WFV4,2019-08-06
GF1_WFV4_E114.4_N21.8_20190806_L2A0004164425_13312_4096.png,0,1,0,0.0439453125,0.7666015625,0.068359375,0.052734375,5.0,379.0,35.0,27.0,40.0,406.0,945.0,44.204072210600685,1.2962962962962963,5.0,False,True,small,GF1_WFV4_E114.4_N21.8_20190806_L2A0004164425,WFV4,2019-08-06
GF1_WFV4_E114.4_N21.8_20190806_L2A0004164425_13824_3584.png,0,1,0,0.6416015625,0.7060546875,0.041015625,0.029296875,318.0,354.0,21.0,15.0,339.0,369.0,315.0,25.80697580112788,1.4,143.0,False,True,small,GF1_WFV4_E114.4_N21.8_20190806_L2A0004164425,WFV4,2019-08-06
GF1_WFV4_E114.4_N21.8_20190806_L2A0004164425_13824_3584.png,1,2,0,0.9501953125,0.7822265625,0.033203125,0.037109375,478.0,391.0,17.0,19.0,495.0,410.0,323.0,25.495097567963924,1.1176470588235294,17.0,False,True,small,GF1_WFV4_E114.4_N21.8_20190806_L2A0004164425,WFV4,2019-08-06
GF1_WFV4_E114.4_N21.8_20190806_L2A0004164425_13824_5632.png,0,1,0,0.40234375,0.6708984375,0.05078125,0.037109375,193.0,334.0,26.0,19.0,219.0,353.0,494.0,32.202484376209235,1.368421052631579,159.0,False,True,small,GF1_WFV4_E114.4_N21.8_20190806_L2A0004164425,WFV4,2019-08-06
GF1_WFV4_E114.4_N21.8_20190806_L2A0004164425_13824_6144.png,0,1,0,0.6298828125,0.1669921875,0.052734375,0.029296875,309.0,78.0,27.0,15.0,336.0,93.0,405.0,30.886890422961002,1.8,78.0,False,True,small,GF1_WFV4_E114.4_N21.8_20190806_L2A0004164425,WFV4,2019-08-06
GF1_WFV4_E114.4_N21.8_20190806_L2A0004164425_14336_3584.png,0,1,0,0.783203125,0.048828125,0.0703125,0.046875,383.0,13.0,36.0,24.0,419.0,37.0,864.0,43.266615305567875,1.5,13.0,False,True,small,GF1_WFV4_E114.4_N21.8_20190806_L2A0004164425,WFV4,2019-08-06
GF1_WFV4_E114.4_N21.8_20190806_L2A0004164425_15360_3072.png,0,1,0,0.6474609375,0.216796875,0.044921875,0.03515625,320.0,102.0,23.0,18.0,343.0,120.0,414.0,29.206163733020468,1.2777777777777777,102.0,False,True,small,GF1_WFV4_E114.4_N21.8_20190806_L2A0004164425,WFV4,2019-08-06
GF1_WFV4_E114.4_N21.8_20190806_L2A0004164425_15360_3584.png,0,1,0,0.1708984375,0.3330078125,0.037109375,0.029296875,78.0,163.0,19.0,15.0,97.0,178.0,285.0,24.20743687382041,1.2666666666666666,78.0,False,True,small,GF1_WFV4_E114.4_N21.8_20190806_L2A0004164425,WFV4,2019-08-06
GF1_WFV4_E114.4_N21.8_20190806_L2A0004164425_1536_11264.png,0,1,0,0.5827645051194539,0.13626943005181347,0.030716723549488067,0.05492227979274611,290.51194539249144,55.70984455958549,15.72696245733789,28.120207253886008,306.23890784982933,83.8300518134715,442.2454437744259,32.219301732595305,1.7880253310305114,55.70984455958549,False,True,small,GF1_WFV4_E114.4_N21.8_20190806_L2A0004164425,WFV4,2019-08-06
GF1_WFV4_E114.4_N21.8_20190806_L2A0004164425_1536_9728.png,0,1,0,0.5390625,0.5751953125,0.05859375,0.044921875,261.0,283.0,30.0,23.0,291.0,306.0,690.0,37.8021163428716,1.3043478260869565,206.0,False,True,small,GF1_WFV4_E114.4_N21.8_20190806_L2A0004164425,WFV4,2019-08-06
GF1_WFV4_E114.4_N21.8_20190806_L2A0004164425_1536_9728.png,1,2,0,0.2640784982935154,0.6740932642487046,0.02815699658703069,0.01968911917098448,128.0,340.09533678756475,14.416382252559714,10.080829015544055,142.4163822525597,350.1761658031088,145.32908451077833,17.591338519071073,1.4300790371833991,128.0,False,True,small,GF1_WFV4_E114.4_N21.8_20190806_L2A0004164425,WFV4,2019-08-06
GF1_WFV4_E114.4_N21.8_20190806_L2A0004164425_15533_3072.png,0,1,0,0.9658203125,0.6611328125,0.041015625,0.033203125,484.0,330.0,21.0,17.0,505.0,347.0,357.0,27.018512172212592,1.2352941176470589,7.0,False,True,small,GF1_WFV4_E114.4_N21.8_20190806_L2A0004164425,WFV4,2019-08-06
GF1_WFV4_E114.4_N21.8_20190806_L2A0004164425_15533_3072.png,1,2,0,0.306640625,0.2197265625,0.046875,0.041015625,145.0,102.0,24.0,21.0,169.0,123.0,504.0,31.89043743820395,1.1428571428571428,102.0,False,True,small,GF1_WFV4_E114.4_N21.8_20190806_L2A0004164425,WFV4,2019-08-06
GF1_WFV4_E114.4_N21.8_20190806_L2A0004164425_15533_3072.png,2,3,0,0.05078125,0.9658203125,0.046875,0.029296875,14.0,487.0,24.0,15.0,38.0,502.0,360.0,28.30194339616981,1.6,10.0,False,True,small,GF1_WFV4_E114.4_N21.8_20190806_L2A0004164425,WFV4,2019-08-06
GF1_WFV4_E114.4_N21.8_20190806_L2A0004164425_15533_5120.png,0,1,0,0.703125,0.1689453125,0.06640625,0.041015625,343.0,76.0,34.0,21.0,377.0,97.0,714.0,39.96248240537617,1.619047619047619,76.0,False,True,small,GF1_WFV4_E114.4_N21.8_20190806_L2A0004164425,WFV4,2019-08-06
GF1_WFV4_E114.4_N21.8_20190806_L2A0004164425_15872_3072.png,0,1,0,0.3046875,0.6630859375,0.046875,0.033203125,144.0,331.0,24.0,17.0,168.0,348.0,408.0,29.410882339705484,1.411764705882353,144.0,False,True,small,GF1_WFV4_E114.4_N21.8_20190806_L2A0004164425,WFV4,2019-08-06
GF1_WFV4_E114.4_N21.8_20190806_L2A0004164425_15872_3072.png,1,2,0,0.97265625,0.8154296875,0.05078125,0.041015625,485.0,407.0,26.0,21.0,511.0,428.0,546.0,33.421549934136806,1.2380952380952381,1.0,False,True,small,GF1_WFV4_E114.4_N21.8_20190806_L2A0004164425,WFV4,2019-08-06
GF1_WFV4_E114.4_N21.8_20190806_L2A0004164425_15872_4096.png,0,1,0,0.94921875,0.6494140625,0.046875,0.029296875,474.0,325.0,24.0,15.0,498.0,340.0,360.0,28.30194339616981,1.6,14.0,False,True,small,GF1_WFV4_E114.4_N21.8_20190806_L2A0004164425,WFV4,2019-08-06
GF1_WFV4_E114.4_N21.8_20190806_L2A0004164425_15872_5120.png,0,1,0,0.041015625,0.1669921875,0.05859375,0.033203125,6.0,77.0,30.0,17.0,36.0,94.0,510.0,34.48187929913333,1.7647058823529411,6.0,False,True,small,GF1_WFV4_E114.4_N21.8_20190806_L2A0004164425,WFV4,2019-08-06
GF1_WFV4_E114.4_N21.8_20190806_L2A0004164425_16045_3072.png,0,1,0,0.6416382252559727,0.8160621761658031,0.04266211604095571,0.023834196891191706,317.59726962457336,411.7222797927461,21.843003412969324,12.203108808290153,339.4402730375427,423.9253886010363,266.55254734831783,25.020644729621942,1.7899539991096638,88.07461139896373,False,True,small,GF1_WFV4_E114.4_N21.8_20190806_L2A0004164425,WFV4,2019-08-06
GF1_WFV4_E114.4_N21.8_20190806_L2A0004164425_16045_4096.png,0,1,0,0.609375,0.6484375,0.05078125,0.02734375,299.0,325.0,26.0,14.0,325.0,339.0,364.0,29.5296461204668,1.8571428571428572,173.0,False,True,small,GF1_WFV4_E114.4_N21.8_20190806_L2A0004164425,WFV4,2019-08-06
GF1_WFV4_E114.4_N21.8_20190806_L2A0004164425_17069_3584.png,0,1,0,0.39453125,0.16015625,0.0625,0.0390625,186.0,72.0,32.0,20.0,218.0,92.0,640.0,37.73592452822641,1.6,72.0,False,True,small,GF1_WFV4_E114.4_N21.8_20190806_L2A0004164425,WFV4,2019-08-06
GF1_WFV4_E114.4_N21.8_20190806_L2A0004164425_17069_4608.png,0,1,0,0.3095703125,0.3837890625,0.052734375,0.029296875,145.0,189.0,27.0,15.0,172.0,204.0,405.0,30.886890422961002,1.8,145.0,False,True,small,GF1_WFV4_E114.4_N21.8_20190806_L2A0004164425,WFV4,2019-08-06
GF1_WFV4_E114.4_N21.8_20190806_L2A0004164425_2048_10240.png,0,1,0,0.2841796875,0.4228515625,0.048828125,0.037109375,133.0,207.0,25.0,19.0,158.0,226.0,475.0,31.400636936215164,1.3157894736842106,133.0,False,True,small,GF1_WFV4_E114.4_N21.8_20190806_L2A0004164425,WFV4,2019-08-06
GF1_WFV4_E114.4_N21.8_20190806_L2A0004164425_2048_12288.png,0,1,0,0.3134765625,0.15234375,0.048828125,0.04296875,148.0,67.0,25.0,22.0,173.0,89.0,550.0,33.301651610693426,1.1363636363636365,67.0,False,True,small,GF1_WFV4_E114.4_N21.8_20190806_L2A0004164425,WFV4,2019-08-06
GF1_WFV4_E114.4_N21.8_20190806_L2A0004164425_2560_11776.png,0,1,0,0.5146484375,0.2724609375,0.044921875,0.037109375,252.0,130.0,23.0,19.0,275.0,149.0,437.0,29.832867780352597,1.2105263157894737,130.0,False,True,small,GF1_WFV4_E114.4_N21.8_20190806_L2A0004164425,WFV4,2019-08-06
GF1_WFV4_E114.4_N21.8_20190806_L2A0004164425_4096_10240.png,0,1,0,0.5400390625,0.5068359375,0.044921875,0.041015625,265.0,249.0,23.0,21.0,288.0,270.0,483.0,31.144823004794873,1.0952380952380953,224.0,False,True,small,GF1_WFV4_E114.4_N21.8_20190806_L2A0004164425,WFV4,2019-08-06
GF1_WFV4_E114.4_N21.8_20190806_L2A0004164425_4608_9728.png,0,1,0,0.8935546875,0.2607421875,0.048828125,0.041015625,445.0,123.0,25.0,21.0,470.0,144.0,525.0,32.64965543462902,1.1904761904761905,42.0,False,True,small,GF1_WFV4_E114.4_N21.8_20190806_L2A0004164425,WFV4,2019-08-06
GF1_WFV4_E114.4_N21.8_20190806_L2A0004164425_5120_11776.png,0,1,0,0.2099609375,0.884765625,0.052734375,0.05859375,94.0,438.0,27.0,30.0,121.0,468.0,810.0,40.36087214122113,1.1111111111111112,44.0,False,True,small,GF1_WFV4_E114.4_N21.8_20190806_L2A0004164425,WFV4,2019-08-06
GF1_WFV4_E114.4_N21.8_20190806_L2A0004164425_5120_11776.png,1,2,0,0.5247440273037542,0.3979274611398964,0.05290102389078499,0.0683937823834197,255.12627986348122,186.2300518134715,27.085324232081916,35.017616580310886,282.21160409556313,221.2476683937824,948.4634989124479,44.2701734774404,1.2928631121510947,186.2300518134715,False,True,small,GF1_WFV4_E114.4_N21.8_20190806_L2A0004164425,WFV4,2019-08-06
GF1_WFV4_E114.4_N21.8_20190806_L2A0004164425_7680_8704.png,0,1,0,0.7275390625,0.5087890625,0.029296875,0.033203125,365.0,252.0,15.0,17.0,380.0,269.0,255.0,22.67156809750927,1.1333333333333333,132.0,False,True,small,GF1_WFV4_E114.4_N21.8_20190806_L2A0004164425,WFV4,2019-08-06
GF1_WFV4_E114.4_N21.8_20190806_L2A0004164425_8192_12800.png,0,1,0,0.8438566552901023,0.9212435233160621,0.03583617747440282,0.031088082901554404,422.88054607508525,463.7181347150258,18.348122866894244,15.917098445595855,441.2286689419795,479.6352331606217,292.0488779642441,24.290072780159335,1.152730375426624,32.36476683937832,False,True,small,GF1_WFV4_E114.4_N21.8_20190806_L2A0004164425,WFV4,2019-08-06
GF1_WFV4_E114.4_N21.8_20190806_L2A0004164425_8192_8192.png,0,1,0,0.93259385665529,0.533160621761658,0.030716723549487956,0.050777202072538885,469.6245733788396,259.979274611399,15.726962457337834,25.99792746113991,485.35153583617745,285.9772020725389,408.86842914993963,30.38469319261273,1.6530800230282157,26.648464163822553,False,True,small,GF1_WFV4_E114.4_N21.8_20190806_L2A0004164425,WFV4,2019-08-06
GF1_WFV4_E114.4_N21.8_20190806_L2A0004164425_8192_8704.png,0,1,0,0.9671501706484642,0.6746113989637306,0.021331058020477855,0.04559585492227969,489.72013651877137,333.72849740932645,10.921501706484662,23.3450777202072,500.64163822525603,357.07357512953365,254.96330615926001,25.773471890439247,2.137533678756468,11.358361774743969,False,True,small,GF1_WFV4_E114.4_N21.8_20190806_L2A0004164425,WFV4,2019-08-06
GF1_WFV4_E114.4_N21.8_20190806_L2A0004164425_8704_10752.png,0,1,0,0.7828498293515358,0.9544041450777202,0.04692832764505117,0.041450777202072464,388.80546075085323,478.0435233160622,24.0273037542662,21.2227979274611,412.8327645051194,499.2663212435233,509.92661231851906,32.05804856147083,1.1321459044368616,12.733678756476706,False,True,small,GF1_WFV4_E114.4_N21.8_20190806_L2A0004164425,WFV4,2019-08-06
GF1_WFV4_E114.4_N21.8_20190806_L2A0004164425_8704_5120.png,0,1,0,0.7802734375,0.83203125,0.025390625,0.0546875,393.0,412.0,13.0,28.0,406.0,440.0,364.0,30.870698080866262,2.1538461538461537,72.0,False,True,small,GF1_WFV4_E114.4_N21.8_20190806_L2A0004164425,WFV4,2019-08-06
GF1_WFV4_E114.4_N21.8_20190806_L2A0004164425_8704_9216.png,0,1,0,0.25426621160409557,0.6072538860103627,0.04095563139931738,0.060103626943005195,119.69965870307169,295.52746113989633,20.969283276450497,30.77305699481866,140.66894197952217,326.300518134715,645.2889494067089,37.23831196408323,1.4675302245250446,119.69965870307169,False,True,small,GF1_WFV4_E114.4_N21.8_20190806_L2A0004164425,WFV4,2019-08-06
GF1_WFV4_E114.4_N21.8_20190806_L2A0004164425_9216_5632.png,0,1,0,0.2282423208191126,0.7347150259067358,0.04010238907849831,0.033160621761658016,106.5938566552901,367.68497409326426,20.532423208191133,16.978238341968904,127.12627986348123,384.66321243523316,348.6043749668429,26.642841064664424,1.209337670648465,106.5938566552901,False,True,small,GF1_WFV4_E114.4_N21.8_20190806_L2A0004164425,WFV4,2019-08-06
GF1_WFV4_E114.4_N21.8_20190806_L2A0004164425_9216_8192.png,0,1,0,0.2705078125,0.083984375,0.037109375,0.03515625,129.0,34.0,19.0,18.0,148.0,52.0,342.0,26.1725046566048,1.0555555555555556,34.0,False,True,small,GF1_WFV4_E114.4_N21.8_20190806_L2A0004164425,WFV4,2019-08-06
GF1_WFV4_E114.5_N11.7_20200703_L2A0004902460_12288_2560.png,0,1,0,0.388671875,0.0205078125,0.04296875,0.041015625,188.0,0.0,22.0,21.0,210.0,21.0,462.0,30.4138126514911,1.0476190476190477,0.0,True,True,small,GF1_WFV4_E114.5_N11.7_20200703_L2A0004902460,WFV4,2020-07-03
GF1_WFV4_E114.5_N11.7_20200703_L2A0004902460_13312_4608.png,0,1,0,0.9755859375,0.8916015625,0.048828125,0.037109375,487.0,447.0,25.0,19.0,512.0,466.0,475.0,31.400636936215164,1.3157894736842106,0.0,True,True,small,GF1_WFV4_E114.5_N11.7_20200703_L2A0004902460,WFV4,2020-07-03
GF1_WFV4_E114.5_N11.7_20200703_L2A0004902460_1536_5632.png,0,1,0,0.3408203125,0.494140625,0.068359375,0.0546875,157.0,239.0,35.0,28.0,192.0,267.0,980.0,44.82186966202994,1.25,157.0,False,True,small,GF1_WFV4_E114.5_N11.7_20200703_L2A0004902460,WFV4,2020-07-03
GF1_WFV4_E114.5_N11.7_20200703_L2A0004902460_6144_9216.png,0,1,0,0.8251953125,0.5009765625,0.037109375,0.041015625,413.0,246.0,19.0,21.0,432.0,267.0,399.0,28.319604517012593,1.105263157894737,80.0,False,True,small,GF1_WFV4_E114.5_N11.7_20200703_L2A0004902460,WFV4,2020-07-03
GF1_WFV4_E114.5_N11.7_20200703_L2A0004902460_6656_6656.png,0,1,0,0.94921875,0.986328125,0.02734375,0.0234375,479.0,499.0,14.0,12.0,493.0,511.0,168.0,18.439088914585774,1.1666666666666667,1.0,False,True,small,GF1_WFV4_E114.5_N11.7_20200703_L2A0004902460,WFV4,2020-07-03
GF1_WFV4_E114.5_N11.7_20200703_L2A0004902460_6656_7168.png,0,1,0,0.9453125,0.0205078125,0.03515625,0.037109375,475.0,1.0,18.0,19.0,493.0,20.0,342.0,26.1725046566048,1.0555555555555556,1.0,False,True,small,GF1_WFV4_E114.5_N11.7_20200703_L2A0004902460,WFV4,2020-07-03
GF1_WFV4_E114.5_N11.7_20200703_L2A0004902460_7680_7168.png,0,1,0,0.3963310580204778,0.678238341968912,0.03327645051194539,0.03626943005181349,194.40273037542661,337.97305699481865,17.03754266211604,18.569948186528507,211.44027303754265,356.54300518134716,316.3862844612638,25.201603830188613,1.0899428723262927,155.45699481865284,False,True,small,GF1_WFV4_E114.5_N11.7_20200703_L2A0004902460,WFV4,2020-07-03
GF1_WFV4_E124.0_N33.5_20131122_L1A0000115971_0_6144.png,0,1,0,0.923828125,0.5634765625,0.0546875,0.064453125,459.0,272.0,28.0,33.0,487.0,305.0,924.0,43.278170016764804,1.1785714285714286,25.0,False,True,small,GF1_WFV4_E124.0_N33.5_20131122_L1A0000115971,WFV4,2013-11-22
GF1_WFV4_E124.0_N33.5_20131122_L1A0000115971_1024_2560.png,0,1,0,0.41015625,0.2890625,0.05078125,0.06640625,197.0,131.0,26.0,34.0,223.0,165.0,884.0,42.80186911806539,1.3076923076923077,131.0,False,True,small,GF1_WFV4_E124.0_N33.5_20131122_L1A0000115971,WFV4,2013-11-22
GF1_WFV4_E124.0_N33.5_20131122_L1A0000115971_10464_9216.png,0,1,0,0.9638671875,0.45703125,0.072265625,0.05078125,475.0,221.0,37.0,26.0,512.0,247.0,962.0,45.221676218380054,1.4230769230769231,0.0,True,True,small,GF1_WFV4_E124.0_N33.5_20131122_L1A0000115971,WFV4,2013-11-22
GF1_WFV4_E124.0_N33.5_20131122_L1A0000115971_10976_0.png,0,1,0,0.8095703125,0.9443359375,0.044921875,0.044921875,403.0,472.0,23.0,23.0,426.0,495.0,529.0,32.526911934581186,1.0,17.0,False,True,small,GF1_WFV4_E124.0_N33.5_20131122_L1A0000115971,WFV4,2013-11-22
GF1_WFV4_E124.0_N33.5_20131122_L1A0000115971_10976_0.png,1,2,0,0.4611774744027304,0.6715025906735752,0.02303754266211605,0.03937823834196885,230.22525597269623,333.72849740932645,11.795221843003418,20.161658031088052,242.02047781569965,353.8901554404145,237.81122919945508,23.358504080702648,1.7093072346958325,158.1098445595855,False,True,small,GF1_WFV4_E124.0_N33.5_20131122_L1A0000115971,WFV4,2013-11-22
GF1_WFV4_E124.0_N33.5_20131122_L1A0000115971_10976_0.png,2,3,0,0.3093003412969283,0.05492227979274611,0.02815699658703069,0.026943005181347145,151.15358361774742,21.222797927461137,14.416382252559714,13.794818652849738,165.56996587030713,35.01761658031087,198.87137880422267,19.95317265291236,1.0450577579417162,21.222797927461137,False,True,small,GF1_WFV4_E124.0_N33.5_20131122_L1A0000115971,WFV4,2013-11-22
GF1_WFV4_E124.0_N33.5_20131122_L1A0000115971_10976_0.png,3,4,0,0.5571672354948805,0.06321243523316061,0.029010238907849817,0.024870466321243526,277.8430034129692,25.99792746113989,14.853242320819106,12.733678756476685,292.6962457337883,38.73160621761657,189.13641620541472,19.564390665546355,1.1664533560864612,25.99792746113989,False,True,small,GF1_WFV4_E124.0_N33.5_20131122_L1A0000115971,WFV4,2013-11-22
GF1_WFV4_E124.0_N33.5_20131122_L1A0000115971_10976_12288.png,0,1,0,0.048828125,0.7734375,0.05078125,0.04296875,12.0,385.0,26.0,22.0,38.0,407.0,572.0,34.058772731852805,1.1818181818181819,12.0,False,True,small,GF1_WFV4_E124.0_N33.5_20131122_L1A0000115971,WFV4,2013-11-22
GF1_WFV4_E124.0_N33.5_20131122_L1A0000115971_10976_12288.png,1,2,0,0.6262798634812287,0.03367875647668394,0.022184300341296925,0.025906735751295335,314.97610921501706,10.611398963730572,11.358361774744026,13.264248704663212,326.3344709897611,23.875647668393782,150.6601354577446,17.4628942591177,1.167795934635313,10.611398963730572,False,True,small,GF1_WFV4_E124.0_N33.5_20131122_L1A0000115971,WFV4,2013-11-22
GF1_WFV4_E124.0_N33.5_20131122_L1A0000115971_10976_2048.png,0,1,0,0.3361774744027304,0.3310880829015544,0.05119453924914674,0.03626943005181349,159.0170648464164,160.2321243523316,26.211604095563132,18.569948186528507,185.22866894197952,178.8020725388601,486.74812994040576,32.12306281961443,1.4115065821550452,159.0170648464164,False,True,small,GF1_WFV4_E124.0_N33.5_20131122_L1A0000115971,WFV4,2013-11-22
GF1_WFV4_E124.0_N33.5_20131122_L1A0000115971_10976_512.png,0,1,0,0.1279863481228669,0.3243523316062176,0.029010238907849845,0.041450777202072575,58.1023890784983,155.45699481865284,14.85324232081912,21.22279792746116,72.95563139931741,176.679792746114,315.2273603423584,25.904168763170567,1.4288326729655598,58.1023890784983,False,True,small,GF1_WFV4_E124.0_N33.5_20131122_L1A0000115971,WFV4,2013-11-22
GF1_WFV4_E124.0_N33.5_20131122_L1A0000115971_10976_512.png,1,2,0,0.4675767918088737,0.3787564766839378,0.02730375426621162,0.0528497409326425,232.40955631399316,180.39378238341968,13.97952218430035,27.05906735751296,246.38907849829351,207.45284974093263,378.27283241082984,30.4568574669116,1.9356217616580302,180.39378238341968,False,True,small,GF1_WFV4_E124.0_N33.5_20131122_L1A0000115971,WFV4,2013-11-22
GF1_WFV4_E124.0_N33.5_20131122_L1A0000115971_10976_512.png,2,3,0,0.6198805460750854,0.3595854922279793,0.023037542662115995,0.03937823834196891,311.481228668942,174.02694300518135,11.79522184300339,20.16165803108808,323.27645051194537,194.18860103626943,237.81122919945483,23.35850408070266,1.709307234695839,174.02694300518135,False,True,small,GF1_WFV4_E124.0_N33.5_20131122_L1A0000115971,WFV4,2013-11-22
GF1_WFV4_E124.0_N33.5_20131122_L1A0000115971_10976_512.png,3,4,0,0.6578498293515358,0.21658031088082902,0.030716723549488067,0.0538860103626943,328.9556313993174,97.09430051813472,15.72696245733789,27.589637305699483,344.6825938566553,124.6839378238342,433.90119011830467,31.75728947493095,1.754289004029936,97.09430051813472,False,True,small,GF1_WFV4_E124.0_N33.5_20131122_L1A0000115971,WFV4,2013-11-22
GF1_WFV4_E124.0_N33.5_20131122_L1A0000115971_10976_9728.png,0,1,0,0.91339590443686,0.7658031088082902,0.028156996587030747,0.03937823834196896,460.45051194539246,382.0103626943005,14.416382252559742,20.16165803108811,474.8668941979522,402.1720207253886,290.6581690215572,24.785571040717606,1.398524101114775,37.133105802047794,False,True,small,GF1_WFV4_E124.0_N33.5_20131122_L1A0000115971,WFV4,2013-11-22
GF1_WFV4_E124.0_N33.5_20131122_L1A0000115971_10976_9728.png,1,2,0,0.454778156996587,0.21347150259067357,0.020477815699658675,0.031088082901554404,227.60409556313994,101.33886010362694,10.484641638225241,15.917098445595855,238.08873720136518,117.2559585492228,166.88507312242456,19.05995102849943,1.5181347150259088,101.33886010362694,False,True,small,GF1_WFV4_E124.0_N33.5_20131122_L1A0000115971,WFV4,2013-11-22
GF1_WFV4_E124.0_N33.5_20131122_L1A0000115971_11488_0.png,0,1,0,0.7086177474402731,0.4461139896373057,0.03156996587030714,0.030051813471502542,354.7303754266212,220.71709844559587,16.163822525597254,15.386528497409302,370.89419795221846,236.10362694300517,248.70511591716854,22.316236641526135,1.050517829822291,141.10580204778154,False,True,small,GF1_WFV4_E124.0_N33.5_20131122_L1A0000115971,WFV4,2013-11-22
GF1_WFV4_E124.0_N33.5_20131122_L1A0000115971_11488_2048.png,0,1,0,0.8860921501706485,0.6222797927461139,0.019624573378839605,0.03626943005181349,448.6552901023891,309.32227979274603,10.047781569965878,18.569948186528507,458.70307167235495,327.89222797927454,186.5867831438224,21.11399749285055,1.8481640009011033,53.29692832764505,False,True,small,GF1_WFV4_E124.0_N33.5_20131122_L1A0000115971,WFV4,2013-11-22
GF1_WFV4_E124.0_N33.5_20131122_L1A0000115971_11488_512.png,0,1,0,0.3784129692832765,0.6305699481865286,0.036689419795221834,0.04455958549222794,184.35494880546077,311.44455958549224,18.78498293515358,22.814507772020704,203.13993174061434,334.25906735751295,428.57013917133764,29.55295837566189,1.2145077720207245,177.74093264248705,False,True,small,GF1_WFV4_E124.0_N33.5_20131122_L1A0000115971,WFV4,2013-11-22
GF1_WFV4_E124.0_N33.5_20131122_L1A0000115971_11488_512.png,1,2,0,0.7303754266211604,0.45699481865284974,0.020477815699658675,0.03523316062176163,368.70989761092153,224.9616580310881,10.484641638225241,18.039378238341953,379.19453924914677,243.00103626943005,189.13641620541435,20.86496770924824,1.720552677029362,132.80546075085323,False,True,small,GF1_WFV4_E124.0_N33.5_20131122_L1A0000115971,WFV4,2013-11-22
GF1_WFV4_E124.0_N33.5_20131122_L1A0000115971_11488_512.png,2,3,0,0.745307167235495,0.4461139896373057,0.016211604095563215,0.0383419689119171,377.44709897610926,218.59481865284974,8.300341296928366,19.631088082901556,385.7474402730376,238.2259067357513,162.94473111814608,21.313734655478235,2.365094082356139,126.25255972696237,False,True,small,GF1_WFV4_E124.0_N33.5_20131122_L1A0000115971,WFV4,2013-11-22
GF1_WFV4_E124.0_N33.5_20131122_L1A0000115971_11488_512.png,3,4,0,0.8622013651877134,0.28186528497409324,0.021331058020477855,0.02901554404145079,435.98634812286696,136.88704663212434,10.921501706484662,14.855958549222805,446.9078498293516,151.74300518134714,162.24937664680226,18.438511435063663,1.3602487046632106,65.09215017064838,False,True,small,GF1_WFV4_E124.0_N33.5_20131122_L1A0000115971,WFV4,2013-11-22
GF1_WFV4_E124.0_N33.5_20131122_L1A0000115971_1536_2560.png,0,1,0,0.8216723549488054,0.2989637305699482,0.025597269624573316,0.032124352331606265,414.14334470989763,144.84559585492227,13.105802047781538,16.447668393782408,427.24914675767917,161.29326424870467,215.55988611646515,21.030640572922724,1.2549913644214212,84.75085324232083,False,True,small,GF1_WFV4_E124.0_N33.5_20131122_L1A0000115971,WFV4,2013-11-22
GF1_WFV4_E124.0_N33.5_20131122_L1A0000115971_1536_2560.png,1,2,0,0.8383105802047781,0.3544041450777202,0.021331058020477855,0.02901554404145079,423.7542662116041,174.02694300518135,10.921501706484662,14.855958549222805,434.67576791808875,188.88290155440416,162.24937664680226,18.438511435063663,1.3602487046632106,77.32423208191125,False,True,small,GF1_WFV4_E124.0_N33.5_20131122_L1A0000115971,WFV4,2013-11-22
GF1_WFV4_E124.0_N33.5_20131122_L1A0000115971_2048_12800.png,0,1,0,0.22909556313993173,0.9253886010362695,0.024744027303754274,0.031088082901554404,110.96245733788396,465.84041450777204,12.668941979522188,15.917098445595855,123.63139931740615,481.7575129533679,201.6527966895967,20.343453831817484,1.2563873503662673,30.242487046632107,False,True,small,GF1_WFV4_E124.0_N33.5_20131122_L1A0000115971,WFV4,2013-11-22
GF1_WFV4_E124.0_N33.5_20131122_L1A0000115971_2048_2048.png,0,1,0,0.9364334470989761,0.05906735751295336,0.019624573378839605,0.026943005181347145,474.43003412969284,23.34507772020725,10.047781569965878,13.794818652849738,484.4778156996587,37.139896373056985,138.60732462112512,17.066192784061624,1.3729218292408187,23.34507772020725,False,True,small,GF1_WFV4_E124.0_N33.5_20131122_L1A0000115971,WFV4,2013-11-22
GF1_WFV4_E124.0_N33.5_20131122_L1A0000115971_2048_2048.png,1,2,0,0.9458191126279863,0.08963730569948186,0.019624573378839605,0.023834196891191706,479.23549488054607,39.79274611398964,10.047781569965878,12.203108808290153,489.28327645051195,51.99585492227979,122.61417178022607,15.807396340470326,1.2145077720207242,22.71672354948805,False,True,small,GF1_WFV4_E124.0_N33.5_20131122_L1A0000115971,WFV4,2013-11-22
GF1_WFV4_E124.0_N33.5_20131122_L1A0000115971_2560_11776.png,0,1,0,0.9244880546075085,0.28911917098445594,0.023037542662115995,0.031088082901554404,467.4402730375426,140.07046632124352,11.79522184300339,15.917098445595855,479.235494880546,155.98756476683937,187.74570726272754,19.811140331956015,1.3494530800230309,32.764505119453986,False,True,small,GF1_WFV4_E124.0_N33.5_20131122_L1A0000115971,WFV4,2013-11-22
GF1_WFV4_E124.0_N33.5_20131122_L1A0000115971_2560_12288.png,0,1,0,0.9338737201365188,0.3243523316062176,0.026450511945392496,0.033160621761658016,471.3720136518772,157.57927461139897,13.542662116040958,16.978238341968904,484.91467576791814,174.55751295336788,229.93054519089634,21.71783309600555,1.2536854420859092,27.08532423208186,False,True,small,GF1_WFV4_E124.0_N33.5_20131122_L1A0000115971,WFV4,2013-11-22
GF1_WFV4_E124.0_N33.5_20131122_L1A0000115971_2560_2048.png,0,1,0,0.5460750853242321,0.9523316062176166,0.022184300341296925,0.033160621761658016,273.9112627986348,479.10466321243524,11.358361774744026,16.978238341968904,285.26962457337885,496.08290155440415,192.844973385913,20.427260203039204,1.4947787963332,15.917098445595855,False,True,small,GF1_WFV4_E124.0_N33.5_20131122_L1A0000115971,WFV4,2013-11-22
GF1_WFV4_E124.0_N33.5_20131122_L1A0000115971_2560_2560.png,0,1,0,0.4761092150170648,0.5813471502590674,0.029010238907849872,0.04352331606217619,236.3412969283276,286.5077720207254,14.853242320819135,22.283937823834208,251.19453924914674,308.7917098445596,330.9887283594765,26.78045355063057,1.5002743066138358,203.2082901554404,False,True,small,GF1_WFV4_E124.0_N33.5_20131122_L1A0000115971,WFV4,2013-11-22
GF1_WFV4_E124.0_N33.5_20131122_L1A0000115971_2560_2560.png,1,2,0,0.5742320819112628,0.038860103626943004,0.022184300341296925,0.032124352331606223,288.32764505119457,11.672538860103625,11.358361774744026,16.447668393782386,299.6860068259386,28.12020725388601,186.81856796760331,19.988451110523656,1.4480669589477884,11.672538860103625,False,True,small,GF1_WFV4_E124.0_N33.5_20131122_L1A0000115971,WFV4,2013-11-22
GF1_WFV4_E124.0_N33.5_20131122_L1A0000115971_3072_11776.png,0,1,0,0.6875,0.0810546875,0.05078125,0.048828125,339.0,29.0,26.0,25.0,365.0,54.0,650.0,36.069377593742864,1.04,29.0,False,True,small,GF1_WFV4_E124.0_N33.5_20131122_L1A0000115971,WFV4,2013-11-22
GF1_WFV4_E124.0_N33.5_20131122_L1A0000115971_3072_11776.png,1,2,0,0.9599609375,0.6630859375,0.052734375,0.048828125,478.0,327.0,27.0,25.0,505.0,352.0,675.0,36.796738985948195,1.08,7.0,False,True,small,GF1_WFV4_E124.0_N33.5_20131122_L1A0000115971,WFV4,2013-11-22
GF1_WFV4_E124.0_N33.5_20131122_L1A0000115971_3072_11776.png,2,3,0,0.03455631399317406,0.09326424870466321,0.031569965870307165,0.037305699481865295,9.610921501706486,38.20103626943005,16.16382252559727,19.10051813471503,25.774744027303754,57.30155440414508,308.73738527648595,25.02196937999852,1.1816832376417872,9.610921501706486,False,True,small,GF1_WFV4_E124.0_N33.5_20131122_L1A0000115971,WFV4,2013-11-22
GF1_WFV4_E124.0_N33.5_20131122_L1A0000115971_3072_11776.png,3,4,0,0.4522184300341297,0.8227979274611399,0.03583617747440271,0.041450777202072464,222.36177474402731,410.6611398963731,18.348122866894187,21.2227979274611,240.7098976109215,431.8839378238342,389.3985039523236,28.054603269490244,1.1566740685911656,80.11606217616583,False,True,small,GF1_WFV4_E124.0_N33.5_20131122_L1A0000115971,WFV4,2013-11-22
GF1_WFV4_E124.0_N33.5_20131122_L1A0000115971_3072_12288.png,0,1,0,0.044921875,0.2392578125,0.05078125,0.029296875,10.0,115.0,26.0,15.0,36.0,130.0,390.0,30.01666203960727,1.7333333333333334,10.0,False,True,small,GF1_WFV4_E124.0_N33.5_20131122_L1A0000115971,WFV4,2013-11-22
GF1_WFV4_E124.0_N33.5_20131122_L1A0000115971_3584_11776.png,0,1,0,0.509765625,0.61328125,0.05078125,0.05859375,248.0,299.0,26.0,30.0,274.0,329.0,780.0,39.698866482558415,1.1538461538461537,183.0,False,True,small,GF1_WFV4_E124.0_N33.5_20131122_L1A0000115971,WFV4,2013-11-22
GF1_WFV4_E124.0_N33.5_20131122_L1A0000115971_3584_11776.png,1,2,0,0.25554607508532423,0.3559585492227979,0.026450511945392496,0.03419689119170982,124.06825938566553,173.4963730569948,13.542662116040958,17.50880829015543,137.61092150170649,191.00518134715023,237.11587472811178,22.13508673872019,1.2928631121510936,124.06825938566553,False,True,small,GF1_WFV4_E124.0_N33.5_20131122_L1A0000115971,WFV4,2013-11-22
GF1_WFV4_E124.0_N33.5_20131122_L1A0000115971_3584_11776.png,2,3,0,0.29948805460750855,0.5067357512953368,0.022184300341296925,0.02901554404145079,147.65870307167236,252.02072538860102,11.358361774744026,14.855958549222805,159.0170648464164,266.8766839378238,168.73935171267402,18.700585194645445,1.3079314467915513,147.65870307167236,False,True,small,GF1_WFV4_E124.0_N33.5_20131122_L1A0000115971,WFV4,2013-11-22
GF1_WFV4_E124.0_N33.5_20131122_L1A0000115971_3584_12288.png,0,1,0,0.17918088737201365,0.594818652849741,0.02559726962457337,0.031088082901554404,85.18771331058021,296.58860103626944,13.105802047781566,15.917098445595855,98.29351535836177,312.5056994818653,208.60634140303094,20.618343052787377,1.2145077720207258,85.18771331058021,False,True,small,GF1_WFV4_E124.0_N33.5_20131122_L1A0000115971,WFV4,2013-11-22
GF1_WFV4_E124.0_N33.5_20131122_L1A0000115971_3584_12288.png,1,2,0,0.44837883959044367,0.3072538860103627,0.02815699658703069,0.03626943005181349,222.3617747440273,148.02901554404144,14.416382252559714,18.569948186528507,236.778156996587,166.59896373056995,267.711471467223,23.50904193926822,1.288114303658347,148.02901554404144,False,True,small,GF1_WFV4_E124.0_N33.5_20131122_L1A0000115971,WFV4,2013-11-22
GF1_WFV4_E124.0_N33.5_20131122_L1A0000115971_3584_12288.png,2,3,0,0.5255972696245734,0.2155440414507772,0.027303754266211677,0.03316062176165804,262.11604095563143,101.86943005181348,13.979522184300379,16.97823834196892,276.0955631399318,118.8476683937824,237.34765955189377,21.992899256306565,1.2145077720207227,101.86943005181348,False,True,small,GF1_WFV4_E124.0_N33.5_20131122_L1A0000115971,WFV4,2013-11-22
GF1_WFV4_E124.0_N33.5_20131122_L1A0000115971_3584_12288.png,3,4,0,0.7572525597269624,0.6113989637305699,0.03156996587030714,0.06424870466321242,379.63139931740614,296.58860103626944,16.163822525597254,32.89533678756476,395.7952218430034,329.4839378238342,531.7143857539472,36.65204415863209,2.03512113149419,116.20477815699661,False,True,small,GF1_WFV4_E124.0_N33.5_20131122_L1A0000115971,WFV4,2013-11-22
GF1_WFV4_E124.0_N33.5_20131122_L1A0000115971_3584_2048.png,0,1,0,0.8378839590443686,0.12797927461139896,0.04948805460750849,0.030051813471502598,416.32764505119457,57.832124352331604,25.337883959044348,15.38652849740933,441.6655290102389,73.21865284974093,389.86207359988657,29.64377881990733,1.6467576791808856,57.832124352331604,False,True,small,GF1_WFV4_E124.0_N33.5_20131122_L1A0000115971,WFV4,2013-11-22
GF1_WFV4_E124.0_N33.5_20131122_L1A0000115971_4096_11264.png,0,1,0,0.76953125,0.544921875,0.0546875,0.046875,380.0,267.0,28.0,24.0,408.0,291.0,672.0,36.87817782917155,1.1666666666666667,104.0,False,True,small,GF1_WFV4_E124.0_N33.5_20131122_L1A0000115971,WFV4,2013-11-22
GF1_WFV4_E124.0_N33.5_20131122_L1A0000115971_4096_11264.png,1,2,0,0.40998293515358364,0.4202072538860103,0.0247440273037543,0.027979274611398985,203.57679180887374,207.98341968911916,12.668941979522202,14.32538860103628,216.24573378839594,222.30880829015544,181.48751702063737,19.123777070735795,1.1307486153296402,203.57679180887374,False,True,small,GF1_WFV4_E124.0_N33.5_20131122_L1A0000115971,WFV4,2013-11-22
GF1_WFV4_E124.0_N33.5_20131122_L1A0000115971_4608_11264.png,0,1,0,0.39078498293515357,0.3694300518134715,0.023890784982935176,0.03419689119170988,193.96587030716722,180.39378238341968,12.23208191126281,17.508808290155457,206.19795221843003,197.90259067357513,214.1691771737789,21.35842212395989,1.4313841598815693,180.39378238341968,False,True,small,GF1_WFV4_E124.0_N33.5_20131122_L1A0000115971,WFV4,2013-11-22
GF1_WFV4_E124.0_N33.5_20131122_L1A0000115971_5120_1536.png,0,1,0,0.3425767918088737,0.8528497409326425,0.02303754266211605,0.031088082901554404,169.5017064846416,428.700518134715,11.795221843003418,15.917098445595855,181.29692832764502,444.6176165803109,187.74570726272796,19.811140331956032,1.3494530800230276,67.38238341968912,False,True,small,GF1_WFV4_E124.0_N33.5_20131122_L1A0000115971,WFV4,2013-11-22
GF1_WFV4_E124.0_N33.5_20131122_L1A0000115971_512_2048.png,0,1,0,0.705078125,0.8515625,0.0625,0.0625,345.0,420.0,32.0,32.0,377.0,452.0,1024.0,45.254833995939045,1.0,60.0,False,True,medium,GF1_WFV4_E124.0_N33.5_20131122_L1A0000115971,WFV4,2013-11-22
GF1_WFV4_E124.0_N33.5_20131122_L1A0000115971_512_2560.png,0,1,0,0.2841796875,0.5078125,0.091796875,0.04296875,122.0,249.0,47.0,22.0,169.0,271.0,1034.0,51.894122981316485,2.1363636363636362,122.0,False,True,medium,GF1_WFV4_E124.0_N33.5_20131122_L1A0000115971,WFV4,2013-11-22
GF1_WFV4_E124.0_N33.5_20131122_L1A0000115971_512_6656.png,0,1,0,0.1171875,0.68359375,0.05078125,0.0546875,47.0,336.0,26.0,28.0,73.0,364.0,728.0,38.2099463490856,1.0769230769230769,47.0,False,True,small,GF1_WFV4_E124.0_N33.5_20131122_L1A0000115971,WFV4,2013-11-22
GF1_WFV4_E124.0_N33.5_20131122_L1A0000115971_5632_1024.png,0,1,0,0.43359375,0.3671875,0.078125,0.03515625,202.0,179.0,40.0,18.0,242.0,197.0,720.0,43.86342439892262,2.2222222222222223,179.0,False,True,small,GF1_WFV4_E124.0_N33.5_20131122_L1A0000115971,WFV4,2013-11-22
GF1_WFV4_E124.0_N33.5_20131122_L1A0000115971_5632_1536.png,0,1,0,0.674061433447099,0.7264248704663212,0.022184300341296925,0.02694300518134718,339.4402730375427,365.0321243523316,11.358361774744026,13.794818652849756,350.7986348122867,378.82694300518136,156.68654087605455,17.869230645749074,1.214507772020727,133.17305699481864,False,True,small,GF1_WFV4_E124.0_N33.5_20131122_L1A0000115971,WFV4,2013-11-22
GF1_WFV4_E124.0_N33.5_20131122_L1A0000115971_6144_11264.png,0,1,0,0.908203125,0.9794921875,0.05078125,0.041015625,452.0,491.0,26.0,21.0,478.0,512.0,546.0,33.421549934136806,1.2380952380952381,0.0,True,True,small,GF1_WFV4_E124.0_N33.5_20131122_L1A0000115971,WFV4,2013-11-22
GF1_WFV4_E124.0_N33.5_20131122_L1A0000115971_6144_11776.png,0,1,0,0.08916382252559726,0.21968911917098444,0.026450511945392483,0.03730569948186527,38.88054607508532,102.93056994818653,13.542662116040951,19.100518134715017,52.42320819112627,122.03108808290155,258.6718633397582,23.414386393920896,1.4103961223466486,38.88054607508532,False,True,small,GF1_WFV4_E124.0_N33.5_20131122_L1A0000115971,WFV4,2013-11-22
GF1_WFV4_E124.0_N33.5_20131122_L1A0000115971_6144_5120.png,0,1,0,0.3054607508532423,0.694300518134715,0.01877133105802048,0.02694300518134718,151.59044368600684,348.58445595854926,9.610921501706486,13.794818652849756,161.20136518771332,362.379274611399,132.5809192028154,16.812698586990003,1.435327366933586,149.620725388601,False,True,small,GF1_WFV4_E124.0_N33.5_20131122_L1A0000115971,WFV4,2013-11-22
GF1_WFV4_E124.0_N33.5_20131122_L1A0000115971_6656_5120.png,0,1,0,0.3505859375,0.080078125,0.052734375,0.0546875,166.0,27.0,27.0,28.0,193.0,55.0,756.0,38.897300677553446,1.037037037037037,27.0,False,True,small,GF1_WFV4_E124.0_N33.5_20131122_L1A0000115971,WFV4,2013-11-22
GF1_WFV4_E124.0_N33.5_20131122_L1A0000115971_6656_5120.png,1,2,0,0.7947952218430034,0.0694300518134715,0.016211604095563104,0.020725388601036267,402.7849829351536,30.242487046632128,8.300341296928309,10.611398963730569,411.0853242320819,40.8538860103627,88.0782330368351,13.472099079688945,1.2784292337060295,30.242487046632128,False,True,small,GF1_WFV4_E124.0_N33.5_20131122_L1A0000115971,WFV4,2013-11-22
GF1_WFV4_E124.0_N33.5_20131122_L1A0000115971_7168_11776.png,0,1,0,0.68359375,0.0673828125,0.078125,0.052734375,330.0,21.0,40.0,27.0,370.0,48.0,1080.0,48.25971404805462,1.4814814814814814,21.0,False,True,medium,GF1_WFV4_E124.0_N33.5_20131122_L1A0000115971,WFV4,2013-11-22
GF1_WFV4_E124.0_N33.5_20131122_L1A0000115971_7168_5120.png,0,1,0,0.453125,0.181640625,0.0546875,0.06640625,218.0,76.0,28.0,34.0,246.0,110.0,952.0,44.04543109109048,1.2142857142857142,76.0,False,True,small,GF1_WFV4_E124.0_N33.5_20131122_L1A0000115971,WFV4,2013-11-22
GF1_WFV4_E124.0_N33.5_20131122_L1A0000115971_7168_5120.png,1,2,0,0.40955631399317405,0.8844559585492229,0.02559726962457337,0.025906735751295318,203.13993174061432,446.2093264248705,13.105802047781566,13.264248704663203,216.24573378839588,459.4735751295337,173.838617835859,18.64677830121855,1.0120898100172708,52.526424870466315,False,True,small,GF1_WFV4_E124.0_N33.5_20131122_L1A0000115971,WFV4,2013-11-22
GF1_WFV4_E124.0_N33.5_20131122_L1A0000115971_7680_5120.png,0,1,0,0.884765625,0.388671875,0.09375,0.03125,429.0,191.0,48.0,16.0,477.0,207.0,768.0,50.59644256269407,3.0,35.0,False,True,small,GF1_WFV4_E124.0_N33.5_20131122_L1A0000115971,WFV4,2013-11-22
GF1_WFV4_E124.0_N33.5_20131122_L1A0000115971_8192_10240.png,0,1,0,0.41015625,0.3984375,0.05859375,0.05859375,195.0,189.0,30.0,30.0,225.0,219.0,900.0,42.42640687119285,1.0,189.0,False,True,small,GF1_WFV4_E124.0_N33.5_20131122_L1A0000115971,WFV4,2013-11-22
GF1_WFV4_E124.0_N33.5_20131122_L1A0000115971_8192_3072.png,0,1,0,0.869140625,0.599609375,0.0625,0.03125,429.0,299.0,32.0,16.0,461.0,315.0,512.0,35.77708763999664,2.0,51.0,False,True,small,GF1_WFV4_E124.0_N33.5_20131122_L1A0000115971,WFV4,2013-11-22
GF1_WFV4_E124.0_N33.5_20131122_L1A0000115971_8704_1536.png,0,1,0,0.0283203125,0.8037109375,0.056640625,0.037109375,0.0,402.0,29.0,19.0,29.0,421.0,551.0,34.66987164671943,1.5263157894736843,0.0,True,True,small,GF1_WFV4_E124.0_N33.5_20131122_L1A0000115971,WFV4,2013-11-22
GF1_WFV4_E124.0_N33.5_20131122_L1A0000115971_9216_1024.png,0,1,0,0.73828125,0.7451171875,0.05859375,0.052734375,363.0,368.0,30.0,27.0,393.0,395.0,810.0,40.36087214122113,1.1111111111111112,117.0,False,True,small,GF1_WFV4_E124.0_N33.5_20131122_L1A0000115971,WFV4,2013-11-22
GF1_WFV4_E124.0_N33.5_20131122_L1A0000115971_9216_1536.png,0,1,0,0.740234375,0.4716796875,0.0546875,0.033203125,365.0,233.0,28.0,17.0,393.0,250.0,476.0,32.7566787083184,1.6470588235294117,119.0,False,True,small,GF1_WFV4_E124.0_N33.5_20131122_L1A0000115971,WFV4,2013-11-22
GF1_WFV4_E124.0_N33.5_20131122_L1A0000115971_9728_12288.png,0,1,0,0.7578125,0.966796875,0.05859375,0.0546875,373.0,481.0,30.0,28.0,403.0,509.0,840.0,41.036569057366385,1.0714285714285714,3.0,False,True,small,GF1_WFV4_E124.0_N33.5_20131122_L1A0000115971,WFV4,2013-11-22
GF1_WFV4_E124.0_N33.5_20131122_L1A0000115971_9952_12288.png,0,1,0,0.3232421875,0.96484375,0.052734375,0.05078125,152.0,481.0,27.0,26.0,179.0,507.0,702.0,37.48332962798263,1.0384615384615385,5.0,False,True,small,GF1_WFV4_E124.0_N33.5_20131122_L1A0000115971,WFV4,2013-11-22
GF1_WFV4_E124.0_N33.5_20131122_L1A0000115971_9952_512.png,0,1,0,0.6505972696245734,0.043005181347150256,0.028156996587030636,0.05699481865284974,325.8976109215017,7.427979274611397,14.416382252559686,29.181347150259068,340.3139931740614,36.60932642487047,420.68945516277796,32.54816582782893,2.0241796200345483,7.427979274611397,False,True,small,GF1_WFV4_E124.0_N33.5_20131122_L1A0000115971,WFV4,2013-11-22
GF1_WFV4_E124.0_N35.2_20200407_L1A0004724410_0_10240.png,0,1,0,0.7783203125,0.255859375,0.064453125,0.05859375,382.0,116.0,33.0,30.0,415.0,146.0,990.0,44.598206241955516,1.1,97.0,False,True,small,GF1_WFV4_E124.0_N35.2_20200407_L1A0004724410,WFV4,2020-04-07
GF1_WFV4_E124.0_N35.2_20200407_L1A0004724410_0_10752.png,0,1,0,0.1044921875,0.349609375,0.041015625,0.03515625,43.0,170.0,21.0,18.0,64.0,188.0,378.0,27.65863337187866,1.1666666666666667,43.0,False,True,small,GF1_WFV4_E124.0_N35.2_20200407_L1A0004724410,WFV4,2020-04-07
GF1_WFV4_E124.0_N35.2_20200407_L1A0004724410_0_10752.png,1,2,0,0.357421875,0.791015625,0.046875,0.046875,171.0,393.0,24.0,24.0,195.0,417.0,576.0,33.94112549695428,1.0,95.0,False,True,small,GF1_WFV4_E124.0_N35.2_20200407_L1A0004724410,WFV4,2020-04-07
GF1_WFV4_E124.0_N35.2_20200407_L1A0004724410_0_11264.png,0,1,0,0.552734375,0.958984375,0.0546875,0.06640625,269.0,474.0,28.0,34.0,297.0,508.0,952.0,44.04543109109048,1.2142857142857142,4.0,False,True,small,GF1_WFV4_E124.0_N35.2_20200407_L1A0004724410,WFV4,2020-04-07
GF1_WFV4_E124.0_N35.2_20200407_L1A0004724410_0_11264.png,1,2,0,0.4189453125,0.546875,0.048828125,0.046875,202.0,268.0,25.0,24.0,227.0,292.0,600.0,34.655446902326915,1.0416666666666667,202.0,False,True,small,GF1_WFV4_E124.0_N35.2_20200407_L1A0004724410,WFV4,2020-04-07
GF1_WFV4_E124.0_N35.2_20200407_L1A0004724410_0_11264.png,2,3,0,0.2451171875,0.23046875,0.041015625,0.0390625,115.0,108.0,21.0,20.0,136.0,128.0,420.0,29.0,1.05,108.0,False,True,small,GF1_WFV4_E124.0_N35.2_20200407_L1A0004724410,WFV4,2020-04-07
GF1_WFV4_E124.0_N35.2_20200407_L1A0004724410_0_11776.png,0,1,0,0.564453125,0.3125,0.05078125,0.046875,276.0,148.0,26.0,24.0,302.0,172.0,624.0,35.38361202590826,1.0833333333333333,148.0,False,True,small,GF1_WFV4_E124.0_N35.2_20200407_L1A0004724410,WFV4,2020-04-07
GF1_WFV4_E124.0_N35.2_20200407_L1A0004724410_0_11776.png,1,2,0,0.3935546875,0.087890625,0.037109375,0.03515625,192.0,36.0,19.0,18.0,211.0,54.0,342.0,26.1725046566048,1.0555555555555556,36.0,False,True,small,GF1_WFV4_E124.0_N35.2_20200407_L1A0004724410,WFV4,2020-04-07
GF1_WFV4_E124.0_N35.2_20200407_L1A0004724410_0_12288.png,0,1,0,0.8193359375,0.9130859375,0.044921875,0.033203125,408.0,459.0,23.0,17.0,431.0,476.0,391.0,28.600699292150182,1.3529411764705883,36.0,False,True,small,GF1_WFV4_E124.0_N35.2_20200407_L1A0004724410,WFV4,2020-04-07
GF1_WFV4_E124.0_N35.2_20200407_L1A0004724410_0_12800.png,0,1,0,0.98046875,0.2529296875,0.0390625,0.037109375,492.0,120.0,20.0,19.0,512.0,139.0,380.0,27.586228448267445,1.0526315789473684,0.0,True,True,small,GF1_WFV4_E124.0_N35.2_20200407_L1A0004724410,WFV4,2020-04-07
GF1_WFV4_E124.0_N35.2_20200407_L1A0004724410_0_12800.png,1,2,0,0.8720703125,0.6044921875,0.041015625,0.037109375,436.0,300.0,21.0,19.0,457.0,319.0,399.0,28.319604517012593,1.105263157894737,55.0,False,True,small,GF1_WFV4_E124.0_N35.2_20200407_L1A0004724410,WFV4,2020-04-07
GF1_WFV4_E124.0_N35.2_20200407_L1A0004724410_0_4096.png,0,1,0,0.0947265625,0.7265625,0.068359375,0.078125,31.0,352.0,35.0,40.0,66.0,392.0,1400.0,53.150729063673246,1.1428571428571428,31.0,False,True,medium,GF1_WFV4_E124.0_N35.2_20200407_L1A0004724410,WFV4,2020-04-07
GF1_WFV4_E124.0_N35.2_20200407_L1A0004724410_0_4608.png,0,1,0,0.037109375,0.130859375,0.0546875,0.05859375,5.0,52.0,28.0,30.0,33.0,82.0,840.0,41.036569057366385,1.0714285714285714,5.0,False,True,small,GF1_WFV4_E124.0_N35.2_20200407_L1A0004724410,WFV4,2020-04-07
GF1_WFV4_E124.0_N35.2_20200407_L1A0004724410_0_5120.png,0,1,0,0.9326171875,0.3642578125,0.052734375,0.056640625,464.0,172.0,27.0,29.0,491.0,201.0,783.0,39.6232255123179,1.0740740740740742,21.0,False,True,small,GF1_WFV4_E124.0_N35.2_20200407_L1A0004724410,WFV4,2020-04-07
GF1_WFV4_E124.0_N35.2_20200407_L1A0004724410_0_7680.png,0,1,0,0.033203125,0.4970703125,0.0546875,0.041015625,3.0,244.0,28.0,21.0,31.0,265.0,588.0,35.0,1.3333333333333333,3.0,False,True,small,GF1_WFV4_E124.0_N35.2_20200407_L1A0004724410,WFV4,2020-04-07
GF1_WFV4_E124.0_N35.2_20200407_L1A0004724410_0_7680.png,1,2,0,0.693359375,0.95703125,0.10546875,0.0390625,328.0,480.0,54.0,20.0,382.0,500.0,1080.0,57.584720195551874,2.7,12.0,False,True,medium,GF1_WFV4_E124.0_N35.2_20200407_L1A0004724410,WFV4,2020-04-07
GF1_WFV4_E124.0_N35.2_20200407_L1A0004724410_0_7680.png,2,3,0,0.8046875,0.7314453125,0.0546875,0.048828125,398.0,362.0,28.0,25.0,426.0,387.0,700.0,37.53664875824692,1.12,86.0,False,True,small,GF1_WFV4_E124.0_N35.2_20200407_L1A0004724410,WFV4,2020-04-07
GF1_WFV4_E124.0_N35.2_20200407_L1A0004724410_0_9216.png,0,1,0,0.369140625,0.3291015625,0.05078125,0.052734375,176.0,155.0,26.0,27.0,202.0,182.0,702.0,37.48332962798263,1.0384615384615385,155.0,False,True,small,GF1_WFV4_E124.0_N35.2_20200407_L1A0004724410,WFV4,2020-04-07
GF1_WFV4_E124.0_N35.2_20200407_L1A0004724410_0_9728.png,0,1,0,0.6638225255972696,0.8803108808290155,0.022184300341296925,0.03419689119170988,334.19795221843003,441.9647668393782,11.358361774744026,17.508808290155457,345.55631399317406,459.4735751295337,198.87137880422304,20.870331812105498,1.5414906337186147,52.526424870466315,False,True,small,GF1_WFV4_E124.0_N35.2_20200407_L1A0004724410,WFV4,2020-04-07
GF1_WFV4_E124.0_N35.2_20200407_L1A0004724410_1024_0.png,0,1,0,0.30631399317406144,0.19533678756476686,0.029010238907849817,0.048704663212435245,149.4061433447099,87.5440414507772,14.853242320819106,24.936787564766846,164.259385665529,112.48082901554405,370.39214840227055,29.025199077547807,1.6788783907345333,87.5440414507772,False,True,small,GF1_WFV4_E124.0_N35.2_20200407_L1A0004724410,WFV4,2020-04-07
GF1_WFV4_E124.0_N35.2_20200407_L1A0004724410_1024_1024.png,0,1,0,0.4645904436860068,0.938860103626943,0.05034129692832767,0.07046632124352337,224.9829351535836,462.65699481865283,25.77474402730377,36.078756476683964,250.75767918088738,498.7357512953368,929.9207130099571,44.339757538544305,1.3997716694476159,13.264248704663203,False,True,small,GF1_WFV4_E124.0_N35.2_20200407_L1A0004724410,WFV4,2020-04-07
GF1_WFV4_E124.0_N35.2_20200407_L1A0004724410_1024_11264.png,0,1,0,0.798828125,0.0498046875,0.05078125,0.064453125,396.0,9.0,26.0,33.0,422.0,42.0,858.0,42.01190307520001,1.2692307692307692,9.0,False,True,small,GF1_WFV4_E124.0_N35.2_20200407_L1A0004724410,WFV4,2020-04-07
GF1_WFV4_E124.0_N35.2_20200407_L1A0004724410_1024_11264.png,1,2,0,0.9052734375,0.173828125,0.044921875,0.046875,452.0,77.0,23.0,24.0,475.0,101.0,552.0,33.24154027718932,1.0434782608695652,37.0,False,True,small,GF1_WFV4_E124.0_N35.2_20200407_L1A0004724410,WFV4,2020-04-07
GF1_WFV4_E124.0_N35.2_20200407_L1A0004724410_1024_11264.png,2,3,0,0.9462890625,0.021484375,0.044921875,0.0390625,473.0,1.0,23.0,20.0,496.0,21.0,460.0,30.479501308256342,1.15,1.0,False,True,small,GF1_WFV4_E124.0_N35.2_20200407_L1A0004724410,WFV4,2020-04-07
GF1_WFV4_E124.0_N35.2_20200407_L1A0004724410_1024_11264.png,3,4,0,0.1884765625,0.01171875,0.037109375,0.01953125,87.0,1.0,19.0,10.0,106.0,11.0,190.0,21.470910553583888,1.9,1.0,False,True,small,GF1_WFV4_E124.0_N35.2_20200407_L1A0004724410,WFV4,2020-04-07
GF1_WFV4_E124.0_N35.2_20200407_L1A0004724410_1024_11264.png,4,5,0,0.545221843003413,0.2227979274611399,0.023890784982935176,0.02487046632124354,273.03754266211604,107.70569948186528,12.23208191126281,12.733678756476692,285.26962457337885,120.43937823834197,155.75940158093007,17.657021338747615,1.0410066617320501,107.70569948186528,False,True,small,GF1_WFV4_E124.0_N35.2_20200407_L1A0004724410,WFV4,2020-04-07
GF1_WFV4_E124.0_N35.2_20200407_L1A0004724410_1024_11776.png,0,1,0,0.78515625,0.9658203125,0.05078125,0.037109375,389.0,485.0,26.0,19.0,415.0,504.0,494.0,32.202484376209235,1.368421052631579,8.0,False,True,small,GF1_WFV4_E124.0_N35.2_20200407_L1A0004724410,WFV4,2020-04-07
GF1_WFV4_E124.0_N35.2_20200407_L1A0004724410_1024_4096.png,0,1,0,0.5302901023890785,0.17461139896373057,0.019624573378839605,0.023834196891191706,266.48464163822524,83.29948186528497,10.047781569965878,12.203108808290153,276.5324232081911,95.50259067357513,122.61417178022607,15.807396340470326,1.2145077720207242,83.29948186528497,False,True,small,GF1_WFV4_E124.0_N35.2_20200407_L1A0004724410,WFV4,2020-04-07
GF1_WFV4_E124.0_N35.2_20200407_L1A0004724410_10464_1024.png,0,1,0,0.921875,0.7236328125,0.05078125,0.060546875,459.0,355.0,26.0,31.0,485.0,386.0,806.0,40.45985664828782,1.1923076923076923,27.0,False,True,small,GF1_WFV4_E124.0_N35.2_20200407_L1A0004724410,WFV4,2020-04-07
GF1_WFV4_E124.0_N35.2_20200407_L1A0004724410_10464_1536.png,0,1,0,0.5107421875,0.8017578125,0.060546875,0.048828125,246.0,398.0,31.0,25.0,277.0,423.0,775.0,39.824615503479755,1.24,89.0,False,True,small,GF1_WFV4_E124.0_N35.2_20200407_L1A0004724410,WFV4,2020-04-07
GF1_WFV4_E124.0_N35.2_20200407_L1A0004724410_10976_10752.png,0,1,0,0.5439453125,0.3525390625,0.072265625,0.044921875,260.0,169.0,37.0,23.0,297.0,192.0,851.0,43.56604182158393,1.608695652173913,169.0,False,True,small,GF1_WFV4_E124.0_N35.2_20200407_L1A0004724410,WFV4,2020-04-07
GF1_WFV4_E124.0_N35.2_20200407_L1A0004724410_11488_10240.png,0,1,0,0.8139931740614335,0.41347150259067356,0.023890784982935065,0.03523316062176168,410.64846416382255,202.67772020725386,12.232081911262753,18.039378238341982,422.8805460750853,220.71709844559584,220.6591522396499,21.79548107085062,1.4747594374537445,89.1194539249147,False,True,small,GF1_WFV4_E124.0_N35.2_20200407_L1A0004724410,WFV4,2020-04-07
GF1_WFV4_E124.0_N35.2_20200407_L1A0004724410_11488_10752.png,0,1,0,0.255859375,0.1162109375,0.0546875,0.048828125,117.0,47.0,28.0,25.0,145.0,72.0,700.0,37.53664875824692,1.12,47.0,False,True,small,GF1_WFV4_E124.0_N35.2_20200407_L1A0004724410,WFV4,2020-04-07
GF1_WFV4_E124.0_N35.2_20200407_L1A0004724410_11488_1536.png,0,1,0,0.0146484375,0.6865234375,0.029296875,0.060546875,0.0,336.0,15.0,31.0,15.0,367.0,465.0,34.438350715445125,2.066666666666667,0.0,True,True,small,GF1_WFV4_E124.0_N35.2_20200407_L1A0004724410,WFV4,2020-04-07
GF1_WFV4_E124.0_N35.2_20200407_L1A0004724410_11488_1536.png,1,2,0,0.1298828125,0.7216796875,0.064453125,0.068359375,50.0,352.0,33.0,35.0,83.0,387.0,1155.0,48.104053883222775,1.0606060606060606,50.0,False,True,medium,GF1_WFV4_E124.0_N35.2_20200407_L1A0004724410,WFV4,2020-04-07
GF1_WFV4_E124.0_N35.2_20200407_L1A0004724410_1536_1024.png,0,1,0,0.263671875,0.0634765625,0.05078125,0.037109375,122.0,23.0,26.0,19.0,148.0,42.0,494.0,32.202484376209235,1.368421052631579,23.0,False,True,small,GF1_WFV4_E124.0_N35.2_20200407_L1A0004724410,WFV4,2020-04-07
GF1_WFV4_E124.0_N35.2_20200407_L1A0004724410_1536_1024.png,1,2,0,0.60546875,0.115234375,0.05078125,0.04296875,297.0,48.0,26.0,22.0,323.0,70.0,572.0,34.058772731852805,1.1818181818181819,48.0,False,True,small,GF1_WFV4_E124.0_N35.2_20200407_L1A0004724410,WFV4,2020-04-07
GF1_WFV4_E124.0_N35.2_20200407_L1A0004724410_1536_10240.png,0,1,0,0.0908203125,0.8486328125,0.060546875,0.048828125,31.0,422.0,31.0,25.0,62.0,447.0,775.0,39.824615503479755,1.24,31.0,False,True,small,GF1_WFV4_E124.0_N35.2_20200407_L1A0004724410,WFV4,2020-04-07
GF1_WFV4_E124.0_N35.2_20200407_L1A0004724410_1536_11776.png,0,1,0,0.34375,0.0166015625,0.046875,0.033203125,164.0,0.0,24.0,17.0,188.0,17.0,408.0,29.410882339705484,1.411764705882353,0.0,True,True,small,GF1_WFV4_E124.0_N35.2_20200407_L1A0004724410,WFV4,2020-04-07
GF1_WFV4_E124.0_N35.2_20200407_L1A0004724410_1536_12288.png,0,1,0,0.4453125,0.21484375,0.0546875,0.0625,214.0,94.0,28.0,32.0,242.0,126.0,896.0,42.5205832509386,1.1428571428571428,94.0,False,True,small,GF1_WFV4_E124.0_N35.2_20200407_L1A0004724410,WFV4,2020-04-07
GF1_WFV4_E124.0_N35.2_20200407_L1A0004724410_1536_12288.png,1,2,0,0.5302734375,0.40625,0.044921875,0.05078125,260.0,195.0,23.0,26.0,283.0,221.0,598.0,34.713109915419565,1.1304347826086956,195.0,False,True,small,GF1_WFV4_E124.0_N35.2_20200407_L1A0004724410,WFV4,2020-04-07
GF1_WFV4_E124.0_N35.2_20200407_L1A0004724410_1536_12288.png,2,3,0,0.34765625,0.421875,0.0546875,0.0703125,164.0,198.0,28.0,36.0,192.0,234.0,1008.0,45.60701700396552,1.2857142857142858,164.0,False,True,small,GF1_WFV4_E124.0_N35.2_20200407_L1A0004724410,WFV4,2020-04-07
GF1_WFV4_E124.0_N35.2_20200407_L1A0004724410_1536_12800.png,0,1,0,0.3427734375,0.0634765625,0.064453125,0.056640625,159.0,18.0,33.0,29.0,192.0,47.0,957.0,43.93176527297759,1.1379310344827587,18.0,False,True,small,GF1_WFV4_E124.0_N35.2_20200407_L1A0004724410,WFV4,2020-04-07
GF1_WFV4_E124.0_N35.2_20200407_L1A0004724410_2048_1024.png,0,1,0,0.2841796875,0.494140625,0.044921875,0.03515625,134.0,244.0,23.0,18.0,157.0,262.0,414.0,29.206163733020468,1.2777777777777777,134.0,False,True,small,GF1_WFV4_E124.0_N35.2_20200407_L1A0004724410,WFV4,2020-04-07
GF1_WFV4_E124.0_N35.2_20200407_L1A0004724410_2048_11776.png,0,1,0,0.1318359375,0.15234375,0.076171875,0.03125,48.0,70.0,39.0,16.0,87.0,86.0,624.0,42.15447781671598,2.4375,48.0,False,True,small,GF1_WFV4_E124.0_N35.2_20200407_L1A0004724410,WFV4,2020-04-07
GF1_WFV4_E124.0_N35.2_20200407_L1A0004724410_2048_11776.png,1,2,0,0.33788395904436863,0.3450777202072539,0.01706484641638223,0.0227979274611399,168.62798634812287,170.8435233160622,8.737201365187701,11.672538860103629,177.36518771331058,182.51606217616583,101.98532246370392,14.580358402195301,1.3359585492227999,168.62798634812287,False,True,small,GF1_WFV4_E124.0_N35.2_20200407_L1A0004724410,WFV4,2020-04-07
GF1_WFV4_E124.0_N35.2_20200407_L1A0004724410_2048_11776.png,2,3,0,0.33831058020477817,0.3051813471502591,0.019624573378839605,0.02797927461139893,168.19112627986348,149.09015544041452,10.047781569965878,14.325388601036252,178.23890784982936,163.41554404145077,143.93837556809132,17.497847669026193,1.4257265149808487,149.09015544041452,False,True,small,GF1_WFV4_E124.0_N35.2_20200407_L1A0004724410,WFV4,2020-04-07
GF1_WFV4_E124.0_N35.2_20200407_L1A0004724410_2048_1536.png,0,1,0,0.8519624573378839,0.02642487046632124,0.023037542662115995,0.03419689119170985,430.30716723549483,4.775129533678754,11.79522184300339,17.508808290155443,442.1023890784982,22.283937823834197,206.5202779890003,21.11126775130002,1.4843983880253342,4.775129533678754,False,True,small,GF1_WFV4_E124.0_N35.2_20200407_L1A0004724410,WFV4,2020-04-07
GF1_WFV4_E124.0_N35.2_20200407_L1A0004724410_2048_3072.png,0,1,0,0.37109375,0.2607421875,0.0546875,0.083984375,176.0,112.0,28.0,43.0,204.0,155.0,1204.0,51.31276644267,1.5357142857142858,112.0,False,True,medium,GF1_WFV4_E124.0_N35.2_20200407_L1A0004724410,WFV4,2020-04-07
GF1_WFV4_E124.0_N35.2_20200407_L1A0004724410_2048_4608.png,0,1,0,0.0224609375,0.6796875,0.041015625,0.05859375,1.0,333.0,21.0,30.0,22.0,363.0,630.0,36.61966684720111,1.4285714285714286,1.0,False,True,small,GF1_WFV4_E124.0_N35.2_20200407_L1A0004724410,WFV4,2020-04-07
GF1_WFV4_E124.0_N35.2_20200407_L1A0004724410_2048_5632.png,0,1,0,0.734375,0.5927734375,0.05078125,0.048828125,363.0,291.0,26.0,25.0,389.0,316.0,650.0,36.069377593742864,1.04,123.0,False,True,small,GF1_WFV4_E124.0_N35.2_20200407_L1A0004724410,WFV4,2020-04-07
GF1_WFV4_E124.0_N35.2_20200407_L1A0004724410_2560_4608.png,0,1,0,0.25,0.7216796875,0.05078125,0.060546875,115.0,354.0,26.0,31.0,141.0,385.0,806.0,40.45985664828782,1.1923076923076923,115.0,False,True,small,GF1_WFV4_E124.0_N35.2_20200407_L1A0004724410,WFV4,2020-04-07
GF1_WFV4_E124.0_N35.2_20200407_L1A0004724410_2560_512.png,0,1,0,0.5126953125,0.0556640625,0.052734375,0.037109375,249.0,19.0,27.0,19.0,276.0,38.0,513.0,33.015148038438355,1.4210526315789473,19.0,False,True,small,GF1_WFV4_E124.0_N35.2_20200407_L1A0004724410,WFV4,2020-04-07
GF1_WFV4_E124.0_N35.2_20200407_L1A0004724410_3072_0.png,0,1,0,0.1005859375,0.9150390625,0.041015625,0.029296875,41.0,461.0,21.0,15.0,62.0,476.0,315.0,25.80697580112788,1.4,36.0,False,True,small,GF1_WFV4_E124.0_N35.2_20200407_L1A0004724410,WFV4,2020-04-07
GF1_WFV4_E124.0_N35.2_20200407_L1A0004724410_3072_0.png,1,2,0,0.115234375,0.9677734375,0.046875,0.033203125,47.0,487.0,24.0,17.0,71.0,504.0,408.0,29.410882339705484,1.411764705882353,8.0,False,True,small,GF1_WFV4_E124.0_N35.2_20200407_L1A0004724410,WFV4,2020-04-07
GF1_WFV4_E124.0_N35.2_20200407_L1A0004724410_3072_11264.png,0,1,0,0.744140625,0.9755859375,0.05859375,0.048828125,366.0,487.0,30.0,25.0,396.0,512.0,750.0,39.05124837953327,1.2,0.0,True,True,small,GF1_WFV4_E124.0_N35.2_20200407_L1A0004724410,WFV4,2020-04-07
GF1_WFV4_E124.0_N35.2_20200407_L1A0004724410_3072_1536.png,0,1,0,0.138671875,0.109375,0.0625,0.06640625,55.0,39.0,32.0,34.0,87.0,73.0,1088.0,46.69047011971501,1.0625,39.0,False,True,medium,GF1_WFV4_E124.0_N35.2_20200407_L1A0004724410,WFV4,2020-04-07
GF1_WFV4_E124.0_N35.2_20200407_L1A0004724410_3072_1536.png,1,2,0,0.2646484375,0.0302734375,0.041015625,0.033203125,125.0,7.0,21.0,17.0,146.0,24.0,357.0,27.018512172212592,1.2352941176470589,7.0,False,True,small,GF1_WFV4_E124.0_N35.2_20200407_L1A0004724410,WFV4,2020-04-07
GF1_WFV4_E124.0_N35.2_20200407_L1A0004724410_3072_1536.png,2,3,0,0.2861328125,0.08203125,0.041015625,0.03125,136.0,34.0,21.0,16.0,157.0,50.0,336.0,26.40075756488817,1.3125,34.0,False,True,small,GF1_WFV4_E124.0_N35.2_20200407_L1A0004724410,WFV4,2020-04-07
GF1_WFV4_E124.0_N35.2_20200407_L1A0004724410_3072_2048.png,0,1,0,0.275390625,0.9638671875,0.07421875,0.060546875,122.0,478.0,38.0,31.0,160.0,509.0,1178.0,49.040799340956916,1.2258064516129032,3.0,False,True,medium,GF1_WFV4_E124.0_N35.2_20200407_L1A0004724410,WFV4,2020-04-07
GF1_WFV4_E124.0_N35.2_20200407_L1A0004724410_3072_4608.png,0,1,0,0.306640625,0.3271484375,0.046875,0.037109375,145.0,158.0,24.0,19.0,169.0,177.0,456.0,30.610455730027933,1.263157894736842,145.0,False,True,small,GF1_WFV4_E124.0_N35.2_20200407_L1A0004724410,WFV4,2020-04-07
GF1_WFV4_E124.0_N35.2_20200407_L1A0004724410_3072_512.png,0,1,0,0.9287109375,0.2216796875,0.072265625,0.068359375,457.0,96.0,37.0,35.0,494.0,131.0,1295.0,50.93132631298737,1.0571428571428572,18.0,False,True,medium,GF1_WFV4_E124.0_N35.2_20200407_L1A0004724410,WFV4,2020-04-07
GF1_WFV4_E124.0_N35.2_20200407_L1A0004724410_3584_4608.png,0,1,0,0.35546875,0.9638671875,0.05859375,0.060546875,167.0,478.0,30.0,31.0,197.0,509.0,930.0,43.139309220245984,1.0333333333333334,3.0,False,True,small,GF1_WFV4_E124.0_N35.2_20200407_L1A0004724410,WFV4,2020-04-07
GF1_WFV4_E124.0_N35.2_20200407_L1A0004724410_5120_0.png,0,1,0,0.31783276450511944,0.5300518134715027,0.03498293515358358,0.034196891191709766,153.77474402730377,262.63212435233163,17.911262798634795,17.5088082901554,171.68600682593856,280.14093264248703,313.60486657588893,25.047389141049674,1.0229858310063102,153.77474402730377,False,True,small,GF1_WFV4_E124.0_N35.2_20200407_L1A0004724410,WFV4,2020-04-07
GF1_WFV4_E124.0_N35.2_20200407_L1A0004724410_5120_0.png,1,2,0,0.28455631399317405,0.510880829015544,0.024744027303754246,0.024870466321243512,139.35836177474403,255.20414507772017,12.668941979522174,12.733678756476678,152.0273037542662,267.9378238341968,161.3222373516771,17.962423710447446,1.0051098802930145,139.35836177474403,False,True,small,GF1_WFV4_E124.0_N35.2_20200407_L1A0004724410,WFV4,2020-04-07
GF1_WFV4_E124.0_N35.2_20200407_L1A0004724410_5120_5120.png,0,1,0,0.6083984375,0.923828125,0.056640625,0.0625,297.0,457.0,29.0,32.0,326.0,489.0,928.0,43.18564576337837,1.103448275862069,23.0,False,True,small,GF1_WFV4_E124.0_N35.2_20200407_L1A0004724410,WFV4,2020-04-07
GF1_WFV4_E124.0_N35.2_20200407_L1A0004724410_5120_5120.png,1,2,0,0.7696245733788396,0.438860103626943,0.017064846416382284,0.025906735751295318,389.679180887372,218.0642487046632,8.73720136518773,13.264248704663203,398.41638225255974,231.32849740932642,115.89241189057292,15.883292523749532,1.5181347150259028,113.58361774744026,False,True,small,GF1_WFV4_E124.0_N35.2_20200407_L1A0004724410,WFV4,2020-04-07
GF1_WFV4_E124.0_N35.2_20200407_L1A0004724410_5120_5120.png,2,3,0,0.7849829351535836,0.49948186528497407,0.018771331058020424,0.029015544041450736,397.1058020477816,248.30673575129532,9.610921501706457,14.855958549222777,406.71672354948805,263.16269430051807,142.77945144918505,17.693764905417638,1.5457371643900164,105.28327645051195,False,True,small,GF1_WFV4_E124.0_N35.2_20200407_L1A0004724410,WFV4,2020-04-07
GF1_WFV4_E124.0_N35.2_20200407_L1A0004724410_512_0.png,0,1,0,0.8259385665529011,0.8357512953367876,0.04095563139931746,0.0694300518134715,412.39590443686006,410.1305699481866,20.96928327645054,35.54818652849741,433.3651877133106,445.678756476684,745.4199932801652,41.272077808039576,1.695250431778927,66.32124352331601,False,True,small,GF1_WFV4_E124.0_N35.2_20200407_L1A0004724410,WFV4,2020-04-07
GF1_WFV4_E124.0_N35.2_20200407_L1A0004724410_512_10240.png,0,1,0,0.049914675767918096,0.9715025906735751,0.03156996587030717,0.04663212435233155,17.47440273037543,485.4715025906736,16.163822525597272,23.875647668393754,33.6382252559727,509.34715025906735,385.92173159560696,28.83254602396885,1.4771040470522316,2.652849740932652,False,True,small,GF1_WFV4_E124.0_N35.2_20200407_L1A0004724410,WFV4,2020-04-07
GF1_WFV4_E124.0_N35.2_20200407_L1A0004724410_512_10752.png,0,1,0,0.5883105802047781,0.5466321243523315,0.029863481228668998,0.04248704663212444,293.5699658703071,268.9989637305699,15.290102389078527,21.75336787564771,308.8600682593856,290.75233160621764,332.6112221259452,26.589400989901346,1.4227091043671356,203.13993174061437,False,True,small,GF1_WFV4_E124.0_N35.2_20200407_L1A0004724410,WFV4,2020-04-07
GF1_WFV4_E124.0_N35.2_20200407_L1A0004724410_512_11264.png,0,1,0,0.25127986348122866,0.4585492227979275,0.026450511945392496,0.040414507772020714,121.8839590443686,224.43108808290157,13.542662116040958,20.692227979274605,135.42662116040955,245.12331606217617,280.22785195140494,24.729981721293807,1.5279291325422022,121.8839590443686,False,True,small,GF1_WFV4_E124.0_N35.2_20200407_L1A0004724410,WFV4,2020-04-07
GF1_WFV4_E124.0_N35.2_20200407_L1A0004724410_512_11776.png,0,1,0,0.1767578125,0.12890625,0.048828125,0.0546875,78.0,52.0,25.0,28.0,103.0,80.0,700.0,37.53664875824692,1.12,52.0,False,True,small,GF1_WFV4_E124.0_N35.2_20200407_L1A0004724410,WFV4,2020-04-07
GF1_WFV4_E124.0_N35.2_20200407_L1A0004724410_512_12288.png,0,1,0,0.3349609375,0.4833984375,0.037109375,0.029296875,162.0,240.0,19.0,15.0,181.0,255.0,285.0,24.20743687382041,1.2666666666666666,162.0,False,True,small,GF1_WFV4_E124.0_N35.2_20200407_L1A0004724410,WFV4,2020-04-07
GF1_WFV4_E124.0_N35.2_20200407_L1A0004724410_512_12288.png,1,2,0,0.1220703125,0.0205078125,0.060546875,0.037109375,47.0,1.0,31.0,19.0,78.0,20.0,589.0,36.359317925395686,1.631578947368421,1.0,False,True,small,GF1_WFV4_E124.0_N35.2_20200407_L1A0004724410,WFV4,2020-04-07
GF1_WFV4_E124.0_N35.2_20200407_L1A0004724410_512_12288.png,2,3,0,0.3466796875,0.7607421875,0.068359375,0.041015625,160.0,379.0,35.0,21.0,195.0,400.0,735.0,40.8166632639171,1.6666666666666667,112.0,False,True,small,GF1_WFV4_E124.0_N35.2_20200407_L1A0004724410,WFV4,2020-04-07
GF1_WFV4_E124.0_N35.2_20200407_L1A0004724410_512_12800.png,0,1,0,0.841296928327645,0.6689119170984457,0.029010238907849817,0.050777202072538885,423.31740614334467,329.48393782383425,14.853242320819106,25.99792746113991,438.1706484641638,355.48186528497416,386.1535164193885,29.941794196668717,1.7503200243828116,73.82935153583622,False,True,small,GF1_WFV4_E124.0_N35.2_20200407_L1A0004724410,WFV4,2020-04-07
GF1_WFV4_E124.0_N35.2_20200407_L1A0004724410_512_512.png,0,1,0,0.30802047781569963,0.13834196891191708,0.03242320819112626,0.044559585492227965,149.4061433447099,59.423834196891185,16.600682593856646,22.81450777202072,166.00682593856655,82.2383419689119,378.7364020583915,28.214968145677016,1.374311426233979,59.423834196891185,False,True,small,GF1_WFV4_E124.0_N35.2_20200407_L1A0004724410,WFV4,2020-04-07
GF1_WFV4_E124.0_N35.2_20200407_L1A0004724410_512_512.png,1,2,0,0.34044368600682595,0.3227979274611399,0.029010238907849817,0.050777202072538885,166.88054607508533,152.27357512953367,14.853242320819106,25.99792746113991,181.73378839590444,178.27150259067358,386.1535164193885,29.941794196668717,1.7503200243828116,152.27357512953367,False,True,small,GF1_WFV4_E124.0_N35.2_20200407_L1A0004724410,WFV4,2020-04-07
GF1_WFV4_E124.0_N35.2_20200407_L1A0004724410_512_512.png,2,3,0,0.6151877133105802,0.24766839378238342,0.03583617747440271,0.05181347150259066,305.80204778156997,113.54196891191711,18.348122866894187,26.52849740932642,324.15017064846415,140.07046632124354,486.74812994040525,32.25546135982687,1.4458425857389594,113.54196891191711,False,True,small,GF1_WFV4_E124.0_N35.2_20200407_L1A0004724410,WFV4,2020-04-07
GF1_WFV4_E124.0_N35.2_20200407_L1A0004724410_512_5632.png,0,1,0,0.7998046875,0.1025390625,0.064453125,0.064453125,393.0,36.0,33.0,33.0,426.0,69.0,1089.0,46.66904755831214,1.0,36.0,False,True,medium,GF1_WFV4_E124.0_N35.2_20200407_L1A0004724410,WFV4,2020-04-07
GF1_WFV4_E124.0_N35.2_20200407_L1A0004724410_512_7168.png,0,1,0,0.3076171875,0.9521484375,0.044921875,0.041015625,146.0,477.0,23.0,21.0,169.0,498.0,483.0,31.144823004794873,1.0952380952380953,14.0,False,True,small,GF1_WFV4_E124.0_N35.2_20200407_L1A0004724410,WFV4,2020-04-07
GF1_WFV4_E124.0_N35.2_20200407_L1A0004724410_512_7680.png,0,1,0,0.1845703125,0.67578125,0.044921875,0.046875,83.0,334.0,23.0,24.0,106.0,358.0,552.0,33.24154027718932,1.0434782608695652,83.0,False,True,small,GF1_WFV4_E124.0_N35.2_20200407_L1A0004724410,WFV4,2020-04-07
GF1_WFV4_E124.0_N35.2_20200407_L1A0004724410_512_7680.png,1,2,0,0.8232421875,0.6259765625,0.052734375,0.044921875,408.0,309.0,27.0,23.0,435.0,332.0,621.0,35.4682957019364,1.173913043478261,77.0,False,True,small,GF1_WFV4_E124.0_N35.2_20200407_L1A0004724410,WFV4,2020-04-07
GF1_WFV4_E124.0_N35.2_20200407_L1A0004724410_512_7680.png,2,3,0,0.1201171875,0.9150390625,0.056640625,0.029296875,47.0,461.0,29.0,15.0,76.0,476.0,435.0,32.64965543462902,1.9333333333333333,36.0,False,True,small,GF1_WFV4_E124.0_N35.2_20200407_L1A0004724410,WFV4,2020-04-07
GF1_WFV4_E124.0_N35.2_20200407_L1A0004724410_512_7680.png,3,4,0,0.181640625,0.9453125,0.05859375,0.03125,78.0,476.0,30.0,16.0,108.0,492.0,480.0,34.0,1.875,20.0,False,True,small,GF1_WFV4_E124.0_N35.2_20200407_L1A0004724410,WFV4,2020-04-07
GF1_WFV4_E124.0_N35.2_20200407_L1A0004724410_512_8192.png,0,1,0,0.1591796875,0.1484375,0.048828125,0.03515625,69.0,67.0,25.0,18.0,94.0,85.0,450.0,30.805843601498726,1.3888888888888888,67.0,False,True,small,GF1_WFV4_E124.0_N35.2_20200407_L1A0004724410,WFV4,2020-04-07
GF1_WFV4_E124.0_N35.2_20200407_L1A0004724410_5632_0.png,0,1,0,0.412109375,0.9833984375,0.08203125,0.033203125,190.0,495.0,42.0,17.0,232.0,512.0,714.0,45.31004303683677,2.4705882352941178,0.0,True,True,small,GF1_WFV4_E124.0_N35.2_20200407_L1A0004724410,WFV4,2020-04-07
GF1_WFV4_E124.0_N35.2_20200407_L1A0004724410_6144_7680.png,0,1,0,0.138671875,0.7490234375,0.0625,0.064453125,55.0,367.0,32.0,33.0,87.0,400.0,1056.0,45.967379738244816,1.03125,55.0,False,True,medium,GF1_WFV4_E124.0_N35.2_20200407_L1A0004724410,WFV4,2020-04-07
GF1_WFV4_E124.0_N35.2_20200407_L1A0004724410_6144_9216.png,0,1,0,0.62890625,0.1591796875,0.06640625,0.060546875,305.0,66.0,34.0,31.0,339.0,97.0,1054.0,46.010868281309364,1.096774193548387,66.0,False,True,medium,GF1_WFV4_E124.0_N35.2_20200407_L1A0004724410,WFV4,2020-04-07
GF1_WFV4_E124.0_N35.2_20200407_L1A0004724410_6144_9216.png,1,2,0,0.2109375,0.3505859375,0.07421875,0.033203125,89.0,171.0,38.0,17.0,127.0,188.0,646.0,41.6293165929973,2.235294117647059,89.0,False,True,small,GF1_WFV4_E124.0_N35.2_20200407_L1A0004724410,WFV4,2020-04-07
GF1_WFV4_E124.0_N35.2_20200407_L1A0004724410_6656_12288.png,0,1,0,0.07295221843003413,0.9082901554404146,0.041808873720136516,0.030051813471502542,26.648464163822528,457.35129533678764,21.406143344709896,15.386528497409302,48.05460750853243,472.73782383419694,329.3662345930073,26.362250133398256,1.3912263151700621,26.648464163822528,False,True,small,GF1_WFV4_E124.0_N35.2_20200407_L1A0004724410,WFV4,2020-04-07
GF1_WFV4_E124.0_N35.2_20200407_L1A0004724410_7168_12800.png,0,1,0,0.4140625,0.6416015625,0.078125,0.060546875,192.0,313.0,40.0,31.0,232.0,344.0,1240.0,50.60632371551998,1.2903225806451613,168.0,False,True,medium,GF1_WFV4_E124.0_N35.2_20200407_L1A0004724410,WFV4,2020-04-07
GF1_WFV4_E124.0_N35.2_20200407_L1A0004724410_7168_5120.png,0,1,0,0.91015625,0.35546875,0.0546875,0.05078125,452.0,169.0,28.0,26.0,480.0,195.0,728.0,38.2099463490856,1.0769230769230769,32.0,False,True,small,GF1_WFV4_E124.0_N35.2_20200407_L1A0004724410,WFV4,2020-04-07
GF1_WFV4_E124.0_N35.2_20200407_L1A0004724410_7680_12288.png,0,1,0,0.060546875,0.0859375,0.0546875,0.05859375,17.0,29.0,28.0,30.0,45.0,59.0,840.0,41.036569057366385,1.0714285714285714,17.0,False,True,small,GF1_WFV4_E124.0_N35.2_20200407_L1A0004724410,WFV4,2020-04-07
GF1_WFV4_E124.0_N35.2_20200407_L1A0004724410_7680_9728.png,0,1,0,0.14453125,0.6337890625,0.078125,0.037109375,54.0,315.0,40.0,19.0,94.0,334.0,760.0,44.28317965096906,2.1052631578947367,54.0,False,True,small,GF1_WFV4_E124.0_N35.2_20200407_L1A0004724410,WFV4,2020-04-07
GF1_WFV4_E124.0_N35.2_20200407_L1A0004724410_8192_4608.png,0,1,0,0.275390625,0.32421875,0.046875,0.05078125,129.0,153.0,24.0,26.0,153.0,179.0,624.0,35.38361202590826,1.0833333333333333,129.0,False,True,small,GF1_WFV4_E124.0_N35.2_20200407_L1A0004724410,WFV4,2020-04-07
GF1_WFV4_E124.0_N35.2_20200407_L1A0004724410_8704_1024.png,0,1,0,0.7431640625,0.2490234375,0.048828125,0.048828125,368.0,115.0,25.0,25.0,393.0,140.0,625.0,35.35533905932738,1.0,115.0,False,True,small,GF1_WFV4_E124.0_N35.2_20200407_L1A0004724410,WFV4,2020-04-07
GF1_WFV4_E124.0_N35.2_20200407_L1A0004724410_8704_4608.png,0,1,0,0.314453125,0.6708984375,0.05859375,0.048828125,146.0,331.0,30.0,25.0,176.0,356.0,750.0,39.05124837953327,1.2,146.0,False,True,small,GF1_WFV4_E124.0_N35.2_20200407_L1A0004724410,WFV4,2020-04-07
GF1_WFV4_E124.0_N35.2_20200407_L1A0004724410_9216_10240.png,0,1,0,0.84765625,0.1796875,0.05859375,0.03515625,419.0,83.0,30.0,18.0,449.0,101.0,540.0,34.9857113690718,1.6666666666666667,63.0,False,True,small,GF1_WFV4_E124.0_N35.2_20200407_L1A0004724410,WFV4,2020-04-07
GF1_WFV4_E124.0_N35.2_20200407_L1A0004724410_9216_9216.png,0,1,0,0.142578125,0.9521484375,0.08984375,0.087890625,50.0,465.0,46.0,45.0,96.0,510.0,2070.0,64.35060217278468,1.0222222222222221,2.0,False,True,medium,GF1_WFV4_E124.0_N35.2_20200407_L1A0004724410,WFV4,2020-04-07
GF1_WFV4_E124.0_N35.2_20200407_L1A0004724410_9728_11264.png,0,1,0,0.7978515625,0.4375,0.060546875,0.078125,393.0,204.0,31.0,40.0,424.0,244.0,1240.0,50.60632371551998,1.2903225806451613,88.0,False,True,medium,GF1_WFV4_E124.0_N35.2_20200407_L1A0004724410,WFV4,2020-04-07
GF1_WFV4_E124.0_N35.2_20200407_L1A0004724410_9728_11264.png,1,2,0,0.3203125,0.0966796875,0.046875,0.037109375,152.0,40.0,24.0,19.0,176.0,59.0,456.0,30.610455730027933,1.263157894736842,40.0,False,True,small,GF1_WFV4_E124.0_N35.2_20200407_L1A0004724410,WFV4,2020-04-07
GF1_WFV4_E124.0_N35.2_20200407_L1A0004724410_9728_4096.png,0,1,0,0.373046875,0.7001953125,0.05859375,0.056640625,176.0,344.0,30.0,29.0,206.0,373.0,870.0,41.72529209005013,1.0344827586206897,139.0,False,True,small,GF1_WFV4_E124.0_N35.2_20200407_L1A0004724410,WFV4,2020-04-07
GF1_WFV4_E124.0_N35.2_20200407_L1A0004724410_9728_7680.png,0,1,0,0.3037109375,0.173828125,0.064453125,0.0703125,139.0,71.0,33.0,36.0,172.0,107.0,1188.0,48.83646178829912,1.0909090909090908,71.0,False,True,medium,GF1_WFV4_E124.0_N35.2_20200407_L1A0004724410,WFV4,2020-04-07
GF1_WFV4_E124.0_N35.2_20200407_L1A0004724410_9728_8704.png,0,1,0,0.70703125,0.5009765625,0.05859375,0.060546875,347.0,241.0,30.0,31.0,377.0,272.0,930.0,43.139309220245984,1.0333333333333334,135.0,False,True,small,GF1_WFV4_E124.0_N35.2_20200407_L1A0004724410,WFV4,2020-04-07
GF1_WFV4_E124.0_N36.8_20191202_L1A0004438746_3072_5120.png,0,1,0,0.044921875,0.376953125,0.04296875,0.046875,12.0,181.0,22.0,24.0,34.0,205.0,528.0,32.55764119219941,1.0909090909090908,12.0,False,True,small,GF1_WFV4_E124.0_N36.8_20191202_L1A0004438746,WFV4,2019-12-02
GF1_WFV4_E124.0_N36.8_20191202_L1A0004438746_3072_6144.png,0,1,0,0.3798828125,0.111328125,0.044921875,0.05859375,183.0,42.0,23.0,30.0,206.0,72.0,690.0,37.8021163428716,1.3043478260869565,42.0,False,True,small,GF1_WFV4_E124.0_N36.8_20191202_L1A0004438746,WFV4,2019-12-02
GF1_WFV4_E124.0_N36.8_20191202_L1A0004438746_4608_7680.png,0,1,0,0.7373046875,0.8818359375,0.064453125,0.052734375,361.0,438.0,33.0,27.0,394.0,465.0,891.0,42.638011210655684,1.2222222222222223,47.0,False,True,small,GF1_WFV4_E124.0_N36.8_20191202_L1A0004438746,WFV4,2019-12-02
GF1_WFV4_E124.1_N30.1_20190629_L2A0004085462_10752_12288.png,0,1,0,0.982421875,0.86328125,0.03515625,0.0625,494.0,426.0,18.0,32.0,512.0,458.0,576.0,36.71511950137164,1.7777777777777777,0.0,True,True,small,GF1_WFV4_E124.1_N30.1_20190629_L2A0004085462,WFV4,2019-06-29
GF1_WFV4_E124.1_N30.1_20190629_L2A0004085462_12288_8704.png,0,1,0,0.537109375,0.107421875,0.05859375,0.0390625,260.0,45.0,30.0,20.0,290.0,65.0,600.0,36.05551275463989,1.5,45.0,False,True,small,GF1_WFV4_E124.1_N30.1_20190629_L2A0004085462,WFV4,2019-06-29
GF1_WFV4_E124.1_N30.1_20190629_L2A0004085462_14848_15757.png,0,1,0,0.4375,0.3720703125,0.06640625,0.052734375,207.0,177.0,34.0,27.0,241.0,204.0,918.0,43.41658669218482,1.2592592592592593,177.0,False,True,small,GF1_WFV4_E124.1_N30.1_20190629_L2A0004085462,WFV4,2019-06-29
GF1_WFV4_E124.1_N30.1_20190629_L2A0004085462_14848_15757.png,1,2,0,0.7451171875,0.6357421875,0.064453125,0.025390625,365.0,319.0,33.0,13.0,398.0,332.0,429.0,35.4682957019364,2.5384615384615383,114.0,False,True,small,GF1_WFV4_E124.1_N30.1_20190629_L2A0004085462,WFV4,2019-06-29
GF1_WFV4_E124.1_N30.1_20190629_L2A0004085462_16384_10752.png,0,1,0,0.0908203125,0.271484375,0.041015625,0.046875,36.0,127.0,21.0,24.0,57.0,151.0,504.0,31.89043743820395,1.1428571428571428,36.0,False,True,small,GF1_WFV4_E124.1_N30.1_20190629_L2A0004085462,WFV4,2019-06-29
GF1_WFV4_E124.1_N30.1_20190629_L2A0004085462_16384_11776.png,0,1,0,0.595703125,0.244140625,0.0546875,0.04296875,291.0,114.0,28.0,22.0,319.0,136.0,616.0,35.608987629529715,1.2727272727272727,114.0,False,True,small,GF1_WFV4_E124.1_N30.1_20190629_L2A0004085462,WFV4,2019-06-29
GF1_WFV4_E124.1_N33.5_20200812_L1A0004986999_0_9728.png,0,1,0,0.669921875,0.44140625,0.05078125,0.04296875,330.0,215.0,26.0,22.0,356.0,237.0,572.0,34.058772731852805,1.1818181818181819,156.0,False,True,small,GF1_WFV4_E124.1_N33.5_20200812_L1A0004986999,WFV4,2020-08-12
GF1_WFV4_E124.1_N33.5_20200812_L1A0004986999_10464_5120.png,0,1,0,0.30078125,0.8828125,0.05859375,0.04296875,139.0,441.0,30.0,22.0,169.0,463.0,660.0,37.20215047547655,1.3636363636363635,49.0,False,True,small,GF1_WFV4_E124.1_N33.5_20200812_L1A0004986999,WFV4,2020-08-12
GF1_WFV4_E124.1_N33.5_20200812_L1A0004986999_2048_11264.png,0,1,0,0.24609375,0.4091796875,0.05078125,0.044921875,113.0,198.0,26.0,23.0,139.0,221.0,598.0,34.713109915419565,1.1304347826086956,113.0,False,True,small,GF1_WFV4_E124.1_N33.5_20200812_L1A0004986999,WFV4,2020-08-12
GF1_WFV4_E124.1_N33.5_20200812_L1A0004986999_3072_11776.png,0,1,0,0.44921875,0.8828125,0.0546875,0.06640625,216.0,435.0,28.0,34.0,244.0,469.0,952.0,44.04543109109048,1.2142857142857142,43.0,False,True,small,GF1_WFV4_E124.1_N33.5_20200812_L1A0004986999,WFV4,2020-08-12
GF1_WFV4_E124.1_N33.5_20200812_L1A0004986999_4096_4096.png,0,1,0,0.333984375,0.3515625,0.0546875,0.05078125,157.0,167.0,28.0,26.0,185.0,193.0,728.0,38.2099463490856,1.0769230769230769,157.0,False,True,small,GF1_WFV4_E124.1_N33.5_20200812_L1A0004986999,WFV4,2020-08-12
GF1_WFV4_E124.1_N33.5_20200812_L1A0004986999_4096_5632.png,0,1,0,0.666015625,0.2109375,0.05078125,0.04296875,328.0,97.0,26.0,22.0,354.0,119.0,572.0,34.058772731852805,1.1818181818181819,97.0,False,True,small,GF1_WFV4_E124.1_N33.5_20200812_L1A0004986999,WFV4,2020-08-12
GF1_WFV4_E124.1_N33.5_20200812_L1A0004986999_4096_8192.png,0,1,0,0.7578125,0.013671875,0.05078125,0.0234375,375.0,1.0,26.0,12.0,401.0,13.0,312.0,28.635642126552707,2.1666666666666665,1.0,False,True,small,GF1_WFV4_E124.1_N33.5_20200812_L1A0004986999,WFV4,2020-08-12
GF1_WFV4_E124.1_N33.5_20200812_L1A0004986999_4608_4096.png,0,1,0,0.07421875,0.626953125,0.0546875,0.046875,24.0,309.0,28.0,24.0,52.0,333.0,672.0,36.87817782917155,1.1666666666666667,24.0,False,True,small,GF1_WFV4_E124.1_N33.5_20200812_L1A0004986999,WFV4,2020-08-12
GF1_WFV4_E124.1_N33.5_20200812_L1A0004986999_4608_4608.png,0,1,0,0.7329351535836177,0.7383419689119171,0.03754266211604096,0.032124352331606265,365.6518771331058,369.80725388601036,19.22184300341297,16.447668393782408,384.8737201365188,386.25492227979277,316.154499637483,25.29832097273819,1.168666740063854,125.74507772020723,False,True,small,GF1_WFV4_E124.1_N33.5_20200812_L1A0004986999,WFV4,2020-08-12
GF1_WFV4_E124.1_N33.5_20200812_L1A0004986999_4608_5120.png,0,1,0,0.9169921875,0.84765625,0.048828125,0.0546875,457.0,420.0,25.0,28.0,482.0,448.0,700.0,37.53664875824692,1.12,30.0,False,True,small,GF1_WFV4_E124.1_N33.5_20200812_L1A0004986999,WFV4,2020-08-12
GF1_WFV4_E124.1_N33.5_20200812_L1A0004986999_4608_8192.png,0,1,0,0.2978515625,0.8232421875,0.056640625,0.060546875,138.0,406.0,29.0,31.0,167.0,437.0,899.0,42.44997055358225,1.0689655172413792,75.0,False,True,small,GF1_WFV4_E124.1_N33.5_20200812_L1A0004986999,WFV4,2020-08-12
GF1_WFV4_E124.1_N33.5_20200812_L1A0004986999_5120_8704.png,0,1,0,0.4150390625,0.388671875,0.087890625,0.04296875,190.0,188.0,45.0,22.0,235.0,210.0,990.0,50.08991914547278,2.0454545454545454,188.0,False,True,small,GF1_WFV4_E124.1_N33.5_20200812_L1A0004986999,WFV4,2020-08-12
GF1_WFV4_E124.1_N33.5_20200812_L1A0004986999_512_2048.png,0,1,0,0.720703125,0.046875,0.04296875,0.05859375,358.0,9.0,22.0,30.0,380.0,39.0,660.0,37.20215047547655,1.3636363636363635,9.0,False,True,small,GF1_WFV4_E124.1_N33.5_20200812_L1A0004986999,WFV4,2020-08-12
GF1_WFV4_E124.1_N33.5_20200812_L1A0004986999_512_2560.png,0,1,0,0.6064453125,0.2392578125,0.068359375,0.056640625,293.0,108.0,35.0,29.0,328.0,137.0,1015.0,45.45327270945405,1.206896551724138,108.0,False,True,small,GF1_WFV4_E124.1_N33.5_20200812_L1A0004986999,WFV4,2020-08-12
GF1_WFV4_E124.1_N33.5_20200812_L1A0004986999_512_4608.png,0,1,0,0.76171875,0.3466796875,0.04296875,0.048828125,379.0,165.0,22.0,25.0,401.0,190.0,550.0,33.301651610693426,1.1363636363636365,111.0,False,True,small,GF1_WFV4_E124.1_N33.5_20200812_L1A0004986999,WFV4,2020-08-12
GF1_WFV4_E124.1_N33.5_20200812_L1A0004986999_512_9216.png,0,1,0,0.1591796875,0.404296875,0.048828125,0.04296875,69.0,196.0,25.0,22.0,94.0,218.0,550.0,33.301651610693426,1.1363636363636365,69.0,False,True,small,GF1_WFV4_E124.1_N33.5_20200812_L1A0004986999,WFV4,2020-08-12
GF1_WFV4_E124.1_N33.5_20200812_L1A0004986999_8704_9728.png,0,1,0,0.05859375,0.9033203125,0.05078125,0.041015625,17.0,452.0,26.0,21.0,43.0,473.0,546.0,33.421549934136806,1.2380952380952381,17.0,False,True,small,GF1_WFV4_E124.1_N33.5_20200812_L1A0004986999,WFV4,2020-08-12
GF1_WFV4_E124.1_N33.5_20200812_L1A0004986999_9216_9728.png,0,1,0,0.154296875,0.0185546875,0.05078125,0.037109375,66.0,0.0,26.0,19.0,92.0,19.0,494.0,32.202484376209235,1.368421052631579,0.0,True,True,small,GF1_WFV4_E124.1_N33.5_20200812_L1A0004986999,WFV4,2020-08-12
GF1_WFV4_E124.1_N33.5_20200812_L1A0004986999_9728_9216.png,0,1,0,0.8193359375,0.30859375,0.044921875,0.03125,408.0,150.0,23.0,16.0,431.0,166.0,368.0,28.0178514522438,1.4375,81.0,False,True,small,GF1_WFV4_E124.1_N33.5_20200812_L1A0004986999,WFV4,2020-08-12
GF1_WFV4_E124.1_N33.5_20200812_L1A0004986999_9952_10752.png,0,1,0,0.732421875,0.2861328125,0.0625,0.048828125,359.0,134.0,32.0,25.0,391.0,159.0,800.0,40.607881008493905,1.28,121.0,False,True,small,GF1_WFV4_E124.1_N33.5_20200812_L1A0004986999,WFV4,2020-08-12
GF1_WFV4_E124.1_N33.5_20200812_L1A0004986999_9952_5120.png,0,1,0,0.12890625,0.455078125,0.046875,0.04296875,54.0,222.0,24.0,22.0,78.0,244.0,528.0,32.55764119219941,1.0909090909090908,54.0,False,True,small,GF1_WFV4_E124.1_N33.5_20200812_L1A0004986999,WFV4,2020-08-12
GF1_WFV4_E124.1_N35.2_20191206_L1A0004447282_0_11264.png,0,1,0,0.46484375,0.1923828125,0.05078125,0.052734375,225.0,85.0,26.0,27.0,251.0,112.0,702.0,37.48332962798263,1.0384615384615385,85.0,False,True,small,GF1_WFV4_E124.1_N35.2_20191206_L1A0004447282,WFV4,2019-12-06
GF1_WFV4_E124.1_N35.2_20191206_L1A0004447282_0_11776.png,0,1,0,0.7578125,0.6083984375,0.05078125,0.048828125,375.0,299.0,26.0,25.0,401.0,324.0,650.0,36.069377593742864,1.04,111.0,False,True,small,GF1_WFV4_E124.1_N35.2_20191206_L1A0004447282,WFV4,2019-12-06
GF1_WFV4_E124.1_N35.2_20191206_L1A0004447282_0_12800.png,0,1,0,0.8828125,0.2626953125,0.0546875,0.060546875,438.0,119.0,28.0,31.0,466.0,150.0,868.0,41.773197148410844,1.1071428571428572,46.0,False,True,small,GF1_WFV4_E124.1_N35.2_20191206_L1A0004447282,WFV4,2019-12-06
GF1_WFV4_E124.1_N35.2_20191206_L1A0004447282_0_12800.png,1,2,0,0.920221843003413,0.021761658031088083,0.019624573378839494,0.03730569948186529,466.1296928327646,1.5917098445595848,10.04778156996582,19.100518134715028,476.1774744027304,20.692227979274612,191.91783409078758,21.582115454522118,1.9009686866411448,1.5917098445595848,False,True,small,GF1_WFV4_E124.1_N35.2_20191206_L1A0004447282,WFV4,2019-12-06
GF1_WFV4_E124.1_N35.2_20191206_L1A0004447282_2048_7168.png,0,1,0,0.650390625,0.7998046875,0.0546875,0.048828125,319.0,397.0,28.0,25.0,347.0,422.0,700.0,37.53664875824692,1.12,90.0,False,True,small,GF1_WFV4_E124.1_N35.2_20191206_L1A0004447282,WFV4,2019-12-06
GF1_WFV4_E124.1_N35.2_20191206_L1A0004447282_4608_5120.png,0,1,0,0.9755859375,0.1591796875,0.048828125,0.056640625,487.0,67.0,25.0,29.0,512.0,96.0,725.0,38.28837943815329,1.16,0.0,True,True,small,GF1_WFV4_E124.1_N35.2_20191206_L1A0004447282,WFV4,2019-12-06
GF1_WFV4_E124.1_N35.2_20191206_L1A0004447282_5120_5632.png,0,1,0,0.6493174061433447,0.25751295336787566,0.027303754266211677,0.04248704663212435,325.4607508532423,120.96994818652851,13.979522184300379,21.75336787564767,339.4402730375427,142.7233160621762,304.10168880086377,25.857997881402312,1.5560880829015502,120.96994818652851,False,True,small,GF1_WFV4_E124.1_N35.2_20191206_L1A0004447282,WFV4,2019-12-06
GF1_WFV4_E124.1_N35.2_20191206_L1A0004447282_512_1024.png,0,1,0,0.9338737201365188,0.8,0.03668941979522178,0.05803108808290147,468.7508532423209,394.7440414507772,18.78498293515355,29.711917098445554,487.53583617747444,424.45595854922277,558.1378556649967,35.15214931606475,1.5816845403060615,24.464163822525563,False,True,small,GF1_WFV4_E124.1_N35.2_20191206_L1A0004447282,WFV4,2019-12-06
GF1_WFV4_E124.3_N33.5_20200926_L1A0005089385_0_6656.png,0,1,0,0.447265625,0.6650390625,0.05078125,0.052734375,216.0,327.0,26.0,27.0,242.0,354.0,702.0,37.48332962798263,1.0384615384615385,158.0,False,True,small,GF1_WFV4_E124.3_N33.5_20200926_L1A0005089385,WFV4,2020-09-26
GF1_WFV4_E124.3_N33.5_20200926_L1A0005089385_10464_1024.png,0,1,0,0.5823378839590444,0.12849740932642487,0.024744027303754246,0.026943005181347165,291.82252559726965,58.893264248704654,12.668941979522174,13.794818652849749,304.4914675767918,72.6880829015544,174.7657571309837,18.729631938335324,1.0888690369841,58.893264248704654,False,True,small,GF1_WFV4_E124.3_N33.5_20200926_L1A0005089385,WFV4,2020-09-26
GF1_WFV4_E124.3_N33.5_20200926_L1A0005089385_10976_1024.png,0,1,0,0.22141638225255972,0.4471502590673575,0.04010238907849831,0.03212435233160621,103.09897610921502,220.71709844559587,20.532423208191133,16.44766839378238,123.63139931740615,237.16476683937825,337.7104882491291,26.307911327053194,1.2483485632500282,103.09897610921502,False,True,small,GF1_WFV4_E124.3_N33.5_20200926_L1A0005089385,WFV4,2020-09-26
GF1_WFV4_E124.3_N33.5_20200926_L1A0005089385_10976_1024.png,1,2,0,0.51919795221843,0.950259067357513,0.04692832764505117,0.033160621761658016,253.81569965870307,478.0435233160622,24.0273037542662,16.978238341968904,277.84300341296927,495.0217616580311,407.9412898548158,29.420603374106346,1.415182380546075,16.978238341968904,False,True,small,GF1_WFV4_E124.3_N33.5_20200926_L1A0005089385,WFV4,2020-09-26
GF1_WFV4_E124.3_N33.5_20200926_L1A0005089385_3072_6144.png,0,1,0,0.6629692832764505,0.14196891191709843,0.022184300341296925,0.02694300518134715,333.76109215017067,65.79067357512952,11.358361774744026,13.794818652849742,345.1194539249147,79.58549222797926,156.68654087605438,17.869230645749063,1.2145077720207256,65.79067357512952,False,True,small,GF1_WFV4_E124.3_N33.5_20200926_L1A0005089385,WFV4,2020-09-26
GF1_WFV4_E124.3_N33.5_20200926_L1A0005089385_3072_6144.png,1,2,0,0.6292662116040956,0.18808290155440416,0.019624573378839605,0.023834196891191733,317.160409556314,90.19689119170985,10.047781569965878,12.203108808290168,327.20819112627987,102.40000000000002,122.61417178022621,15.807396340470337,1.2145077720207258,90.19689119170985,False,True,small,GF1_WFV4_E124.3_N33.5_20200926_L1A0005089385,WFV4,2020-09-26
GF1_WFV4_E124.3_N33.5_20200926_L1A0005089385_3584_6656.png,0,1,0,0.490234375,0.552734375,0.0546875,0.05859375,237.0,268.0,28.0,30.0,265.0,298.0,840.0,41.036569057366385,1.0714285714285714,214.0,False,True,small,GF1_WFV4_E124.3_N33.5_20200926_L1A0005089385,WFV4,2020-09-26
GF1_WFV4_E124.3_N33.5_20200926_L1A0005089385_3584_6656.png,1,2,0,0.45947098976109213,0.7709844559585493,0.02303754266211605,0.02694300518134718,229.35153583617745,387.84663212435237,11.795221843003418,13.794818652849756,241.14675767918087,401.6414507772021,162.71294629436443,18.150049035489587,1.1695260026866252,110.35854922279788,False,True,small,GF1_WFV4_E124.3_N33.5_20200926_L1A0005089385,WFV4,2020-09-26
GF1_WFV4_E124.3_N33.5_20200926_L1A0005089385_3584_6656.png,2,3,0,0.48250853242320824,0.805699481865285,0.0213310580204778,0.025906735751295318,241.58361774744031,405.88601036269426,10.921501706484634,13.264248704663203,252.50511945392495,419.15025906735747,144.86551486321576,17.18195254398947,1.2145077720207254,92.84974093264253,False,True,small,GF1_WFV4_E124.3_N33.5_20200926_L1A0005089385,WFV4,2020-09-26
GF1_WFV4_E124.3_N33.5_20200926_L1A0005089385_3584_8192.png,0,1,0,0.76953125,0.255859375,0.0546875,0.05859375,380.0,116.0,28.0,30.0,408.0,146.0,840.0,41.036569057366385,1.0714285714285714,104.0,False,True,small,GF1_WFV4_E124.3_N33.5_20200926_L1A0005089385,WFV4,2020-09-26
GF1_WFV4_E124.3_N33.5_20200926_L1A0005089385_4096_7680.png,0,1,0,0.7683447098976108,0.5347150259067357,0.017918088737201354,0.024870466321243456,388.8054607508532,267.4072538860104,9.174061433447093,12.73367875647665,397.97952218430027,280.14093264248703,116.81955118569698,15.694265763577667,1.3880088823093975,114.02047781569973,False,True,small,GF1_WFV4_E124.3_N33.5_20200926_L1A0005089385,WFV4,2020-09-26
GF1_WFV4_E124.3_N33.5_20200926_L1A0005089385_4608_7168.png,0,1,0,0.0947265625,0.552734375,0.068359375,0.05859375,31.0,268.0,35.0,30.0,66.0,298.0,1050.0,46.09772228646444,1.1666666666666667,31.0,False,True,medium,GF1_WFV4_E124.3_N33.5_20200926_L1A0005089385,WFV4,2020-09-26
GF1_WFV4_E124.3_N33.5_20200926_L1A0005089385_5120_2048.png,0,1,0,0.318359375,0.2099609375,0.05859375,0.064453125,148.0,91.0,30.0,33.0,178.0,124.0,990.0,44.598206241955516,1.1,91.0,False,True,small,GF1_WFV4_E124.3_N33.5_20200926_L1A0005089385,WFV4,2020-09-26
GF1_WFV4_E124.3_N33.5_20200926_L1A0005089385_512_5120.png,0,1,0,0.8715870307167235,0.04870466321243523,0.03156996587030714,0.04352331606217616,438.17064846416383,13.794818652849742,16.163822525597254,22.283937823834194,454.3344709897611,36.078756476683935,360.1936161558998,27.528949191269785,1.3786304439154191,13.794818652849742,False,True,small,GF1_WFV4_E124.3_N33.5_20200926_L1A0005089385,WFV4,2020-09-26
GF1_WFV4_E124.3_N33.5_20200926_L1A0005089385_512_6144.png,0,1,0,0.7717576791808873,0.7512953367875648,0.019624573378839605,0.02901554404145079,390.1160409556314,377.23523316062176,10.047781569965878,14.855958549222805,400.16382252559725,392.09119170984457,149.26942651505792,17.934810255309984,1.4785312007208826,111.83617747440275,False,True,small,GF1_WFV4_E124.3_N33.5_20200926_L1A0005089385,WFV4,2020-09-26
GF1_WFV4_E124.3_N33.5_20200926_L1A0005089385_512_6144.png,1,2,0,0.7713310580204777,0.8248704663212436,0.018771331058020535,0.02694300518134718,390.1160409556313,415.4362694300519,9.610921501706514,13.794818652849756,399.72696245733783,429.23108808290164,132.5809192028158,16.812698586990017,1.4353273669335818,82.76891191709836,False,True,small,GF1_WFV4_E124.3_N33.5_20200926_L1A0005089385,WFV4,2020-09-26
GF1_WFV4_E124.3_N33.5_20200926_L1A0005089385_5632_5632.png,0,1,0,0.0185546875,0.6201171875,0.037109375,0.052734375,0.0,304.0,19.0,27.0,19.0,331.0,513.0,33.015148038438355,1.4210526315789473,0.0,True,True,small,GF1_WFV4_E124.3_N33.5_20200926_L1A0005089385,WFV4,2020-09-26
GF1_WFV4_E124.3_N33.5_20200926_L1A0005089385_6144_0.png,0,1,0,0.427734375,0.2509765625,0.0859375,0.041015625,197.0,118.0,44.0,21.0,241.0,139.0,924.0,48.75448697299562,2.0952380952380953,118.0,False,True,small,GF1_WFV4_E124.3_N33.5_20200926_L1A0005089385,WFV4,2020-09-26
GF1_WFV4_E124.3_N33.5_20200926_L1A0005089385_6144_1024.png,0,1,0,0.734375,0.552734375,0.0703125,0.05859375,358.0,268.0,36.0,30.0,394.0,298.0,1080.0,46.861498055439924,1.2,118.0,False,True,medium,GF1_WFV4_E124.3_N33.5_20200926_L1A0005089385,WFV4,2020-09-26
GF1_WFV4_E124.3_N33.5_20200926_L1A0005089385_6144_4608.png,0,1,0,0.560546875,0.1279296875,0.05078125,0.056640625,274.0,51.0,26.0,29.0,300.0,80.0,754.0,38.948684188300895,1.1153846153846154,51.0,False,True,small,GF1_WFV4_E124.3_N33.5_20200926_L1A0005089385,WFV4,2020-09-26
GF1_WFV4_E124.3_N33.5_20200926_L1A0005089385_6144_512.png,0,1,0,0.1103515625,0.82421875,0.064453125,0.03125,40.0,414.0,33.0,16.0,73.0,430.0,528.0,36.6742416417845,2.0625,40.0,False,True,small,GF1_WFV4_E124.3_N33.5_20200926_L1A0005089385,WFV4,2020-09-26
GF1_WFV4_E124.3_N33.5_20200926_L1A0005089385_6144_6144.png,0,1,0,0.3603515625,0.3564453125,0.087890625,0.060546875,162.0,167.0,45.0,31.0,207.0,198.0,1395.0,54.644304369257,1.4516129032258065,162.0,False,True,medium,GF1_WFV4_E124.3_N33.5_20200926_L1A0005089385,WFV4,2020-09-26
GF1_WFV4_E124.3_N33.5_20200926_L1A0005089385_6656_1536.png,0,1,0,0.8369140625,0.9248046875,0.064453125,0.052734375,412.0,460.0,33.0,27.0,445.0,487.0,891.0,42.638011210655684,1.2222222222222223,25.0,False,True,small,GF1_WFV4_E124.3_N33.5_20200926_L1A0005089385,WFV4,2020-09-26
GF1_WFV4_E124.3_N33.5_20200926_L1A0005089385_7168_1024.png,0,1,0,0.96875,0.3291015625,0.0625,0.041015625,480.0,158.0,32.0,21.0,512.0,179.0,672.0,38.27531841800928,1.5238095238095237,0.0,True,True,small,GF1_WFV4_E124.3_N33.5_20200926_L1A0005089385,WFV4,2020-09-26
GF1_WFV4_E124.3_N33.5_20200926_L1A0005089385_7168_1024.png,1,2,0,0.4873046875,0.6044921875,0.060546875,0.052734375,234.0,296.0,31.0,27.0,265.0,323.0,837.0,41.10960958218893,1.1481481481481481,189.0,False,True,small,GF1_WFV4_E124.3_N33.5_20200926_L1A0005089385,WFV4,2020-09-26
GF1_WFV4_E124.3_N33.5_20200926_L1A0005089385_7168_512.png,0,1,0,0.251953125,0.0830078125,0.08984375,0.044921875,106.0,31.0,46.0,23.0,152.0,54.0,1058.0,51.42956348249516,2.0,31.0,False,True,medium,GF1_WFV4_E124.3_N33.5_20200926_L1A0005089385,WFV4,2020-09-26
GF1_WFV4_E124.3_N33.5_20200926_L1A0005089385_7680_1024.png,0,1,0,0.30119453924914674,0.9398963730569948,0.02730375426621162,0.041450777202072464,147.22184300341297,470.6155440414508,13.97952218430035,21.2227979274611,161.20136518771332,491.8383419689119,296.68457443986597,25.413268037999224,1.518134715025903,20.16165803108811,False,True,small,GF1_WFV4_E124.3_N33.5_20200926_L1A0005089385,WFV4,2020-09-26
GF1_WFV4_E124.3_N33.5_20200926_L1A0005089385_7680_4096.png,0,1,0,0.6830204778156996,0.49740932642487046,0.029863481228668887,0.04974093264248708,342.061433447099,241.93989637305697,15.29010238907847,25.467357512953384,357.35153583617745,267.4072538860104,389.39850395232406,29.704772844798633,1.6656106587712847,154.64846416382255,False,True,small,GF1_WFV4_E124.3_N33.5_20200926_L1A0005089385,WFV4,2020-09-26
GF1_WFV4_E124.3_N33.5_20200926_L1A0005089385_8704_512.png,0,1,0,0.22525597269624573,0.30725388601036274,0.04436860068259385,0.03212435233160621,103.97269624573379,149.09015544041455,22.71672354948805,16.44766839378238,126.68941979522184,165.53782383419693,373.6371359352065,28.04595023199772,1.3811516018936476,103.97269624573379,False,True,small,GF1_WFV4_E124.3_N33.5_20200926_L1A0005089385,WFV4,2020-09-26
GF1_WFV4_E124.3_N33.5_20200926_L1A0005089385_8704_512.png,1,2,0,0.912542662116041,0.21968911917098444,0.04180887372013653,0.035233160621761656,456.518771331058,103.46113989637306,21.406143344709903,18.039378238341968,477.9249146757679,121.50051813471502,386.15351641938855,27.99360891561204,1.1866342099979927,34.07508532423208,False,True,small,GF1_WFV4_E124.3_N33.5_20200926_L1A0005089385,WFV4,2020-09-26
GF1_WFV4_E124.3_N33.5_20200926_L1A0005089385_9216_0.png,0,1,0,0.723976109215017,0.25544041450777205,0.026450511945392496,0.025906735751295346,363.90443686006824,124.15336787564769,13.542662116040958,13.264248704663217,377.4470989761092,137.4176165803109,179.6332384303879,18.95637072037817,1.0209897610921501,124.15336787564769,False,True,small,GF1_WFV4_E124.3_N33.5_20200926_L1A0005089385,WFV4,2020-09-26
GF1_WFV4_E124.3_N33.5_20200926_L1A0005089385_9216_2560.png,0,1,0,0.5107421875,0.234375,0.076171875,0.03515625,242.0,111.0,39.0,18.0,281.0,129.0,702.0,42.95346318982906,2.1666666666666665,111.0,False,True,small,GF1_WFV4_E124.3_N33.5_20200926_L1A0005089385,WFV4,2020-09-26
GF1_WFV4_E124.3_N33.5_20200926_L1A0005089385_9216_512.png,0,1,0,0.478515625,0.5,0.078125,0.0390625,225.0,246.0,40.0,20.0,265.0,266.0,800.0,44.721359549995796,2.0,225.0,False,True,small,GF1_WFV4_E124.3_N33.5_20200926_L1A0005089385,WFV4,2020-09-26
GF1_WFV4_E124.3_N33.5_20200926_L1A0005089385_9216_512.png,1,2,0,0.74609375,0.6865234375,0.0625,0.033203125,366.0,343.0,32.0,17.0,398.0,360.0,544.0,36.235341863986875,1.8823529411764706,114.0,False,True,small,GF1_WFV4_E124.3_N33.5_20200926_L1A0005089385,WFV4,2020-09-26
GF1_WFV4_E124.3_N33.5_20200926_L1A0005089385_9728_11264.png,0,1,0,0.240234375,0.1494140625,0.05859375,0.044921875,108.0,65.0,30.0,23.0,138.0,88.0,690.0,37.8021163428716,1.3043478260869565,65.0,False,True,small,GF1_WFV4_E124.3_N33.5_20200926_L1A0005089385,WFV4,2020-09-26
GF1_WFV4_E124.3_N33.5_20200926_L1A0005089385_9728_2560.png,0,1,0,0.6484375,0.2607421875,0.078125,0.033203125,312.0,125.0,40.0,17.0,352.0,142.0,680.0,43.46262762420146,2.3529411764705883,125.0,False,True,small,GF1_WFV4_E124.3_N33.5_20200926_L1A0005089385,WFV4,2020-09-26
GF1_WFV4_E124.3_N33.5_20200926_L1A0005089385_9952_2560.png,0,1,0,0.2099609375,0.2607421875,0.068359375,0.029296875,90.0,126.0,35.0,15.0,125.0,141.0,525.0,38.07886552931954,2.3333333333333335,90.0,False,True,small,GF1_WFV4_E124.3_N33.5_20200926_L1A0005089385,WFV4,2020-09-26
GF1_WFV4_E124.3_N33.5_20200926_L1A0005089385_9952_3072.png,0,1,0,0.6103515625,0.9228515625,0.068359375,0.033203125,295.0,464.0,35.0,17.0,330.0,481.0,595.0,38.91015291668744,2.0588235294117645,31.0,False,True,small,GF1_WFV4_E124.3_N33.5_20200926_L1A0005089385,WFV4,2020-09-26
GF1_WFV4_E124.5_N35.2_20200922_L1A0005079948_1024_6144.png,0,1,0,0.9384765625,0.5888671875,0.041015625,0.037109375,470.0,292.0,21.0,19.0,491.0,311.0,399.0,28.319604517012593,1.105263157894737,21.0,False,True,small,GF1_WFV4_E124.5_N35.2_20200922_L1A0005079948,WFV4,2020-09-22
GF1_WFV4_E124.5_N35.2_20200922_L1A0005079948_10464_11264.png,0,1,0,0.27559726962457337,0.47150259067357514,0.030716723549488067,0.031088082901554404,133.24232081911262,233.45077720207254,15.72696245733789,15.917098445595855,148.9692832764505,249.3678756476684,250.3276096836373,22.376133961462276,1.0120898100172706,133.24232081911262,False,True,small,GF1_WFV4_E124.5_N35.2_20200922_L1A0005079948,WFV4,2020-09-22
GF1_WFV4_E124.5_N35.2_20200922_L1A0005079948_10464_11776.png,0,1,0,0.482421875,0.8408203125,0.078125,0.041015625,227.0,420.0,40.0,21.0,267.0,441.0,840.0,45.17742799230607,1.9047619047619047,71.0,False,True,small,GF1_WFV4_E124.5_N35.2_20200922_L1A0005079948,WFV4,2020-09-22
GF1_WFV4_E124.5_N35.2_20200922_L1A0005079948_10464_11776.png,1,2,0,0.546875,0.4326171875,0.05859375,0.033203125,265.0,213.0,30.0,17.0,295.0,230.0,510.0,34.48187929913333,1.7647058823529411,213.0,False,True,small,GF1_WFV4_E124.5_N35.2_20200922_L1A0005079948,WFV4,2020-09-22
GF1_WFV4_E124.5_N35.2_20200922_L1A0005079948_10464_2048.png,0,1,0,0.5878839590443686,0.5709844559585492,0.022184300341296925,0.033160621761658016,295.3174061433447,283.85492227979273,11.358361774744026,16.978238341968904,306.67576791808875,300.83316062176164,192.844973385913,20.427260203039204,1.4947787963332,205.32423208191125,False,True,small,GF1_WFV4_E124.5_N35.2_20200922_L1A0005079948,WFV4,2020-09-22
GF1_WFV4_E124.5_N35.2_20200922_L1A0005079948_10464_3072.png,0,1,0,0.125,0.576171875,0.046875,0.0390625,52.0,285.0,24.0,20.0,76.0,305.0,480.0,31.240998703626616,1.2,52.0,False,True,small,GF1_WFV4_E124.5_N35.2_20200922_L1A0005079948,WFV4,2020-09-22
GF1_WFV4_E124.5_N35.2_20200922_L1A0005079948_10464_3072.png,1,2,0,0.71875,0.70703125,0.0546875,0.0546875,354.0,348.0,28.0,28.0,382.0,376.0,784.0,39.59797974644666,1.0,130.0,False,True,small,GF1_WFV4_E124.5_N35.2_20200922_L1A0005079948,WFV4,2020-09-22
GF1_WFV4_E124.5_N35.2_20200922_L1A0005079948_10464_3584.png,0,1,0,0.5986328125,0.9208984375,0.044921875,0.044921875,295.0,460.0,23.0,23.0,318.0,483.0,529.0,32.526911934581186,1.0,29.0,False,True,small,GF1_WFV4_E124.5_N35.2_20200922_L1A0005079948,WFV4,2020-09-22
GF1_WFV4_E124.5_N35.2_20200922_L1A0005079948_10976_3072.png,0,1,0,0.23046875,0.1669921875,0.0546875,0.044921875,104.0,74.0,28.0,23.0,132.0,97.0,644.0,36.235341863986875,1.2173913043478262,74.0,False,True,small,GF1_WFV4_E124.5_N35.2_20200922_L1A0005079948,WFV4,2020-09-22
GF1_WFV4_E124.5_N35.2_20200922_L1A0005079948_11488_10752.png,0,1,0,0.5126953125,0.25,0.052734375,0.0390625,249.0,118.0,27.0,20.0,276.0,138.0,540.0,33.60059523282288,1.35,118.0,False,True,small,GF1_WFV4_E124.5_N35.2_20200922_L1A0005079948,WFV4,2020-09-22
GF1_WFV4_E124.5_N35.2_20200922_L1A0005079948_11488_3072.png,0,1,0,0.3395904436860068,0.7217616580310882,0.023890784982935176,0.03626943005181349,167.7542662116041,360.25699481865286,12.23208191126281,18.569948186528507,179.9863481228669,378.82694300518136,227.14912730552297,22.236609533249357,1.5181347150259061,133.17305699481864,False,True,small,GF1_WFV4_E124.5_N35.2_20200922_L1A0005079948,WFV4,2020-09-22
GF1_WFV4_E124.5_N35.2_20200922_L1A0005079948_1536_10240.png,0,1,0,0.7482935153583617,0.34300518134715025,0.027303754266211566,0.033160621761658016,376.13651877133105,167.12953367875647,13.979522184300322,16.978238341968904,390.1160409556314,184.10777202072538,237.3476595518926,21.99289925630652,1.2145077720207265,121.88395904436862,False,True,small,GF1_WFV4_E124.5_N35.2_20200922_L1A0005079948,WFV4,2020-09-22
GF1_WFV4_E124.5_N35.2_20200922_L1A0005079948_1536_10240.png,1,2,0,0.9185153583617748,0.5155440414507773,0.019624573378839605,0.030051813471502542,465.25597269624575,256.26528497409333,10.047781569965878,15.386528497409302,475.3037542662116,271.65181347150263,154.60047746202395,18.3767019260621,1.531335886460911,36.69624573378837,False,True,small,GF1_WFV4_E124.5_N35.2_20200922_L1A0005079948,WFV4,2020-09-22
GF1_WFV4_E124.5_N35.2_20200922_L1A0005079948_2048_11776.png,0,1,0,0.2043515358361775,0.47357512953367875,0.03498293515358361,0.02901554404145079,95.67235494880546,235.04248704663212,17.91126279863481,14.855958549222805,113.58361774744027,249.89844559585492,266.08897770075515,23.270428433056093,1.2056618722574346,95.67235494880546,False,True,small,GF1_WFV4_E124.5_N35.2_20200922_L1A0005079948,WFV4,2020-09-22
GF1_WFV4_E124.5_N35.2_20200922_L1A0005079948_2048_12376.png,0,1,0,0.5503412969283277,0.7077720207253886,0.0460750853242321,0.033160621761658016,269.9795221843003,353.8901554404145,23.590443686006836,16.978238341968904,293.56996587030716,370.8683937823834,400.5241754938195,29.064920617461915,1.389451791808875,141.1316062176166,False,True,small,GF1_WFV4_E124.5_N35.2_20200922_L1A0005079948,WFV4,2020-09-22
GF1_WFV4_E124.5_N35.2_20200922_L1A0005079948_2048_4096.png,0,1,0,0.7001953125,0.63671875,0.056640625,0.06640625,344.0,309.0,29.0,34.0,373.0,343.0,986.0,44.68780594300866,1.1724137931034482,139.0,False,True,small,GF1_WFV4_E124.5_N35.2_20200922_L1A0005079948,WFV4,2020-09-22
GF1_WFV4_E124.5_N35.2_20200922_L1A0005079948_2048_4608.png,0,1,0,0.94140625,0.7255859375,0.0625,0.052734375,466.0,358.0,32.0,27.0,498.0,385.0,864.0,41.86884283091664,1.1851851851851851,14.0,False,True,small,GF1_WFV4_E124.5_N35.2_20200922_L1A0005079948,WFV4,2020-09-22
GF1_WFV4_E124.5_N35.2_20200922_L1A0005079948_2560_11264.png,0,1,0,0.7548828125,0.37109375,0.037109375,0.03125,377.0,182.0,19.0,16.0,396.0,198.0,304.0,24.839484696748443,1.1875,116.0,False,True,small,GF1_WFV4_E124.5_N35.2_20200922_L1A0005079948,WFV4,2020-09-22
GF1_WFV4_E124.5_N35.2_20200922_L1A0005079948_2560_11776.png,0,1,0,0.392578125,0.1005859375,0.078125,0.044921875,181.0,40.0,40.0,23.0,221.0,63.0,920.0,46.14108798023731,1.7391304347826086,40.0,False,True,small,GF1_WFV4_E124.5_N35.2_20200922_L1A0005079948,WFV4,2020-09-22
GF1_WFV4_E124.5_N35.2_20200922_L1A0005079948_2560_4096.png,0,1,0,0.5588737201365188,0.7062176165803109,0.022184300341296925,0.032124352331606154,280.4641638225256,353.359585492228,11.358361774744026,16.44766839378235,291.82252559726965,369.80725388601036,186.81856796760292,19.988451110523627,1.4480669589477853,142.19274611398964,False,True,small,GF1_WFV4_E124.5_N35.2_20200922_L1A0005079948,WFV4,2020-09-22
GF1_WFV4_E124.5_N35.2_20200922_L1A0005079948_3072_11264.png,0,1,0,0.6796075085324231,0.9808290155440414,0.026450511945392496,0.03419689119170988,341.1877133105802,493.4300518134715,13.542662116040958,17.508808290155457,354.73037542662115,510.93886010362695,237.11587472811217,22.13508673872021,1.2928631121510958,1.0611398963730494,False,True,small,GF1_WFV4_E124.5_N35.2_20200922_L1A0005079948,WFV4,2020-09-22
GF1_WFV4_E124.5_N35.2_20200922_L1A0005079948_3072_11776.png,0,1,0,0.6198805460750854,0.6595854922279794,0.019624573378839605,0.030051813471502542,312.35494880546077,330.0145077720208,10.047781569965878,15.386528497409302,322.40273037542664,345.4010362694301,154.60047746202395,18.3767019260621,1.531335886460911,166.5989637305699,False,True,small,GF1_WFV4_E124.5_N35.2_20200922_L1A0005079948,WFV4,2020-09-22
GF1_WFV4_E124.5_N35.2_20200922_L1A0005079948_3072_2048.png,0,1,0,0.36433447098976113,0.06269430051813471,0.039249146757679154,0.0466321243523316,176.49146757679182,20.16165803108808,20.095563139931727,23.87564766839378,196.58703071672355,44.03730569948186,479.79458522697087,31.207021797926505,1.1881054291507103,20.16165803108808,False,True,small,GF1_WFV4_E124.5_N35.2_20200922_L1A0005079948,WFV4,2020-09-22
GF1_WFV4_E124.5_N35.2_20200922_L1A0005079948_3584_2048.png,0,1,0,0.021484375,0.4033203125,0.04296875,0.044921875,0.0,195.0,22.0,23.0,22.0,218.0,506.0,31.827660925679098,1.0454545454545454,0.0,True,True,small,GF1_WFV4_E124.5_N35.2_20200922_L1A0005079948,WFV4,2020-09-22
GF1_WFV4_E124.5_N35.2_20200922_L1A0005079948_3584_2048.png,1,2,0,0.220703125,0.982421875,0.0625,0.03515625,97.0,494.0,32.0,18.0,129.0,512.0,576.0,36.71511950137164,1.7777777777777777,0.0,True,True,small,GF1_WFV4_E124.5_N35.2_20200922_L1A0005079948,WFV4,2020-09-22
GF1_WFV4_E124.5_N35.2_20200922_L1A0005079948_3584_2048.png,2,3,0,0.5012798634812287,0.2937823834196891,0.03327645051194539,0.027979274611398985,248.13651877133105,143.2538860103627,17.03754266211604,14.32538860103628,265.1740614334471,157.57927461139897,244.06941944154642,22.25970841080638,1.1893249905195287,143.2538860103627,False,True,small,GF1_WFV4_E124.5_N35.2_20200922_L1A0005079948,WFV4,2020-09-22
GF1_WFV4_E124.5_N35.2_20200922_L1A0005079948_4096_12800.png,0,1,0,0.05076791808873721,0.13419689119170986,0.03156996587030717,0.05906735751295336,17.911262798634816,53.587564766839385,16.163822525597272,30.24248704663212,34.07508532423209,83.8300518134715,488.83419335443597,34.291065620722804,1.8709984595994953,17.911262798634816,False,True,small,GF1_WFV4_E124.5_N35.2_20200922_L1A0005079948,WFV4,2020-09-22
GF1_WFV4_E124.5_N35.2_20200922_L1A0005079948_4096_3072.png,0,1,0,0.45520477815699656,0.7523316062176166,0.02815699658703069,0.03523316062176163,225.85665529010237,376.17409326424877,14.416382252559714,18.039378238341953,240.27303754266208,394.2134715025907,260.0625722824449,23.09223342333703,1.2513110378395353,117.78652849740928,False,True,small,GF1_WFV4_E124.5_N35.2_20200922_L1A0005079948,WFV4,2020-09-22
GF1_WFV4_E124.5_N35.2_20200922_L1A0005079948_4096_4608.png,0,1,0,0.63671875,0.8515625,0.0546875,0.046875,312.0,424.0,28.0,24.0,340.0,448.0,672.0,36.87817782917155,1.1666666666666667,64.0,False,True,small,GF1_WFV4_E124.5_N35.2_20200922_L1A0005079948,WFV4,2020-09-22
GF1_WFV4_E124.5_N35.2_20200922_L1A0005079948_4096_4608.png,1,2,0,0.708984375,0.0869140625,0.046875,0.044921875,351.0,33.0,24.0,23.0,375.0,56.0,552.0,33.24154027718932,1.0434782608695652,33.0,False,True,small,GF1_WFV4_E124.5_N35.2_20200922_L1A0005079948,WFV4,2020-09-22
GF1_WFV4_E124.5_N35.2_20200922_L1A0005079948_4608_3584.png,0,1,0,0.0810580204778157,0.22797927461139894,0.035836177474402736,0.04559585492227977,32.32764505119454,105.05284974093263,18.3481228668942,23.345077720207243,50.67576791808874,128.3979274611399,428.33835434755684,29.692528799365718,1.2723414754502829,32.32764505119454,False,True,small,GF1_WFV4_E124.5_N35.2_20200922_L1A0005079948,WFV4,2020-09-22
GF1_WFV4_E124.5_N35.2_20200922_L1A0005079948_4608_4608.png,0,1,0,0.024744027303754267,0.4284974093264249,0.02389078498293515,0.03626943005181349,6.552901023890786,210.1056994818653,12.232081911262798,18.569948186528507,18.784982935153582,228.6756476683938,227.14912730552274,22.23660953324935,1.5181347150259077,6.552901023890786,False,True,small,GF1_WFV4_E124.5_N35.2_20200922_L1A0005079948,WFV4,2020-09-22
GF1_WFV4_E124.5_N35.2_20200922_L1A0005079948_4608_7680.png,0,1,0,0.1992320819112628,0.37927461139896373,0.036689419795221834,0.05595854922279797,92.61433447098976,179.86321243523315,18.78498293515358,28.65077720207256,111.39931740614334,208.5139896373057,538.2043608198203,34.25992729351322,1.5251958067237033,92.61433447098976,False,True,small,GF1_WFV4_E124.5_N35.2_20200922_L1A0005079948,WFV4,2020-09-22
GF1_WFV4_E124.5_N35.2_20200922_L1A0005079948_5120_12288.png,0,1,0,0.22397610921501704,0.08393782383419689,0.02815699658703072,0.049740932642487044,107.46757679180885,30.24248704663212,14.416382252559728,25.467357512953367,121.88395904436858,55.70984455958549,367.1471608693346,29.264626700925152,1.766556759302873,30.24248704663212,False,True,small,GF1_WFV4_E124.5_N35.2_20200922_L1A0005079948,WFV4,2020-09-22
GF1_WFV4_E124.5_N35.2_20200922_L1A0005079948_5120_3584.png,0,1,0,0.283703071672355,0.7538860103626943,0.03327645051194544,0.03419689119170988,136.73720136518773,377.23523316062176,17.037542662116067,17.508808290155457,153.7747440273038,394.7440414507772,298.3070682063351,24.4302318389499,1.0276604224790746,117.25595854922278,False,True,small,GF1_WFV4_E124.5_N35.2_20200922_L1A0005079948,WFV4,2020-09-22
GF1_WFV4_E124.5_N35.2_20200922_L1A0005079948_512_10240.png,0,1,0,0.2421875,0.236328125,0.0546875,0.046875,110.0,109.0,28.0,24.0,138.0,133.0,672.0,36.87817782917155,1.1666666666666667,109.0,False,True,small,GF1_WFV4_E124.5_N35.2_20200922_L1A0005079948,WFV4,2020-09-22
GF1_WFV4_E124.5_N35.2_20200922_L1A0005079948_512_6656.png,0,1,0,0.197098976109215,0.14248704663212436,0.020477815699658702,0.030051813471502598,95.67235494880546,65.260103626943,10.484641638225256,15.38652849740933,106.15699658703072,80.64663212435234,161.32223735167733,18.61915598204162,1.4675302245250437,65.260103626943,False,True,small,GF1_WFV4_E124.5_N35.2_20200922_L1A0005079948,WFV4,2020-09-22
GF1_WFV4_E124.5_N35.2_20200922_L1A0005079948_6144_8704.png,0,1,0,0.8242320819112627,0.4455958549222798,0.027303754266211677,0.04145077720207252,415.01706484641636,217.53367875647672,13.979522184300379,21.22279792746113,428.99658703071674,238.75647668393785,296.684574439867,25.413268037999263,1.518134715025902,83.00341296928326,False,True,small,GF1_WFV4_E124.5_N35.2_20200922_L1A0005079948,WFV4,2020-09-22
GF1_WFV4_E124.5_N35.2_20200922_L1A0005079948_6656_2048.png,0,1,0,0.3122866894197952,0.40103626943005183,0.03412969283276451,0.02901554404145079,151.15358361774742,197.90259067357513,17.47440273037543,14.855958549222805,168.62798634812285,212.75854922279794,259.5990026348832,22.93587267141973,1.1762554851292049,151.15358361774742,False,True,small,GF1_WFV4_E124.5_N35.2_20200922_L1A0005079948,WFV4,2020-09-22
GF1_WFV4_E124.5_N35.2_20200922_L1A0005079948_7168_1024.png,0,1,0,0.404296875,0.9443359375,0.0546875,0.056640625,193.0,469.0,28.0,29.0,221.0,498.0,812.0,40.311288741492746,1.0357142857142858,14.0,False,True,small,GF1_WFV4_E124.5_N35.2_20200922_L1A0005079948,WFV4,2020-09-22
GF1_WFV4_E124.5_N35.2_20200922_L1A0005079948_7168_1024.png,1,2,0,0.41254266211604096,0.2538860103626943,0.026450511945392496,0.03937823834196891,204.4505119453925,119.90880829015545,13.542662116040958,20.16165803108808,217.99317406143345,140.07046632124354,273.0425224141895,24.287777826548673,1.4887514624770177,119.90880829015545,False,True,small,GF1_WFV4_E124.5_N35.2_20200922_L1A0005079948,WFV4,2020-09-22
GF1_WFV4_E124.5_N35.2_20200922_L1A0005079948_7168_1536.png,0,1,0,0.5443686006825939,0.7129533678756477,0.04266211604095571,0.049740932642487135,267.7952218430034,352.2984455958549,21.843003412969324,25.467357512953413,289.6382252559727,377.7658031088083,556.2835770747514,33.55149917353283,1.1659274611398962,134.2341968911917,False,True,small,GF1_WFV4_E124.5_N35.2_20200922_L1A0005079948,WFV4,2020-09-22
GF1_WFV4_E124.5_N35.2_20200922_L1A0005079948_7168_2560.png,0,1,0,0.03125,0.6826171875,0.04296875,0.033203125,5.0,341.0,22.0,17.0,27.0,358.0,374.0,27.80287754891569,1.2941176470588236,5.0,False,True,small,GF1_WFV4_E124.5_N35.2_20200922_L1A0005079948,WFV4,2020-09-22
GF1_WFV4_E124.5_N35.2_20200922_L1A0005079948_7168_2560.png,1,2,0,0.466796875,0.318359375,0.08203125,0.04296875,218.0,152.0,42.0,22.0,260.0,174.0,924.0,47.41307836451879,1.9090909090909092,152.0,False,True,small,GF1_WFV4_E124.5_N35.2_20200922_L1A0005079948,WFV4,2020-09-22
GF1_WFV4_E124.5_N35.2_20200922_L1A0005079948_7168_2560.png,2,3,0,0.98046875,0.017578125,0.0390625,0.03515625,492.0,0.0,20.0,18.0,512.0,18.0,360.0,26.90724809414742,1.1111111111111112,0.0,True,True,small,GF1_WFV4_E124.5_N35.2_20200922_L1A0005079948,WFV4,2020-09-22
GF1_WFV4_E124.5_N35.2_20200922_L1A0005079948_7168_2560.png,3,4,0,0.3837890625,0.03515625,0.068359375,0.02734375,179.0,11.0,35.0,14.0,214.0,25.0,490.0,37.69615364994153,2.5,11.0,False,True,small,GF1_WFV4_E124.5_N35.2_20200922_L1A0005079948,WFV4,2020-09-22
GF1_WFV4_E124.5_N35.2_20200922_L1A0005079948_7168_2560.png,4,5,0,0.1220703125,0.0068359375,0.048828125,0.013671875,50.0,0.0,25.0,7.0,75.0,7.0,175.0,25.96150997149434,3.5714285714285716,0.0,True,True,small,GF1_WFV4_E124.5_N35.2_20200922_L1A0005079948,WFV4,2020-09-22
GF1_WFV4_E124.5_N35.2_20200922_L1A0005079948_7168_6144.png,0,1,0,0.939453125,0.6484375,0.04296875,0.03125,470.0,324.0,22.0,16.0,492.0,340.0,352.0,27.202941017470888,1.375,20.0,False,True,small,GF1_WFV4_E124.5_N35.2_20200922_L1A0005079948,WFV4,2020-09-22
GF1_WFV4_E124.5_N35.2_20200922_L1A0005079948_7168_6144.png,1,2,0,0.5107421875,0.755859375,0.048828125,0.0390625,249.0,377.0,25.0,20.0,274.0,397.0,500.0,32.01562118716424,1.25,115.0,False,True,small,GF1_WFV4_E124.5_N35.2_20200922_L1A0005079948,WFV4,2020-09-22
GF1_WFV4_E124.5_N35.2_20200922_L1A0005079948_7168_9728.png,0,1,0,0.80078125,0.3876953125,0.046875,0.056640625,398.0,184.0,24.0,29.0,422.0,213.0,696.0,37.64306044943742,1.2083333333333333,90.0,False,True,small,GF1_WFV4_E124.5_N35.2_20200922_L1A0005079948,WFV4,2020-09-22
GF1_WFV4_E124.5_N35.2_20200922_L1A0005079948_7680_12288.png,0,1,0,0.76171875,0.4443359375,0.05078125,0.048828125,377.0,215.0,26.0,25.0,403.0,240.0,650.0,36.069377593742864,1.04,109.0,False,True,small,GF1_WFV4_E124.5_N35.2_20200922_L1A0005079948,WFV4,2020-09-22
GF1_WFV4_E124.5_N35.2_20200922_L1A0005079948_7680_12288.png,1,2,0,0.7209897610921502,0.6367875647668394,0.027303754266211566,0.04663212435233155,362.15699658703073,314.0974093264249,13.979522184300322,23.875647668393754,376.13651877133105,337.97305699481865,333.7701462448487,27.667193426269694,1.7079015544041454,135.86348122866895,False,True,small,GF1_WFV4_E124.5_N35.2_20200922_L1A0005079948,WFV4,2020-09-22
GF1_WFV4_E124.5_N35.2_20200922_L1A0005079948_7680_2048.png,0,1,0,0.900390625,0.7919921875,0.046875,0.033203125,449.0,397.0,24.0,17.0,473.0,414.0,408.0,29.410882339705484,1.411764705882353,39.0,False,True,small,GF1_WFV4_E124.5_N35.2_20200922_L1A0005079948,WFV4,2020-09-22
GF1_WFV4_E124.5_N35.2_20200922_L1A0005079948_7680_8704.png,0,1,0,0.6142578125,0.9560546875,0.041015625,0.037109375,304.0,480.0,21.0,19.0,325.0,499.0,399.0,28.319604517012593,1.105263157894737,13.0,False,True,small,GF1_WFV4_E124.5_N35.2_20200922_L1A0005079948,WFV4,2020-09-22
GF1_WFV4_E124.5_N35.2_20200922_L1A0005079948_8192_0.png,0,1,0,0.3263651877133106,0.031088082901554404,0.03839590443686003,0.031088082901554404,157.26962457337885,7.958549222797927,19.658703071672335,15.917098445595855,176.92832764505118,23.875647668393782,312.9095121045462,25.29463637585979,1.2350682593856643,7.958549222797927,False,True,small,GF1_WFV4_E124.5_N35.2_20200922_L1A0005079948,WFV4,2020-09-22
GF1_WFV4_E124.5_N35.2_20200922_L1A0005079948_8192_10240.png,0,1,0,0.7073378839590444,0.18031088082901553,0.022184300341296925,0.02694300518134715,356.4778156996587,85.42176165803107,11.358361774744026,13.794818652849742,367.83617747440275,99.21658031088081,156.68654087605438,17.869230645749063,1.2145077720207256,85.42176165803107,False,True,small,GF1_WFV4_E124.5_N35.2_20200922_L1A0005079948,WFV4,2020-09-22
GF1_WFV4_E124.5_N35.2_20200922_L1A0005079948_8192_1536.png,0,1,0,0.0830078125,0.0263671875,0.044921875,0.033203125,31.0,5.0,23.0,17.0,54.0,22.0,391.0,28.600699292150182,1.3529411764705883,5.0,False,True,small,GF1_WFV4_E124.5_N35.2_20200922_L1A0005079948,WFV4,2020-09-22
GF1_WFV4_E124.5_N35.2_20200922_L1A0005079948_8704_10240.png,0,1,0,0.35546875,0.685546875,0.04296875,0.0390625,171.0,341.0,22.0,20.0,193.0,361.0,440.0,29.732137494637012,1.1,151.0,False,True,small,GF1_WFV4_E124.5_N35.2_20200922_L1A0005079948,WFV4,2020-09-22
GF1_WFV4_E124.5_N35.2_20200922_L1A0005079948_8704_10240.png,1,2,0,0.6357421875,0.708984375,0.052734375,0.05078125,312.0,350.0,27.0,26.0,339.0,376.0,702.0,37.48332962798263,1.0384615384615385,136.0,False,True,small,GF1_WFV4_E124.5_N35.2_20200922_L1A0005079948,WFV4,2020-09-22
GF1_WFV4_E124.5_N35.2_20200922_L1A0005079948_8704_10240.png,2,3,0,0.9794921875,0.125,0.041015625,0.04296875,491.0,53.0,21.0,22.0,512.0,75.0,462.0,30.4138126514911,1.0476190476190477,0.0,True,True,small,GF1_WFV4_E124.5_N35.2_20200922_L1A0005079948,WFV4,2020-09-22
GF1_WFV4_E124.5_N35.2_20200922_L1A0005079948_8704_11264.png,0,1,0,0.9140625,0.8046875,0.046875,0.046875,456.0,400.0,24.0,24.0,480.0,424.0,576.0,33.94112549695428,1.0,32.0,False,True,small,GF1_WFV4_E124.5_N35.2_20200922_L1A0005079948,WFV4,2020-09-22
GF1_WFV4_E124.5_N35.2_20200922_L1A0005079948_8704_11776.png,0,1,0,0.27986348122866894,0.7067357512953368,0.03583617747440271,0.033160621761658016,134.1160409556314,353.359585492228,18.348122866894187,16.978238341968904,152.4641638225256,370.3378238341969,311.5188031618593,24.998283739795987,1.080684726962457,134.1160409556314,False,True,small,GF1_WFV4_E124.5_N35.2_20200922_L1A0005079948,WFV4,2020-09-22
GF1_WFV4_E124.5_N35.2_20200922_L1A0005079948_8704_2048.png,0,1,0,0.09641638225255972,0.7797927461139896,0.023890784982935162,0.02797927461139893,43.24914675767917,392.09119170984457,12.232081911262803,14.325388601036252,55.481228668941974,406.4165803108808,175.2293267785459,18.83721281014105,1.1711324944485548,43.24914675767917,False,True,small,GF1_WFV4_E124.5_N35.2_20200922_L1A0005079948,WFV4,2020-09-22
GF1_WFV4_E124.5_N35.2_20200922_L1A0005079948_8704_2048.png,1,2,0,0.11689419795221842,0.8020725388601037,0.02218430034129691,0.024870466321243567,54.17064846416382,404.2943005181347,11.358361774744019,12.733678756476706,65.52901023890783,417.0279792746114,144.63373003943497,17.063380581793055,1.1210840972499032,54.17064846416382,False,True,small,GF1_WFV4_E124.5_N35.2_20200922_L1A0005079948,WFV4,2020-09-22
GF1_WFV4_E124.5_N35.2_20200922_L1A0005079948_8704_7168.png,0,1,0,0.7412109375,0.705078125,0.056640625,0.046875,365.0,349.0,29.0,24.0,394.0,373.0,696.0,37.64306044943742,1.2083333333333333,118.0,False,True,small,GF1_WFV4_E124.5_N35.2_20200922_L1A0005079948,WFV4,2020-09-22
GF1_WFV4_E124.5_N35.2_20200922_L1A0005079948_9216_1024.png,0,1,0,0.265625,0.2568359375,0.0625,0.044921875,120.0,120.0,32.0,23.0,152.0,143.0,736.0,39.408120990476064,1.391304347826087,120.0,False,True,small,GF1_WFV4_E124.5_N35.2_20200922_L1A0005079948,WFV4,2020-09-22
GF1_WFV4_E124.5_N35.2_20200922_L1A0005079948_9216_10752.png,0,1,0,0.591796875,0.634765625,0.05859375,0.05859375,288.0,310.0,30.0,30.0,318.0,340.0,900.0,42.42640687119285,1.0,172.0,False,True,small,GF1_WFV4_E124.5_N35.2_20200922_L1A0005079948,WFV4,2020-09-22
GF1_WFV4_E124.5_N35.2_20200922_L1A0005079948_9216_10752.png,1,2,0,0.720703125,0.0830078125,0.0390625,0.029296875,359.0,35.0,20.0,15.0,379.0,50.0,300.0,25.0,1.3333333333333333,35.0,False,True,small,GF1_WFV4_E124.5_N35.2_20200922_L1A0005079948,WFV4,2020-09-22
GF1_WFV4_E124.5_N35.2_20200922_L1A0005079948_9216_2560.png,0,1,0,0.7978515625,0.439453125,0.060546875,0.0546875,393.0,211.0,31.0,28.0,424.0,239.0,868.0,41.773197148410844,1.1071428571428572,88.0,False,True,small,GF1_WFV4_E124.5_N35.2_20200922_L1A0005079948,WFV4,2020-09-22
GF1_WFV4_E124.5_N35.2_20200922_L1A0005079948_9728_10752.png,0,1,0,0.09556313993174062,0.6507772020725389,0.023890784982935162,0.02694300518134707,42.81228668941979,326.30051813471505,12.232081911262803,13.794818652849699,55.044368600682596,340.09533678756475,168.7393517126735,18.43694252171039,1.127757216876384,42.81228668941979,False,True,small,GF1_WFV4_E124.5_N35.2_20200922_L1A0005079948,WFV4,2020-09-22
GF1_WFV4_E124.5_N36.8_20190805_L2A0004161899_1024_8704.png,0,1,0,0.5048828125,0.798828125,0.041015625,0.05078125,248.0,396.0,21.0,26.0,269.0,422.0,546.0,33.421549934136806,1.2380952380952381,90.0,False,True,small,GF1_WFV4_E124.5_N36.8_20190805_L2A0004161899,WFV4,2019-08-05
GF1_WFV4_E124.5_N36.8_20190805_L2A0004161899_11264_12800.png,0,1,0,0.4609375,0.2451171875,0.05859375,0.041015625,221.0,115.0,30.0,21.0,251.0,136.0,630.0,36.61966684720111,1.4285714285714286,115.0,False,True,small,GF1_WFV4_E124.5_N36.8_20190805_L2A0004161899,WFV4,2019-08-05
GF1_WFV4_E124.5_N36.8_20190805_L2A0004161899_11264_3072.png,0,1,0,0.140625,0.3046875,0.05859375,0.03125,57.0,148.0,30.0,16.0,87.0,164.0,480.0,34.0,1.875,57.0,False,True,small,GF1_WFV4_E124.5_N36.8_20190805_L2A0004161899,WFV4,2019-08-05
GF1_WFV4_E124.5_N36.8_20190805_L2A0004161899_11264_7680.png,0,1,0,0.5656996587030717,0.43419689119170984,0.030716723549488067,0.031088082901554404,281.77474402730377,214.3502590673575,15.72696245733789,15.917098445595855,297.50170648464166,230.26735751295337,250.3276096836373,22.376133961462276,1.0120898100172706,214.3502590673575,False,True,small,GF1_WFV4_E124.5_N36.8_20190805_L2A0004161899,WFV4,2019-08-05
GF1_WFV4_E124.5_N36.8_20190805_L2A0004161899_11776_3072.png,0,1,0,0.4633105802047781,0.4595854922279793,0.02559726962457337,0.03626943005181349,230.6621160409556,226.02279792746114,13.105802047781566,18.569948186528507,243.76791808873716,244.59274611398965,243.37406497020288,22.728946807232155,1.4169257340241808,226.02279792746114,False,True,small,GF1_WFV4_E124.5_N36.8_20190805_L2A0004161899,WFV4,2019-08-05
GF1_WFV4_E124.5_N36.8_20190805_L2A0004161899_11776_3584.png,0,1,0,0.306740614334471,0.22694300518134713,0.04692832764505123,0.04352331606217616,145.03754266211604,105.05284974093263,24.027303754266228,22.283937823834194,169.06484641638227,127.33678756476682,535.4229429344465,32.7701878333995,1.0782341947017724,105.05284974093263,False,True,small,GF1_WFV4_E124.5_N36.8_20190805_L2A0004161899,WFV4,2019-08-05
GF1_WFV4_E124.5_N36.8_20190805_L2A0004161899_11776_7168.png,0,1,0,0.3489761092150171,0.383419689119171,0.046075085324232046,0.03523316062176168,166.88054607508536,187.29119170984455,23.590443686006807,18.039378238341982,190.47098976109217,205.33056994818654,425.5569364621832,29.69727597825472,1.3077193334671733,166.88054607508536,False,True,small,GF1_WFV4_E124.5_N36.8_20190805_L2A0004161899,WFV4,2019-08-05
GF1_WFV4_E124.5_N36.8_20190805_L2A0004161899_12288_14848.png,0,1,0,0.4814453125,0.376953125,0.064453125,0.05859375,230.0,178.0,33.0,30.0,263.0,208.0,990.0,44.598206241955516,1.1,178.0,False,True,small,GF1_WFV4_E124.5_N36.8_20190805_L2A0004161899,WFV4,2019-08-05
GF1_WFV4_E124.5_N36.8_20190805_L2A0004161899_12800_14848.png,0,1,0,0.8954778156996587,0.08238341968911916,0.05034129692832767,0.07150259067357513,445.59726962457336,23.87564766839378,25.77474402730377,36.60932642487047,471.3720136518771,60.48497409326424,943.5960176130441,44.772538580649524,1.4203565469394916,23.87564766839378,False,True,small,GF1_WFV4_E124.5_N36.8_20190805_L2A0004161899,WFV4,2019-08-05
GF1_WFV4_E124.5_N36.8_20190805_L2A0004161899_12800_8192.png,0,1,0,0.6258532423208192,0.5523316062176166,0.04522184300341292,0.04766839378238341,308.8600682593857,270.59067357512953,23.153583617747415,24.406217616580307,332.0136518771331,294.99689119170984,565.0914003784321,33.64152036831713,1.0541010851500645,179.9863481228669,False,True,small,GF1_WFV4_E124.5_N36.8_20190805_L2A0004161899,WFV4,2019-08-05
GF1_WFV4_E124.5_N36.8_20190805_L2A0004161899_13312_13312.png,0,1,0,0.3425767918088737,0.15025906735751296,0.03156996587030719,0.04766839378238341,167.31740614334467,64.72953367875648,16.163822525597283,24.406217616580307,183.48122866894195,89.13575129533679,394.49777007551,29.273411434045077,1.5099285814311707,64.72953367875648,False,True,small,GF1_WFV4_E124.5_N36.8_20190805_L2A0004161899,WFV4,2019-08-05
GF1_WFV4_E124.5_N36.8_20190805_L2A0004161899_13312_13312.png,1,2,0,0.9633105802047781,0.029533678756476684,0.020477815699658675,0.03419689119170984,487.9726962457338,6.366839378238343,10.484641638225241,17.50880829015544,498.45733788395904,23.875647668393782,183.573580434667,20.407990543496005,1.6699481865284995,6.366839378238343,False,True,small,GF1_WFV4_E124.5_N36.8_20190805_L2A0004161899,WFV4,2019-08-05
GF1_WFV4_E124.5_N36.8_20190805_L2A0004161899_13312_13312.png,2,3,0,0.6092150170648465,0.06373056994818653,0.027303754266211677,0.03212435233160622,304.92832764505124,24.406217616580314,13.979522184300379,16.447668393782383,318.9078498293516,40.8538860103627,229.930545190897,21.585940704383823,1.1765544041450746,24.406217616580314,False,True,small,GF1_WFV4_E124.5_N36.8_20190805_L2A0004161899,WFV4,2019-08-05
GF1_WFV4_E124.5_N36.8_20190805_L2A0004161899_13312_13312.png,3,4,0,0.3852389078498294,0.1523316062176166,0.02815699658703069,0.035233160621761656,190.03412969283278,68.97409326424872,14.416382252559714,18.039378238341968,204.4505119453925,87.01347150259069,260.06257228244505,23.092233423337042,1.2513110378395362,68.97409326424872,False,True,small,GF1_WFV4_E124.5_N36.8_20190805_L2A0004161899,WFV4,2019-08-05
GF1_WFV4_E124.5_N36.8_20190805_L2A0004161899_13312_13312.png,4,5,0,0.6087883959044369,0.2756476683937824,0.028156996587030747,0.04145077720207252,304.4914675767918,130.52020725388604,14.416382252559742,21.22279792746113,318.90784982935156,151.74300518134717,305.9559673911123,25.65617331407332,1.4721306327523922,130.52020725388604,False,True,small,GF1_WFV4_E124.5_N36.8_20190805_L2A0004161899,WFV4,2019-08-05
GF1_WFV4_E124.5_N36.8_20190805_L2A0004161899_13312_13312.png,5,6,0,0.1877133105802048,0.48082901554404145,0.029010238907849845,0.02901554404145079,88.6825938566553,238.75647668393782,14.85324232081912,14.855958549222805,103.53583617747442,253.61243523316062,220.65915223965078,21.007577486640347,1.0001828710758915,88.6825938566553,False,True,small,GF1_WFV4_E124.5_N36.8_20190805_L2A0004161899,WFV4,2019-08-05
GF1_WFV4_E124.5_N36.8_20190805_L2A0004161899_13312_13312.png,6,7,0,0.3622013651877133,0.5373056994818652,0.02303754266211605,0.034196891191709766,179.54948805460748,266.3461139896373,11.795221843003418,17.5088082901554,191.3447098976109,283.8549222797927,206.5202779890003,21.1112677513,1.484398388025327,179.54948805460748,False,True,small,GF1_WFV4_E124.5_N36.8_20190805_L2A0004161899,WFV4,2019-08-05
GF1_WFV4_E124.5_N36.8_20190805_L2A0004161899_13312_13312.png,7,8,0,0.5921501706484642,0.6632124352331606,0.022184300341296925,0.033160621761658016,297.50170648464166,331.0756476683938,11.358361774744026,16.978238341968904,308.8600682593857,348.0538860103627,192.844973385913,20.427260203039204,1.4947787963332,163.9461139896373,False,True,small,GF1_WFV4_E124.5_N36.8_20190805_L2A0004161899,WFV4,2019-08-05
GF1_WFV4_E124.5_N36.8_20190805_L2A0004161899_13312_13312.png,8,9,0,0.5063993174061433,0.06321243523316061,0.02474402730375419,0.03730569948186528,252.94197952218428,22.814507772020722,12.668941979522145,19.100518134715024,265.61092150170646,41.91502590673575,241.98335602751519,22.92011963090673,1.5076648204395258,22.814507772020722,False,True,small,GF1_WFV4_E124.5_N36.8_20190805_L2A0004161899,WFV4,2019-08-05
GF1_WFV4_E124.5_N36.8_20190805_L2A0004161899_13312_13312.png,9,10,0,0.5294368600682594,0.07979274611398965,0.024744027303754246,0.029015544041450778,264.73720136518773,33.4259067357513,12.668941979522174,14.855958549222798,277.4061433447099,48.281865284974096,188.20927691029004,19.5243846329846,1.1726281936751841,33.4259067357513,False,True,small,GF1_WFV4_E124.5_N36.8_20190805_L2A0004161899,WFV4,2019-08-05
GF1_WFV4_E124.5_N36.8_20190805_L2A0004161899_13312_13824.png,0,1,0,0.94140625,0.349609375,0.046875,0.0546875,470.0,165.0,24.0,28.0,494.0,193.0,672.0,36.87817782917155,1.1666666666666667,18.0,False,True,small,GF1_WFV4_E124.5_N36.8_20190805_L2A0004161899,WFV4,2019-08-05
GF1_WFV4_E124.5_N36.8_20190805_L2A0004161899_13312_13824.png,1,2,0,0.22909556313993173,0.044041450777202076,0.02815699658703072,0.03212435233160622,110.08873720136518,14.325388601036272,14.416382252559728,16.447668393782383,124.5051194539249,30.773056994818653,237.11587472811192,21.87139393920166,1.1409012403831056,14.325388601036272,False,True,small,GF1_WFV4_E124.5_N36.8_20190805_L2A0004161899,WFV4,2019-08-05
GF1_WFV4_E124.5_N36.8_20190805_L2A0004161899_13312_8192.png,0,1,0,0.365234375,0.8798828125,0.078125,0.052734375,167.0,437.0,40.0,27.0,207.0,464.0,1080.0,48.25971404805462,1.4814814814814814,48.0,False,True,medium,GF1_WFV4_E124.5_N36.8_20190805_L2A0004161899,WFV4,2019-08-05
GF1_WFV4_E124.5_N36.8_20190805_L2A0004161899_13824_13312.png,0,1,0,0.8622013651877133,0.7497409326424871,0.03327645051194539,0.04663212435233166,432.9283276450512,371.92953367875646,17.03754266211604,23.87564766839381,449.9658703071672,395.80518134715027,406.78236573591084,29.33128724670472,1.4013551215623772,62.03412969283278,False,True,small,GF1_WFV4_E124.5_N36.8_20190805_L2A0004161899,WFV4,2019-08-05
GF1_WFV4_E124.5_N36.8_20190805_L2A0004161899_13824_13824.png,0,1,0,0.8720703125,0.7509765625,0.068359375,0.064453125,429.0,368.0,35.0,33.0,464.0,401.0,1155.0,48.104053883222775,1.0606060606060606,48.0,False,True,medium,GF1_WFV4_E124.5_N36.8_20190805_L2A0004161899,WFV4,2019-08-05
GF1_WFV4_E124.5_N36.8_20190805_L2A0004161899_13824_14848.png,0,1,0,0.16766211604095566,0.17150259067357512,0.031569965870307165,0.0383419689119171,77.76109215017067,77.99378238341968,16.16382252559727,19.631088082901556,93.92491467576794,97.62487046632124,317.31342375638826,25.429289765104436,1.2145077720207256,77.76109215017067,False,True,small,GF1_WFV4_E124.5_N36.8_20190805_L2A0004161899,WFV4,2019-08-05
GF1_WFV4_E124.5_N36.8_20190805_L2A0004161899_13824_3072.png,0,1,0,0.6748046875,0.0966796875,0.052734375,0.052734375,332.0,36.0,27.0,27.0,359.0,63.0,729.0,38.18376618407357,1.0,36.0,False,True,small,GF1_WFV4_E124.5_N36.8_20190805_L2A0004161899,WFV4,2019-08-05
GF1_WFV4_E124.5_N36.8_20190805_L2A0004161899_13824_7168.png,0,1,0,0.3232421875,0.8857421875,0.076171875,0.037109375,146.0,444.0,39.0,19.0,185.0,463.0,741.0,43.382023926967726,2.0526315789473686,49.0,False,True,small,GF1_WFV4_E124.5_N36.8_20190805_L2A0004161899,WFV4,2019-08-05
GF1_WFV4_E124.5_N36.8_20190805_L2A0004161899_13824_7680.png,0,1,0,0.4765625,0.4912109375,0.0625,0.052734375,228.0,238.0,32.0,27.0,260.0,265.0,864.0,41.86884283091664,1.1851851851851851,228.0,False,True,small,GF1_WFV4_E124.5_N36.8_20190805_L2A0004161899,WFV4,2019-08-05
GF1_WFV4_E124.5_N36.8_20190805_L2A0004161899_13824_7680.png,1,2,0,0.953125,0.9365234375,0.0703125,0.044921875,470.0,468.0,36.0,23.0,506.0,491.0,828.0,42.720018726587654,1.565217391304348,6.0,False,True,small,GF1_WFV4_E124.5_N36.8_20190805_L2A0004161899,WFV4,2019-08-05
GF1_WFV4_E124.5_N36.8_20190805_L2A0004161899_13824_7680.png,2,3,0,0.5302734375,0.86328125,0.044921875,0.03515625,260.0,433.0,23.0,18.0,283.0,451.0,414.0,29.206163733020468,1.2777777777777777,61.0,False,True,small,GF1_WFV4_E124.5_N36.8_20190805_L2A0004161899,WFV4,2019-08-05
GF1_WFV4_E124.5_N36.8_20190805_L2A0004161899_13824_8192.png,0,1,0,0.4716796875,0.072265625,0.052734375,0.03125,228.0,29.0,27.0,16.0,255.0,45.0,432.0,31.38470965295043,1.6875,29.0,False,True,small,GF1_WFV4_E124.5_N36.8_20190805_L2A0004161899,WFV4,2019-08-05
GF1_WFV4_E124.5_N36.8_20190805_L2A0004161899_13824_8192.png,1,2,0,0.1591796875,0.6015625,0.048828125,0.02734375,69.0,301.0,25.0,14.0,94.0,315.0,350.0,28.653097563788805,1.7857142857142858,69.0,False,True,small,GF1_WFV4_E124.5_N36.8_20190805_L2A0004161899,WFV4,2019-08-05
GF1_WFV4_E124.5_N36.8_20190805_L2A0004161899_13824_8192.png,2,3,0,0.4169921875,0.4287109375,0.056640625,0.033203125,199.0,211.0,29.0,17.0,228.0,228.0,493.0,33.61547262794322,1.7058823529411764,199.0,False,True,small,GF1_WFV4_E124.5_N36.8_20190805_L2A0004161899,WFV4,2019-08-05
GF1_WFV4_E124.5_N36.8_20190805_L2A0004161899_14336_10752.png,0,1,0,0.7926621160409557,0.47202072538860107,0.0426621160409556,0.061139896373057,394.9215017064847,226.02279792746117,21.843003412969267,31.303626943005185,416.764505119454,257.3264248704663,683.765230154379,38.17111287198511,1.433119170984457,95.23549488054601,False,True,small,GF1_WFV4_E124.5_N36.8_20190805_L2A0004161899,WFV4,2019-08-05
GF1_WFV4_E124.5_N36.8_20190805_L2A0004161899_14336_13312.png,0,1,0,0.7871160409556315,0.8932642487046631,0.026450511945392496,0.041450777202072575,396.23208191126287,446.7398963730569,13.542662116040958,21.22279792746116,409.7747440273038,467.9626943005181,287.4131814886208,25.175600272070984,1.5671068026073887,44.03730569948192,False,True,small,GF1_WFV4_E124.5_N36.8_20190805_L2A0004161899,WFV4,2019-08-05
GF1_WFV4_E124.5_N36.8_20190805_L2A0004161899_14848_10240.png,0,1,0,0.74609375,0.369140625,0.0625,0.05078125,366.0,176.0,32.0,26.0,398.0,202.0,832.0,41.23105625617661,1.2307692307692308,114.0,False,True,small,GF1_WFV4_E124.5_N36.8_20190805_L2A0004161899,WFV4,2019-08-05
GF1_WFV4_E124.5_N36.8_20190805_L2A0004161899_14848_10240.png,1,2,0,0.31356655290102387,0.8844559585492229,0.02645051194539244,0.030051813471502542,153.77474402730377,445.1481865284975,13.54266211604093,15.386528497409302,167.3174061433447,460.5347150259068,208.37455657924912,20.49753537357208,1.1361524318903564,51.46528497409321,False,True,small,GF1_WFV4_E124.5_N36.8_20190805_L2A0004161899,WFV4,2019-08-05
GF1_WFV4_E124.5_N36.8_20190805_L2A0004161899_15360_10752.png,0,1,0,0.28796928327645055,0.183419689119171,0.038395904436860084,0.06010362694300517,137.6109215017065,78.52435233160622,19.658703071672363,30.773056994818646,157.26962457337888,109.29740932642487,604.95839006879,36.51637500172405,1.5653655728267117,78.52435233160622,False,True,small,GF1_WFV4_E124.5_N36.8_20190805_L2A0004161899,WFV4,2019-08-05
GF1_WFV4_E124.5_N36.8_20190805_L2A0004161899_15360_11264.png,0,1,0,0.169921875,0.4384765625,0.0625,0.060546875,71.0,209.0,32.0,31.0,103.0,240.0,992.0,44.553338819890925,1.032258064516129,71.0,False,True,small,GF1_WFV4_E124.5_N36.8_20190805_L2A0004161899,WFV4,2019-08-05
GF1_WFV4_E124.5_N36.8_20190805_L2A0004161899_15360_11776.png,0,1,0,0.060546875,0.1162109375,0.0625,0.048828125,15.0,47.0,32.0,25.0,47.0,72.0,800.0,40.607881008493905,1.28,15.0,False,True,small,GF1_WFV4_E124.5_N36.8_20190805_L2A0004161899,WFV4,2019-08-05
GF1_WFV4_E124.5_N36.8_20190805_L2A0004161899_15360_6144.png,0,1,0,0.625,0.8134765625,0.078125,0.037109375,300.0,407.0,40.0,19.0,340.0,426.0,760.0,44.28317965096906,2.1052631578947367,86.0,False,True,small,GF1_WFV4_E124.5_N36.8_20190805_L2A0004161899,WFV4,2019-08-05
GF1_WFV4_E124.5_N36.8_20190805_L2A0004161899_15360_6144.png,1,2,0,0.6454778156996588,0.7549222797927462,0.023037542662115995,0.034196891191709766,324.5870307167236,377.7658031088083,11.79522184300339,17.5088082901554,336.38225255972696,395.2746113989637,206.5202779889998,21.111267751299984,1.4843983880253306,116.72538860103629,False,True,small,GF1_WFV4_E124.5_N36.8_20190805_L2A0004161899,WFV4,2019-08-05
GF1_WFV4_E124.5_N36.8_20190805_L2A0004161899_1536_12288.png,0,1,0,0.6569965870307166,0.5569948186528497,0.03754266211604096,0.04455958549222805,326.77133105802045,273.7740932642487,19.22184300341297,22.81450777202076,345.9931740614334,296.58860103626944,438.5368865939281,29.83254956130052,1.1869053226566197,166.00682593856658,False,True,small,GF1_WFV4_E124.5_N36.8_20190805_L2A0004161899,WFV4,2019-08-05
GF1_WFV4_E124.5_N36.8_20190805_L2A0004161899_15457_3584.png,0,1,0,0.2841796875,0.544921875,0.064453125,0.03125,129.0,271.0,33.0,16.0,162.0,287.0,528.0,36.6742416417845,2.0625,129.0,False,True,small,GF1_WFV4_E124.5_N36.8_20190805_L2A0004161899,WFV4,2019-08-05
GF1_WFV4_E124.5_N36.8_20190805_L2A0004161899_15457_6144.png,0,1,0,0.4569112627986348,0.7533678756476684,0.024744027303754246,0.033160621761658016,227.60409556313994,377.23523316062176,12.668941979522174,16.978238341968904,240.2730375426621,394.21347150259066,215.09631646890278,21.184019167221365,1.3401465070573526,117.78652849740934,False,True,small,GF1_WFV4_E124.5_N36.8_20190805_L2A0004161899,WFV4,2019-08-05
GF1_WFV4_E124.5_N36.8_20190805_L2A0004161899_15457_6144.png,1,2,0,0.44795221843003413,0.8155440414507772,0.05119453924914674,0.041450777202072464,216.2457337883959,406.94715025906737,26.211604095563132,21.2227979274611,242.45733788395904,428.1699481865285,556.2835770747481,33.72618183447971,1.2350682593856674,83.83005181347153,False,True,small,GF1_WFV4_E124.5_N36.8_20190805_L2A0004161899,WFV4,2019-08-05
GF1_WFV4_E124.5_N36.8_20190805_L2A0004161899_15457_6656.png,0,1,0,0.853515625,0.2646484375,0.05859375,0.029296875,422.0,128.0,30.0,15.0,452.0,143.0,450.0,33.54101966249684,2.0,60.0,False,True,small,GF1_WFV4_E124.5_N36.8_20190805_L2A0004161899,WFV4,2019-08-05
GF1_WFV4_E124.5_N36.8_20190805_L2A0004161899_15872_6656.png,0,1,0,0.0419921875,0.2646484375,0.064453125,0.033203125,5.0,127.0,33.0,17.0,38.0,144.0,561.0,37.12142238654117,1.9411764705882353,5.0,False,True,small,GF1_WFV4_E124.5_N36.8_20190805_L2A0004161899,WFV4,2019-08-05
GF1_WFV4_E124.5_N36.8_20190805_L2A0004161899_15969_5120.png,0,1,0,0.6103515625,0.47265625,0.060546875,0.04296875,297.0,231.0,31.0,22.0,328.0,253.0,682.0,38.01315561749642,1.4090909090909092,184.0,False,True,small,GF1_WFV4_E124.5_N36.8_20190805_L2A0004161899,WFV4,2019-08-05
GF1_WFV4_E124.5_N36.8_20190805_L2A0004161899_16481_6144.png,0,1,0,0.0302734375,0.8154296875,0.060546875,0.025390625,0.0,411.0,31.0,13.0,31.0,424.0,403.0,33.61547262794322,2.3846153846153846,0.0,True,True,small,GF1_WFV4_E124.5_N36.8_20190805_L2A0004161899,WFV4,2019-08-05
GF1_WFV4_E124.5_N36.8_20190805_L2A0004161899_16993_3584.png,0,1,0,0.5107421875,0.19921875,0.033203125,0.03515625,253.0,93.0,17.0,18.0,270.0,111.0,306.0,24.758836806279895,1.0588235294117647,93.0,False,True,small,GF1_WFV4_E124.5_N36.8_20190805_L2A0004161899,WFV4,2019-08-05
GF1_WFV4_E124.5_N36.8_20190805_L2A0004161899_16993_3584.png,1,2,0,0.263671875,0.4345703125,0.05078125,0.041015625,122.0,212.0,26.0,21.0,148.0,233.0,546.0,33.421549934136806,1.2380952380952381,122.0,False,True,small,GF1_WFV4_E124.5_N36.8_20190805_L2A0004161899,WFV4,2019-08-05
GF1_WFV4_E124.5_N36.8_20190805_L2A0004161899_2048_6656.png,0,1,0,0.6569965870307167,0.9544041450777202,0.03583617747440271,0.03730569948186524,327.20819112627987,479.10466321243524,18.348122866894187,19.100518134715003,345.55631399317406,498.20518134715024,350.45865355709145,26.48553200812138,1.0410066617320497,13.794818652849756,False,True,small,GF1_WFV4_E124.5_N36.8_20190805_L2A0004161899,WFV4,2019-08-05
GF1_WFV4_E124.5_N36.8_20190805_L2A0004161899_2048_6656.png,1,2,0,0.8532423208191127,0.15699481865284975,0.027303754266211677,0.03212435233160624,429.8703071672355,72.15751295336787,13.979522184300379,16.447668393782394,443.8498293515359,88.60518134715026,229.93054519089713,21.58594070438383,1.1765544041450753,68.1501706484641,False,True,small,GF1_WFV4_E124.5_N36.8_20190805_L2A0004161899,WFV4,2019-08-05
GF1_WFV4_E124.5_N36.8_20190805_L2A0004161899_3072_11264.png,0,1,0,0.0419921875,0.26953125,0.044921875,0.03125,10.0,130.0,23.0,16.0,33.0,146.0,368.0,28.0178514522438,1.4375,10.0,False,True,small,GF1_WFV4_E124.5_N36.8_20190805_L2A0004161899,WFV4,2019-08-05
GF1_WFV4_E124.5_N36.8_20190805_L2A0004161899_3072_11776.png,0,1,0,0.8369140625,0.5576171875,0.064453125,0.060546875,412.0,270.0,33.0,31.0,445.0,301.0,1023.0,45.27692569068709,1.064516129032258,67.0,False,True,small,GF1_WFV4_E124.5_N36.8_20190805_L2A0004161899,WFV4,2019-08-05
GF1_WFV4_E124.5_N36.8_20190805_L2A0004161899_3072_8192.png,0,1,0,0.9736328125,0.0166015625,0.044921875,0.029296875,487.0,1.0,23.0,15.0,510.0,16.0,345.0,27.459060435491963,1.5333333333333334,1.0,False,True,small,GF1_WFV4_E124.5_N36.8_20190805_L2A0004161899,WFV4,2019-08-05
GF1_WFV4_E124.5_N36.8_20190805_L2A0004161899_3584_10240.png,0,1,0,0.4716796875,0.345703125,0.052734375,0.05859375,228.0,162.0,27.0,30.0,255.0,192.0,810.0,40.36087214122113,1.1111111111111112,162.0,False,True,small,GF1_WFV4_E124.5_N36.8_20190805_L2A0004161899,WFV4,2019-08-05
GF1_WFV4_E124.5_N36.8_20190805_L2A0004161899_3584_11264.png,0,1,0,0.873046875,0.646484375,0.046875,0.0390625,435.0,321.0,24.0,20.0,459.0,341.0,480.0,31.240998703626616,1.2,53.0,False,True,small,GF1_WFV4_E124.5_N36.8_20190805_L2A0004161899,WFV4,2019-08-05
GF1_WFV4_E124.5_N36.8_20190805_L2A0004161899_3584_6656.png,0,1,0,0.6023890784982935,0.6922279792746113,0.04095563139931746,0.060103626943005195,297.93856655290097,339.03419689119164,20.96928327645054,30.77305699481866,318.9078498293515,369.8072538860103,645.2889494067102,37.23831196408325,1.4675302245250417,142.1927461139897,False,True,small,GF1_WFV4_E124.5_N36.8_20190805_L2A0004161899,WFV4,2019-08-05
GF1_WFV4_E124.5_N36.8_20190805_L2A0004161899_3584_8192.png,0,1,0,0.22265625,0.76171875,0.05078125,0.0546875,101.0,376.0,26.0,28.0,127.0,404.0,728.0,38.2099463490856,1.0769230769230769,101.0,False,True,small,GF1_WFV4_E124.5_N36.8_20190805_L2A0004161899,WFV4,2019-08-05
GF1_WFV4_E124.5_N36.8_20190805_L2A0004161899_3584_8192.png,1,2,0,0.314453125,0.0498046875,0.05078125,0.052734375,148.0,12.0,26.0,27.0,174.0,39.0,702.0,37.48332962798263,1.0384615384615385,12.0,False,True,small,GF1_WFV4_E124.5_N36.8_20190805_L2A0004161899,WFV4,2019-08-05
GF1_WFV4_E124.5_N36.8_20190805_L2A0004161899_3584_8704.png,0,1,0,0.875,0.5322265625,0.05859375,0.044921875,433.0,261.0,30.0,23.0,463.0,284.0,690.0,37.8021163428716,1.3043478260869565,49.0,False,True,small,GF1_WFV4_E124.5_N36.8_20190805_L2A0004161899,WFV4,2019-08-05
GF1_WFV4_E124.5_N36.8_20190805_L2A0004161899_4096_3072.png,0,1,0,0.0380859375,0.60546875,0.044921875,0.03515625,8.0,301.0,23.0,18.0,31.0,319.0,414.0,29.206163733020468,1.2777777777777777,8.0,False,True,small,GF1_WFV4_E124.5_N36.8_20190805_L2A0004161899,WFV4,2019-08-05
GF1_WFV4_E124.5_N36.8_20190805_L2A0004161899_4608_10752.png,0,1,0,0.3193359375,0.3876953125,0.060546875,0.048828125,148.0,186.0,31.0,25.0,179.0,211.0,775.0,39.824615503479755,1.24,148.0,False,True,small,GF1_WFV4_E124.5_N36.8_20190805_L2A0004161899,WFV4,2019-08-05
GF1_WFV4_E124.5_N36.8_20190805_L2A0004161899_512_12288.png,0,1,0,0.53515625,0.6572265625,0.046875,0.044921875,262.0,325.0,24.0,23.0,286.0,348.0,552.0,33.24154027718932,1.0434782608695652,164.0,False,True,small,GF1_WFV4_E124.5_N36.8_20190805_L2A0004161899,WFV4,2019-08-05
GF1_WFV4_E124.5_N36.8_20190805_L2A0004161899_5632_3584.png,0,1,0,0.611328125,0.0458984375,0.05859375,0.029296875,298.0,16.0,30.0,15.0,328.0,31.0,450.0,33.54101966249684,2.0,16.0,False,True,small,GF1_WFV4_E124.5_N36.8_20190805_L2A0004161899,WFV4,2019-08-05
GF1_WFV4_E124.5_N36.8_20190805_L2A0004161899_6144_5632.png,0,1,0,0.3603515625,0.896484375,0.048828125,0.05078125,172.0,446.0,25.0,26.0,197.0,472.0,650.0,36.069377593742864,1.04,40.0,False,True,small,GF1_WFV4_E124.5_N36.8_20190805_L2A0004161899,WFV4,2019-08-05
GF1_WFV4_E124.5_N36.8_20190805_L2A0004161899_6144_8192.png,0,1,0,0.39453125,0.2685546875,0.046875,0.044921875,190.0,126.0,24.0,23.0,214.0,149.0,552.0,33.24154027718932,1.0434782608695652,126.0,False,True,small,GF1_WFV4_E124.5_N36.8_20190805_L2A0004161899,WFV4,2019-08-05
GF1_WFV4_E124.5_N36.8_20190805_L2A0004161899_6656_8192.png,0,1,0,0.603515625,0.412109375,0.0625,0.05078125,293.0,198.0,32.0,26.0,325.0,224.0,832.0,41.23105625617661,1.2307692307692308,187.0,False,True,small,GF1_WFV4_E124.5_N36.8_20190805_L2A0004161899,WFV4,2019-08-05
GF1_WFV4_E124.5_N36.8_20190805_L2A0004161899_7168_8192.png,0,1,0,0.24104095563139932,0.026424870466321245,0.023037542662116023,0.027979274611398965,117.51535836177476,6.366839378238343,11.795221843003404,14.32538860103627,129.31058020477815,20.692227979274612,168.971136536455,18.556508747508637,1.2145077720207265,6.366839378238343,False,True,small,GF1_WFV4_E124.5_N36.8_20190805_L2A0004161899,WFV4,2019-08-05
GF1_WFV4_E124.5_N36.8_20190805_L2A0004161899_9216_13312.png,0,1,0,0.25554607508532423,0.644559585492228,0.04863481228668942,0.033160621761658016,118.38907849829351,321.5253886010363,24.901023890784984,16.978238341968904,143.2901023890785,338.5036269430052,422.7755185768093,30.138373678852474,1.4666435580204786,118.38907849829351,False,True,small,GF1_WFV4_E124.5_N36.8_20190805_L2A0004161899,WFV4,2019-08-05
GF1_WFV4_E124.6_N36.8_20191206_L1A0004447277_8704_0.png,0,1,0,0.29906143344709896,0.344559585492228,0.04863481228668942,0.059067357512953333,140.66894197952217,161.29326424870467,24.901023890784984,30.242487046632107,165.56996587030716,191.53575129533678,753.0688924649415,39.174851800296004,1.2145077720207247,140.66894197952217,False,True,small,GF1_WFV4_E124.6_N36.8_20191206_L1A0004447277,WFV4,2019-12-06
GF1_WFV4_E124.6_N36.8_20191206_L1A0004447277_9728_512.png,0,1,0,0.8357508532423208,0.3176165803108808,0.04180887372013653,0.03212435233160621,417.2013651877133,154.3958549222798,21.406143344709903,16.44766839378238,438.6075085324232,170.84352331606217,352.0811473235601,26.995347163652035,1.3014697787074763,73.3924914675768,False,True,small,GF1_WFV4_E124.6_N36.8_20191206_L1A0004447277,WFV4,2019-12-06
GF6_WFV_E131.2_N35.8_20200910_L1A1120034678-2_0_0.png,0,1,0,0.8737201365187713,0.7652849740932642,0.022184300341296925,0.030051813471502653,441.6655290102389,384.1326424870466,11.358361774744026,15.386528497409358,453.02389078498294,399.51917098445597,174.7657571309841,19.124791277489972,1.354643284176966,58.97610921501706,False,True,small,GF6_WFV_E131.2_N35.8_20200910_L1A1120034678-2,WFV,2020-09-10
GF6_WFV_E131.2_N35.8_20200910_L1A1120034678-2_0_512.png,0,1,0,0.6630859375,0.2763671875,0.044921875,0.037109375,328.0,132.0,23.0,19.0,351.0,151.0,437.0,29.832867780352597,1.2105263157894737,132.0,False,True,small,GF6_WFV_E131.2_N35.8_20200910_L1A1120034678-2,WFV,2020-09-10
GF6_WFV_E131.2_N35.8_20200910_L1A1120034678-2_1024_3072.png,0,1,0,0.2255859375,0.1953125,0.044921875,0.03125,104.0,92.0,23.0,16.0,127.0,108.0,368.0,28.0178514522438,1.4375,92.0,False,True,small,GF6_WFV_E131.2_N35.8_20200910_L1A1120034678-2,WFV,2020-09-10
GF6_WFV_E131.2_N35.8_20200910_L1A1120034678-2_1024_3072.png,1,2,0,0.896484375,0.5322265625,0.0546875,0.052734375,445.0,259.0,28.0,27.0,473.0,286.0,756.0,38.897300677553446,1.037037037037037,39.0,False,True,small,GF6_WFV_E131.2_N35.8_20200910_L1A1120034678-2,WFV,2020-09-10
GF6_WFV_E131.2_N35.8_20200910_L1A1120034678-2_1024_3072.png,2,3,0,0.40273037542662116,0.8186528497409327,0.025597269624573427,0.022797927461139844,199.64505119453923,413.3139896373057,13.105802047781594,11.6725388601036,212.75085324232083,424.9865284974093,152.977983695556,17.55021967829078,1.1227893267142461,87.01347150259068,False,True,small,GF6_WFV_E131.2_N35.8_20200910_L1A1120034678-2,WFV,2020-09-10
GF6_WFV_E131.2_N35.8_20200910_L1A1120034678-2_1024_3072.png,3,4,0,0.26621160409556316,0.8165803108808289,0.022184300341296925,0.02694300518134718,130.62116040955632,411.19170984455957,11.358361774744026,13.794818652849756,141.97952218430035,424.9865284974093,156.68654087605455,17.869230645749074,1.214507772020727,87.01347150259068,False,True,small,GF6_WFV_E131.2_N35.8_20200910_L1A1120034678-2,WFV,2020-09-10
GF6_WFV_E131.2_N35.8_20200910_L1A1120034678-2_1024_3584.png,0,1,0,0.32679180887372017,0.23419689119170983,0.029010238907849872,0.033160621761658016,159.89078498293514,111.41968911917098,14.853242320819135,16.978238341968904,174.74402730375428,128.3979274611399,252.1818882738866,22.558355096009894,1.1430661383724452,111.41968911917098,False,True,small,GF6_WFV_E131.2_N35.8_20200910_L1A1120034678-2,WFV,2020-09-10
GF6_WFV_E131.2_N35.8_20200910_L1A1120034678-2_1024_512.png,0,1,0,0.150390625,0.615234375,0.05078125,0.0390625,64.0,305.0,26.0,20.0,90.0,325.0,520.0,32.802438933713454,1.3,64.0,False,True,small,GF6_WFV_E131.2_N35.8_20200910_L1A1120034678-2,WFV,2020-09-10
GF6_WFV_E131.2_N35.8_20200910_L1A1120034678-2_1024_512.png,1,2,0,0.2841796875,0.5888671875,0.044921875,0.033203125,134.0,293.0,23.0,17.0,157.0,310.0,391.0,28.600699292150182,1.3529411764705883,134.0,False,True,small,GF6_WFV_E131.2_N35.8_20200910_L1A1120034678-2,WFV,2020-09-10
GF6_WFV_E131.2_N35.8_20200910_L1A1120034678-2_12288_5632.png,0,1,0,0.3656143344709898,0.3233160621761658,0.06228668941979526,0.0683937823834197,171.24914675767917,148.02901554404144,31.890784982935173,35.017616580310886,203.13993174061434,183.04663212435233,1116.7392809775602,47.36301972840697,1.0980481226488745,148.02901554404144,False,True,medium,GF6_WFV_E131.2_N35.8_20200910_L1A1120034678-2,WFV,2020-09-10
GF6_WFV_E131.2_N35.8_20200910_L1A1120034678-2_13312_15872.png,0,1,0,0.5595703125,0.1953125,0.041015625,0.03515625,276.0,91.0,21.0,18.0,297.0,109.0,378.0,27.65863337187866,1.1666666666666667,91.0,False,True,small,GF6_WFV_E131.2_N35.8_20200910_L1A1120034678-2,WFV,2020-09-10
GF6_WFV_E131.2_N35.8_20200910_L1A1120034678-2_13824_15872.png,0,1,0,0.2265625,0.23046875,0.05078125,0.03515625,103.0,109.0,26.0,18.0,129.0,127.0,468.0,31.622776601683793,1.4444444444444444,103.0,False,True,small,GF6_WFV_E131.2_N35.8_20200910_L1A1120034678-2,WFV,2020-09-10
GF6_WFV_E131.2_N35.8_20200910_L1A1120034678-2_13824_15872.png,1,2,0,0.2939453125,0.9072265625,0.037109375,0.029296875,141.0,457.0,19.0,15.0,160.0,472.0,285.0,24.20743687382041,1.2666666666666666,40.0,False,True,small,GF6_WFV_E131.2_N35.8_20200910_L1A1120034678-2,WFV,2020-09-10
GF6_WFV_E131.2_N35.8_20200910_L1A1120034678-2_14336_14848.png,0,1,0,0.3523890784982935,0.3761658031088083,0.03242320819112626,0.037305699481865295,172.12286689419795,183.04663212435236,16.600682593856646,19.10051813471503,188.7235494880546,202.1471502590674,317.08163893260706,25.306371837870255,1.150586310335425,172.12286689419795,False,True,small,GF6_WFV_E131.2_N35.8_20200910_L1A1120034678-2,WFV,2020-09-10
GF6_WFV_E131.2_N35.8_20200910_L1A1120034678-2_15360_13312.png,0,1,0,0.7890625,0.978515625,0.0703125,0.04296875,386.0,490.0,36.0,22.0,422.0,512.0,792.0,42.190046219457976,1.6363636363636365,0.0,True,True,small,GF6_WFV_E131.2_N35.8_20200910_L1A1120034678-2,WFV,2020-09-10
GF6_WFV_E131.2_N35.8_20200910_L1A1120034678-2_15360_14336.png,0,1,0,0.6767578125,0.23046875,0.064453125,0.046875,330.0,106.0,33.0,24.0,363.0,130.0,792.0,40.80441152620633,1.375,106.0,False,True,small,GF6_WFV_E131.2_N35.8_20200910_L1A1120034678-2,WFV,2020-09-10
GF6_WFV_E131.2_N35.8_20200910_L1A1120034678-2_15360_512.png,0,1,0,0.0556640625,0.0517578125,0.064453125,0.048828125,12.0,14.0,33.0,25.0,45.0,39.0,825.0,41.400483088968905,1.32,12.0,False,True,small,GF6_WFV_E131.2_N35.8_20200910_L1A1120034678-2,WFV,2020-09-10
GF6_WFV_E131.2_N35.8_20200910_L1A1120034678-2_15872_13312.png,0,1,0,0.2978515625,0.7705078125,0.052734375,0.041015625,139.0,384.0,27.0,21.0,166.0,405.0,567.0,34.20526275297414,1.2857142857142858,107.0,False,True,small,GF6_WFV_E131.2_N35.8_20200910_L1A1120034678-2,WFV,2020-09-10
GF6_WFV_E131.2_N35.8_20200910_L1A1120034678-2_15872_13312.png,1,2,0,0.673828125,0.5654296875,0.05078125,0.037109375,332.0,280.0,26.0,19.0,358.0,299.0,494.0,32.202484376209235,1.368421052631579,154.0,False,True,small,GF6_WFV_E131.2_N35.8_20200910_L1A1120034678-2,WFV,2020-09-10
GF6_WFV_E131.2_N35.8_20200910_L1A1120034678-2_15872_13312.png,2,3,0,0.7763671875,0.0625,0.041015625,0.03515625,387.0,23.0,21.0,18.0,408.0,41.0,378.0,27.65863337187866,1.1666666666666667,23.0,False,True,small,GF6_WFV_E131.2_N35.8_20200910_L1A1120034678-2,WFV,2020-09-10
GF6_WFV_E131.2_N35.8_20200910_L1A1120034678-2_15872_13312.png,3,4,0,0.5009765625,0.2880859375,0.048828125,0.029296875,244.0,140.0,25.0,15.0,269.0,155.0,375.0,29.154759474226502,1.6666666666666667,140.0,False,True,small,GF6_WFV_E131.2_N35.8_20200910_L1A1120034678-2,WFV,2020-09-10
GF6_WFV_E131.2_N35.8_20200910_L1A1120034678-2_15872_13312.png,4,5,0,0.3642578125,0.322265625,0.048828125,0.0390625,174.0,155.0,25.0,20.0,199.0,175.0,500.0,32.01562118716424,1.25,155.0,False,True,small,GF6_WFV_E131.2_N35.8_20200910_L1A1120034678-2,WFV,2020-09-10
GF6_WFV_E131.2_N35.8_20200910_L1A1120034678-2_15872_13312.png,5,6,0,0.412109375,0.5625,0.046875,0.03515625,199.0,279.0,24.0,18.0,223.0,297.0,432.0,30.0,1.3333333333333333,199.0,False,True,small,GF6_WFV_E131.2_N35.8_20200910_L1A1120034678-2,WFV,2020-09-10
GF6_WFV_E131.2_N35.8_20200910_L1A1120034678-2_15872_9216.png,0,1,0,0.4150390625,0.8271484375,0.048828125,0.041015625,200.0,413.0,25.0,21.0,225.0,434.0,525.0,32.64965543462902,1.1904761904761905,78.0,False,True,small,GF6_WFV_E131.2_N35.8_20200910_L1A1120034678-2,WFV,2020-09-10
GF6_WFV_E131.2_N35.8_20200910_L1A1120034678-2_16384_14336.png,0,1,0,0.8740234375,0.5537109375,0.044921875,0.037109375,436.0,274.0,23.0,19.0,459.0,293.0,437.0,29.832867780352597,1.2105263157894737,53.0,False,True,small,GF6_WFV_E131.2_N35.8_20200910_L1A1120034678-2,WFV,2020-09-10
GF6_WFV_E131.2_N35.8_20200910_L1A1120034678-2_16384_4608.png,0,1,0,0.5908203125,0.068359375,0.072265625,0.0546875,284.0,21.0,37.0,28.0,321.0,49.0,1036.0,46.400431032480725,1.3214285714285714,21.0,False,True,medium,GF6_WFV_E131.2_N35.8_20200910_L1A1120034678-2,WFV,2020-09-10
GF6_WFV_E131.2_N35.8_20200910_L1A1120034678-2_16384_6144.png,0,1,0,0.0400390625,0.650390625,0.060546875,0.05078125,5.0,320.0,31.0,26.0,36.0,346.0,806.0,40.45985664828782,1.1923076923076923,5.0,False,True,small,GF6_WFV_E131.2_N35.8_20200910_L1A1120034678-2,WFV,2020-09-10
GF6_WFV_E131.2_N35.8_20200910_L1A1120034678-2_16896_10752.png,0,1,0,0.4398464163822526,0.6668393782383419,0.03327645051194539,0.0383419689119171,216.6825938566553,331.6062176165803,17.03754266211604,19.631088082901556,233.72013651877134,351.23730569948185,334.465500716193,25.99341222852559,1.152225322173509,160.76269430051815,False,True,small,GF6_WFV_E131.2_N35.8_20200910_L1A1120034678-2,WFV,2020-09-10
GF6_WFV_E131.2_N35.8_20200910_L1A1120034678-2_16896_11776.png,0,1,0,0.9330204778156996,0.20518134715025907,0.019624573378839605,0.02901554404145079,472.6825938566553,97.62487046632124,10.047781569965878,14.855958549222805,482.73037542662115,112.48082901554405,149.26942651505792,17.934810255309984,1.4785312007208826,29.26962457337885,False,True,small,GF6_WFV_E131.2_N35.8_20200910_L1A1120034678-2,WFV,2020-09-10
GF6_WFV_E131.2_N35.8_20200910_L1A1120034678-2_16896_8192.png,0,1,0,0.3095703125,0.8134765625,0.060546875,0.052734375,143.0,403.0,31.0,27.0,174.0,430.0,837.0,41.10960958218893,1.1481481481481481,82.0,False,True,small,GF6_WFV_E131.2_N35.8_20200910_L1A1120034678-2,WFV,2020-09-10
GF6_WFV_E131.2_N35.8_20200910_L1A1120034678-2_17408_10752.png,0,1,0,0.171875,0.0146484375,0.05859375,0.029296875,73.0,0.0,30.0,15.0,103.0,15.0,450.0,33.54101966249684,2.0,0.0,True,True,small,GF6_WFV_E131.2_N35.8_20200910_L1A1120034678-2,WFV,2020-09-10
GF6_WFV_E131.2_N35.8_20200910_L1A1120034678-2_17408_11776.png,0,1,0,0.6941126279863481,0.6792746113989637,0.03156996587030714,0.0383419689119171,347.3037542662116,337.97305699481865,16.163822525597254,19.631088082901556,363.4675767918089,357.6041450777202,317.313423756388,25.429289765104425,1.2145077720207267,148.53242320819112,False,True,small,GF6_WFV_E131.2_N35.8_20200910_L1A1120034678-2,WFV,2020-09-10
GF6_WFV_E131.2_N35.8_20200910_L1A1120034678-2_17920_11264.png,0,1,0,0.2431640625,0.2685546875,0.052734375,0.037109375,111.0,128.0,27.0,19.0,138.0,147.0,513.0,33.015148038438355,1.4210526315789473,111.0,False,True,small,GF6_WFV_E131.2_N35.8_20200910_L1A1120034678-2,WFV,2020-09-10
GF6_WFV_E131.2_N35.8_20200910_L1A1120034678-2_17920_11264.png,1,2,0,0.19837883959044367,0.7911917098445596,0.023037542662116023,0.032124352331606265,95.67235494880546,396.8663212435233,11.795221843003404,16.447668393782408,107.46757679180887,413.3139896373057,194.00389750481895,20.239887695278682,1.3944348493571324,95.67235494880546,False,True,small,GF6_WFV_E131.2_N35.8_20200910_L1A1120034678-2,WFV,2020-09-10
GF6_WFV_E131.2_N35.8_20200910_L1A1120034678-2_17920_4608.png,0,1,0,0.5230375426621161,0.5678756476683937,0.04095563139931746,0.049740932642487024,257.31058020477815,278.0186528497409,20.96928327645054,25.467357512953356,278.2798634812287,303.48601036269423,534.0322339917598,32.989348884459815,1.2145077720207231,208.51398963730577,False,True,small,GF6_WFV_E131.2_N35.8_20200910_L1A1120034678-2,WFV,2020-09-10
GF6_WFV_E131.2_N35.8_20200910_L1A1120034678-2_17920_8704.png,0,1,0,0.9023037542662116,0.7160621761658031,0.04180887372013653,0.04766839378238341,451.27645051194537,354.42072538860106,21.406143344709903,24.406217616580307,472.6825938566553,378.82694300518136,522.4429928027022,32.46361703880427,1.1401501533255785,39.317406143344726,False,True,small,GF6_WFV_E131.2_N35.8_20200910_L1A1120034678-2,WFV,2020-09-10
GF6_WFV_E131.2_N35.8_20200910_L1A1120034678-2_18432_1024.png,0,1,0,0.849609375,0.677734375,0.0546875,0.0390625,421.0,337.0,28.0,20.0,449.0,357.0,560.0,34.40930106817051,1.4,63.0,False,True,small,GF6_WFV_E131.2_N35.8_20200910_L1A1120034678-2,WFV,2020-09-10
GF6_WFV_E131.2_N35.8_20200910_L1A1120034678-2_18432_10752.png,0,1,0,0.5435153583617747,0.10310880829015545,0.029010238907849817,0.036269430051813475,270.85324232081905,43.50673575129534,14.853242320819106,18.5699481865285,285.70648464163816,62.07668393782384,275.8239402995631,23.779440344367334,1.250228588844865,43.50673575129534,False,True,small,GF6_WFV_E131.2_N35.8_20200910_L1A1120034678-2,WFV,2020-09-10
GF6_WFV_E131.2_N35.8_20200910_L1A1120034678-2_18432_11264.png,0,1,0,0.14206484641638226,0.6274611398963731,0.029863481228668942,0.042487046632124326,65.09215017064847,310.3834196891192,15.290102389078498,21.753367875647655,80.38225255972696,332.13678756476685,332.61122212594364,26.589400989901282,1.4227091043671345,65.09215017064847,False,True,small,GF6_WFV_E131.2_N35.8_20200910_L1A1120034678-2,WFV,2020-09-10
GF6_WFV_E131.2_N35.8_20200910_L1A1120034678-2_2048_1536.png,0,1,0,0.8225255972696246,0.07512953367875648,0.03412969283276446,0.030051813471502598,412.39590443686006,30.773056994818653,17.474402730375402,15.38652849740933,429.87030716723547,46.15958549222798,268.87039558612855,23.28304125291498,1.135694951159231,30.773056994818653,False,True,small,GF6_WFV_E131.2_N35.8_20200910_L1A1120034678-2,WFV,2020-09-10
GF6_WFV_E131.2_N35.8_20200910_L1A1120034678-2_2048_6144.png,0,1,0,0.8950511945392492,0.794818652849741,0.03583617747440282,0.04766839378238341,449.09215017064844,394.7440414507772,18.348122866894244,24.406217616580307,467.4402730375427,419.1502590673575,447.80827954517423,30.533867607732276,1.3301751788798386,44.55972696245732,False,True,small,GF6_WFV_E131.2_N35.8_20200910_L1A1120034678-2,WFV,2020-09-10
GF6_WFV_E131.2_N35.8_20200910_L1A1120034678-2_2048_6144.png,1,2,0,0.4837883959044369,0.644559585492228,0.03242320819112626,0.02901554404145079,239.39931740614338,322.58652849740935,16.600682593856646,14.855958549222805,256.0,337.44248704663215,246.61905250313887,22.277391386744572,1.1174427108727438,174.55751295336785,False,True,small,GF6_WFV_E131.2_N35.8_20200910_L1A1120034678-2,WFV,2020-09-10
GF6_WFV_E131.2_N35.8_20200910_L1A1120034678-2_2048_6656.png,0,1,0,0.970703125,0.154296875,0.05859375,0.04296875,482.0,68.0,30.0,22.0,512.0,90.0,660.0,37.20215047547655,1.3636363636363635,0.0,True,True,small,GF6_WFV_E131.2_N35.8_20200910_L1A1120034678-2,WFV,2020-09-10
GF6_WFV_E131.2_N35.8_20200910_L1A1120034678-2_2048_6656.png,1,2,0,0.8622013651877134,0.778238341968912,0.021331058020477855,0.033160621761658016,435.98634812286696,389.96891191709847,10.921501706484662,16.978238341968904,446.9078498293516,406.94715025906737,185.4278590249167,20.18761443859701,1.554569948186525,65.09215017064838,False,True,small,GF6_WFV_E131.2_N35.8_20200910_L1A1120034678-2,WFV,2020-09-10
GF6_WFV_E131.2_N35.8_20200910_L1A1120034678-2_2048_6656.png,2,3,0,0.8579351535836177,0.9357512953367876,0.023037542662115995,0.033160621761658016,433.36518771331055,470.6155440414508,11.79522184300339,16.978238341968904,445.16040955631394,487.5937823834197,200.26208774690926,20.673360528041087,1.4394166186912323,24.406217616580307,False,True,small,GF6_WFV_E131.2_N35.8_20200910_L1A1120034678-2,WFV,2020-09-10
GF6_WFV_E131.2_N35.8_20200910_L1A1120034678-2_2048_6656.png,3,4,0,0.238481228668942,0.8595854922279793,0.026450511945392524,0.02797927461139893,115.33105802047783,432.9450777202073,13.542662116040972,14.325388601036252,128.87372013651878,447.27046632124353,194.00389750481884,19.713458746753467,1.0577970917599842,64.72953367875647,False,True,small,GF6_WFV_E131.2_N35.8_20200910_L1A1120034678-2,WFV,2020-09-10
GF6_WFV_E131.2_N35.8_20200910_L1A1120034678-2_21904_4608.png,0,1,0,0.451171875,0.193359375,0.05078125,0.0390625,218.0,89.0,26.0,20.0,244.0,109.0,520.0,32.802438933713454,1.3,89.0,False,True,small,GF6_WFV_E131.2_N35.8_20200910_L1A1120034678-2,WFV,2020-09-10
GF6_WFV_E131.2_N35.8_20200910_L1A1120034678-2_21904_4608.png,1,2,0,0.9794921875,0.02734375,0.041015625,0.03515625,491.0,5.0,21.0,18.0,512.0,23.0,378.0,27.65863337187866,1.1666666666666667,0.0,True,True,small,GF6_WFV_E131.2_N35.8_20200910_L1A1120034678-2,WFV,2020-09-10
GF6_WFV_E131.2_N35.8_20200910_L1A1120034678-2_21904_5632.png,0,1,0,0.43359375,0.2470703125,0.05859375,0.037109375,207.0,117.0,30.0,19.0,237.0,136.0,570.0,35.510561809129406,1.5789473684210527,117.0,False,True,small,GF6_WFV_E131.2_N35.8_20200910_L1A1120034678-2,WFV,2020-09-10
GF6_WFV_E131.2_N35.8_20200910_L1A1120034678-2_21904_6656.png,0,1,0,0.015784982935153583,0.09274611398963731,0.017918088737201365,0.025906735751295346,3.494880546075085,40.85388601036269,9.174061433447099,13.264248704663217,12.668941979522184,54.11813471502591,121.68703248510145,16.12773067991344,1.4458425857389594,3.494880546075085,False,True,small,GF6_WFV_E131.2_N35.8_20200910_L1A1120034678-2,WFV,2020-09-10
GF6_WFV_E131.2_N35.8_20200910_L1A1120034678-2_21904_6656.png,1,2,0,0.2828498293515358,0.28186528497409324,0.036689419795221834,0.04145077720207252,135.42662116040952,133.7036269430052,18.78498293515358,21.22279792746113,154.2116040955631,154.92642487046632,398.6698969035701,28.34224295541656,1.1297746716471861,133.7036269430052,False,True,small,GF6_WFV_E131.2_N35.8_20200910_L1A1120034678-2,WFV,2020-09-10
GF6_WFV_E131.2_N35.8_20200910_L1A1120034678-2_21904_7168.png,0,1,0,0.4300341296928327,0.23471502590673576,0.03242320819112626,0.044559585492227965,211.87713310580205,108.76683937823836,16.600682593856646,22.81450777202072,228.4778156996587,131.5813471502591,378.7364020583915,28.214968145677016,1.374311426233979,108.76683937823836,False,True,small,GF6_WFV_E131.2_N35.8_20200910_L1A1120034678-2,WFV,2020-09-10
GF6_WFV_E131.2_N35.8_20200910_L1A1120034678-2_22016_5632.png,0,1,0,0.2158203125,0.2470703125,0.052734375,0.033203125,97.0,118.0,27.0,17.0,124.0,135.0,459.0,31.906112267087632,1.588235294117647,97.0,False,True,small,GF6_WFV_E131.2_N35.8_20200910_L1A1120034678-2,WFV,2020-09-10
GF6_WFV_E131.2_N35.8_20200910_L1A1120034678-2_22016_7168.png,0,1,0,0.20703125,0.2421875,0.0625,0.046875,90.0,112.0,32.0,24.0,122.0,136.0,768.0,40.0,1.3333333333333333,90.0,False,True,small,GF6_WFV_E131.2_N35.8_20200910_L1A1120034678-2,WFV,2020-09-10
GF6_WFV_E131.2_N35.8_20200910_L1A1120034678-2_22928_6656.png,0,1,0,0.901023890784983,0.06891191709844559,0.04095563139931746,0.038341968911917094,450.839590443686,25.467357512953363,20.96928327645054,19.631088082901552,471.80887372013655,45.09844559585491,411.649847035315,28.7243879037773,1.068167143252469,25.467357512953363,False,True,small,GF6_WFV_E131.2_N35.8_20200910_L1A1120034678-2,WFV,2020-09-10
GF6_WFV_E131.2_N35.8_20200910_L1A1120034678-2_22928_6656.png,1,2,0,0.8348976109215017,0.0772020725388601,0.04180887372013653,0.03626943005181347,416.76450511945393,30.242487046632128,21.406143344709903,18.569948186528496,438.17064846416383,48.81243523316063,397.5109727846647,28.338418243519186,1.1527303754266216,30.242487046632128,False,True,small,GF6_WFV_E131.2_N35.8_20200910_L1A1120034678-2,WFV,2020-09-10
GF6_WFV_E131.2_N35.8_20200910_L1A1120034678-2_23440_4608.png,0,1,0,0.4718430034129693,0.244559585492228,0.022184300341296925,0.03108808290155443,235.90443686006827,117.25595854922281,11.358361774744026,15.917098445595869,247.2627986348123,133.1730569948187,180.79216254929366,19.554191497803142,1.401355121562377,117.25595854922281,False,True,small,GF6_WFV_E131.2_N35.8_20200910_L1A1120034678-2,WFV,2020-09-10
GF6_WFV_E131.2_N35.8_20200910_L1A1120034678-2_23440_5632.png,0,1,0,0.33203125,0.6357421875,0.05859375,0.041015625,155.0,315.0,30.0,21.0,185.0,336.0,630.0,36.61966684720111,1.4285714285714286,155.0,False,True,small,GF6_WFV_E131.2_N35.8_20200910_L1A1120034678-2,WFV,2020-09-10
GF6_WFV_E131.2_N35.8_20200910_L1A1120034678-2_23440_6144.png,0,1,0,0.9825085324232081,0.7678756476683939,0.028156996587030636,0.031088082901554404,495.8361774744027,385.1937823834197,14.416382252559686,15.917098445595855,510.2525597269624,401.11088082901557,229.46697554333343,21.475243891018046,1.104097974564299,1.7474402730376255,False,True,small,GF6_WFV_E131.2_N35.8_20200910_L1A1120034678-2,WFV,2020-09-10
GF6_WFV_E131.2_N35.8_20200910_L1A1120034678-2_23440_7168.png,0,1,0,0.31058020477815695,0.09585492227979275,0.02559726962457337,0.034196891191709836,152.46416382252556,40.323316062176175,13.105802047781566,17.508808290155436,165.56996587030713,57.83212435233161,229.46697554333397,21.870537603292956,1.3359585492227979,40.323316062176175,False,True,small,GF6_WFV_E131.2_N35.8_20200910_L1A1120034678-2,WFV,2020-09-10
GF6_WFV_E131.2_N35.8_20200910_L1A1120034678-2_2560_6144.png,0,1,0,0.10580204778156996,0.7134715025906735,0.03583617747440272,0.040414507772020714,44.996587030716725,354.95129533678755,18.348122866894194,20.692227979274605,63.34470989761092,375.64352331606216,379.6635413535162,27.65541378256562,1.1277572168763879,44.996587030716725,False,True,small,GF6_WFV_E131.2_N35.8_20200910_L1A1120034678-2,WFV,2020-09-10
GF6_WFV_E131.2_N35.8_20200910_L1A1120034678-2_4096_2048.png,0,1,0,0.8779863481228669,0.5808290155440414,0.025597269624573427,0.030051813471502653,442.97610921501706,289.69119170984453,13.105802047781594,15.386528497409358,456.08191126279866,305.0777202072539,201.65279668959744,20.211563683130173,1.1740241796200348,55.918088737201344,False,True,small,GF6_WFV_E131.2_N35.8_20200910_L1A1120034678-2,WFV,2020-09-10
GF6_WFV_E131.2_N35.8_20200910_L1A1120034678-2_4096_512.png,0,1,0,0.09172354948805461,0.8642487046632124,0.034982935153583625,0.049740932642487024,38.00682593856655,429.761658031088,17.911262798634816,25.467357512953356,55.918088737201366,455.2290155440414,456.1525332012943,31.135183213437838,1.4218627574876777,38.00682593856655,False,True,small,GF6_WFV_E131.2_N35.8_20200910_L1A1120034678-2,WFV,2020-09-10
GF6_WFV_E131.2_N35.8_20200910_L1A1120034678-2_4608_1024.png,0,1,0,0.6804607508532423,0.8632124352331606,0.029863481228668887,0.03937823834196896,340.75085324232083,431.8839378238342,15.29010238907847,20.16165803108811,356.0409556313993,452.0455958549223,308.27381562892344,25.303748450200867,1.3186084381939345,59.95440414507772,False,True,small,GF6_WFV_E131.2_N35.8_20200910_L1A1120034678-2,WFV,2020-09-10
GF6_WFV_E131.2_N35.8_20200910_L1A1120034678-2_4608_1536.png,0,1,0,0.25938566552901027,0.050259067357512954,0.029010238907849845,0.046632124352331605,125.3788395904437,13.794818652849742,14.85324232081912,23.875647668393782,140.2320819112628,37.670466321243524,354.6307803851529,28.118772359871077,1.6074367570862533,13.794818652849742,False,True,small,GF6_WFV_E131.2_N35.8_20200910_L1A1120034678-2,WFV,2020-09-10
GF6_WFV_E131.2_N35.8_20200910_L1A1120034678-2_4608_2048.png,0,1,0,0.1435546875,0.9716796875,0.072265625,0.056640625,55.0,483.0,37.0,29.0,92.0,512.0,1073.0,47.01063709417264,1.2758620689655173,0.0,True,True,medium,GF6_WFV_E131.2_N35.8_20200910_L1A1120034678-2,WFV,2020-09-10
GF6_WFV_E131.2_N35.8_20200910_L1A1120034678-2_4608_2048.png,1,2,0,0.29394197952218426,0.9808290155440414,0.02303754266211605,0.032124352331606154,144.60068259385662,493.96062176165805,11.795221843003418,16.44766839378235,156.39590443686004,510.4082901554404,194.00389750481853,20.239887695278643,1.394434849357126,1.5917098445596025,False,True,small,GF6_WFV_E131.2_N35.8_20200910_L1A1120034678-2,WFV,2020-09-10
GF6_WFV_E131.2_N35.8_20200910_L1A1120034678-2_4608_512.png,0,1,0,0.9210750853242321,0.18756476683937823,0.03327645051194539,0.058031088082901555,463.0716723549488,81.17720207253885,17.03754266211604,29.711917098445596,480.10921501706486,110.88911917098444,506.21805513802184,34.25019529328742,1.7439085957220675,31.890784982935145,False,True,small,GF6_WFV_E131.2_N35.8_20200910_L1A1120034678-2,WFV,2020-09-10
GF6_WFV_E131.2_N35.8_20200910_L1A1120034678-2_4608_7168.png,0,1,0,0.962457337883959,0.877720207253886,0.04436860068259385,0.05388601036269436,481.419795221843,435.5979274611399,22.71672354948805,27.58963730569951,504.13651877133105,463.1875647668394,626.7461635042182,35.73846129149815,1.214507772020727,7.863481228668945,False,True,small,GF6_WFV_E131.2_N35.8_20200910_L1A1120034678-2,WFV,2020-09-10
GF6_WFV_E131.2_N35.8_20200910_L1A1120034678-2_5120_1536.png,0,1,0,0.041808873720136516,0.3378238341968912,0.027303754266211604,0.031088082901554404,14.416382252559725,165.00725388601037,13.979522184300341,15.917098445595855,28.395904436860064,180.92435233160623,222.51343082989973,21.184453342678808,1.13860103626943,14.416382252559725,False,True,small,GF6_WFV_E131.2_N35.8_20200910_L1A1120034678-2,WFV,2020-09-10
GF6_WFV_E131.2_N35.8_20200910_L1A1120034678-2_5120_2048.png,0,1,0,0.33447098976109213,0.8626943005181347,0.047781569965870296,0.034196891191709766,159.01706484641636,432.9450777202072,24.46416382252559,17.5088082901554,183.48122866894195,450.4538860103626,428.33835434755593,30.08411007952179,1.3972489399110588,61.54611398963738,False,True,small,GF6_WFV_E131.2_N35.8_20200910_L1A1120034678-2,WFV,2020-09-10
GF6_WFV_E131.2_N35.8_20200910_L1A1120034678-2_512_512.png,0,1,0,0.2704778156996587,0.516580310880829,0.02047781569965873,0.02590673575129543,133.2423208191126,257.8569948186528,10.48464163822527,13.26424870466326,143.72696245733786,271.1212435233161,139.07089426868802,16.907631530796028,1.2651122625215918,133.2423208191126,False,True,small,GF6_WFV_E131.2_N35.8_20200910_L1A1120034678-2,WFV,2020-09-10
GF6_WFV_E131.2_N35.8_20200910_L1A1120034678-2_5632_0.png,0,1,0,0.2888225255972696,0.450259067357513,0.04180887372013653,0.05492227979274611,137.1740614334471,216.47253886010364,21.406143344709903,28.120207253886008,158.580204778157,244.59274611398965,601.9451873596352,35.34075591856761,1.3136512636142534,137.1740614334471,False,True,small,GF6_WFV_E131.2_N35.8_20200910_L1A1120034678-2,WFV,2020-09-10
GF6_WFV_E131.2_N35.8_20200910_L1A1120034678-2_9216_8192.png,0,1,0,0.7158703071672354,0.6238341968911917,0.03412969283276446,0.03937823834196896,357.7883959044368,309.3222797927461,17.474402730375402,20.16165803108811,375.2627986348122,329.4839378238342,352.3129321473412,26.680464863751737,1.1537823834196923,136.7372013651878,False,True,small,GF6_WFV_E131.2_N35.8_20200910_L1A1120034678-2,WFV,2020-09-10
GF6_WFV_E131.2_N35.8_20200910_L1A1120034678-3_0_17285.png,0,1,0,0.1162109375,0.3203125,0.044921875,0.0390625,48.0,154.0,23.0,20.0,71.0,174.0,460.0,30.479501308256342,1.15,48.0,False,True,small,GF6_WFV_E131.2_N35.8_20200910_L1A1120034678-3,WFV,2020-09-10
GF6_WFV_E131.2_N35.8_20200910_L1A1120034678-3_0_17285.png,1,2,0,0.224609375,0.2744140625,0.0546875,0.029296875,101.0,133.0,28.0,15.0,129.0,148.0,420.0,31.76476034853718,1.8666666666666667,101.0,False,True,small,GF6_WFV_E131.2_N35.8_20200910_L1A1120034678-3,WFV,2020-09-10
GF6_WFV_E131.2_N35.8_20200910_L1A1120034678-3_0_17285.png,2,3,0,0.31640625,0.39453125,0.0390625,0.03125,152.0,194.0,20.0,16.0,172.0,210.0,320.0,25.612496949731394,1.25,152.0,False,True,small,GF6_WFV_E131.2_N35.8_20200910_L1A1120034678-3,WFV,2020-09-10
GF6_WFV_E131.2_N35.8_20200910_L1A1120034678-3_0_17285.png,3,4,0,0.273037542662116,0.5652849740932643,0.02730375426621162,0.02797927461139893,132.80546075085323,282.2632124352332,13.97952218430035,14.325388601036252,146.78498293515358,296.58860103626944,200.26208774690966,20.016088505800653,1.0247409326424852,132.80546075085323,False,True,small,GF6_WFV_E131.2_N35.8_20200910_L1A1120034678-3,WFV,2020-09-10
GF6_WFV_E131.2_N35.8_20200910_L1A1120034678-3_0_17285.png,4,5,0,0.032423208191126277,0.47927461139896377,0.0273037542662116,0.030051813471502598,9.610921501706484,237.69533678756477,13.97952218430034,15.38652849740933,23.59044368600682,253.0818652849741,215.0963164689031,20.78875416428158,1.1006476683937827,9.610921501706484,False,True,small,GF6_WFV_E131.2_N35.8_20200910_L1A1120034678-3,WFV,2020-09-10
GF6_WFV_E131.2_N35.8_20200910_L1A1120034678-3_1024_15360.png,0,1,0,0.13671875,0.63671875,0.05859375,0.03125,55.0,318.0,30.0,16.0,85.0,334.0,480.0,34.0,1.875,55.0,False,True,small,GF6_WFV_E131.2_N35.8_20200910_L1A1120034678-3,WFV,2020-09-10
GF6_WFV_E131.2_N35.8_20200910_L1A1120034678-3_1024_15360.png,1,2,0,0.77734375,0.6640625,0.0546875,0.0390625,384.0,330.0,28.0,20.0,412.0,350.0,560.0,34.40930106817051,1.4,100.0,False,True,small,GF6_WFV_E131.2_N35.8_20200910_L1A1120034678-3,WFV,2020-09-10
GF6_WFV_E131.2_N35.8_20200910_L1A1120034678-3_1024_15360.png,2,3,0,0.818359375,0.8271484375,0.0625,0.033203125,403.0,415.0,32.0,17.0,435.0,432.0,544.0,36.235341863986875,1.8823529411764706,77.0,False,True,small,GF6_WFV_E131.2_N35.8_20200910_L1A1120034678-3,WFV,2020-09-10
GF6_WFV_E131.2_N35.8_20200910_L1A1120034678-3_1024_16384.png,0,1,0,0.89453125,0.953125,0.05078125,0.0390625,445.0,478.0,26.0,20.0,471.0,498.0,520.0,32.802438933713454,1.3,14.0,False,True,small,GF6_WFV_E131.2_N35.8_20200910_L1A1120034678-3,WFV,2020-09-10
GF6_WFV_E131.2_N35.8_20200910_L1A1120034678-3_1024_16773.png,0,1,0,0.8984641638225256,0.2,0.027303754266211566,0.03316062176165804,453.02389078498294,93.91088082901555,13.979522184300322,16.97823834196892,467.00341296928326,110.88911917098447,237.3476595518928,21.99289925630653,1.2145077720207276,44.99658703071674,False,True,small,GF6_WFV_E131.2_N35.8_20200910_L1A1120034678-3,WFV,2020-09-10
GF6_WFV_E131.2_N35.8_20200910_L1A1120034678-3_1024_16773.png,1,2,0,0.7790102389078498,0.31865284974093266,0.03924914675767921,0.04455958549222799,388.80546075085323,151.74300518134714,20.095563139931755,22.814507772020733,408.901023890785,174.55751295336788,458.4703814391064,30.402852214727787,1.1353007434106777,103.09897610921502,False,True,small,GF6_WFV_E131.2_N35.8_20200910_L1A1120034678-3,WFV,2020-09-10
GF6_WFV_E131.2_N35.8_20200910_L1A1120034678-3_1024_16773.png,2,3,0,0.5255972696245734,0.7010362694300518,0.0392491467576791,0.050777202072538774,259.0580204778157,345.9316062176166,20.0955631399317,25.997927461139852,279.1535836177474,371.92953367875646,522.4429928027001,32.85915230473348,1.2937148006307733,140.07046632124354,False,True,small,GF6_WFV_E131.2_N35.8_20200910_L1A1120034678-3,WFV,2020-09-10
GF6_WFV_E131.2_N35.8_20200910_L1A1120034678-3_1024_16773.png,3,4,0,0.42235494880546076,0.8347150259067357,0.02559726962457337,0.032124352331606154,209.6928327645051,419.1502590673575,13.105802047781566,16.44766839378235,222.79863481228668,435.5979274611399,215.55988611646487,21.0306405729227,1.2549913644214141,76.40207253886012,False,True,small,GF6_WFV_E131.2_N35.8_20200910_L1A1120034678-3,WFV,2020-09-10
GF6_WFV_E131.2_N35.8_20200910_L1A1120034678-3_1024_16773.png,4,5,0,0.8622013651877133,0.854922279792746,0.024744027303754246,0.02694300518134718,435.1126279863481,430.8227979274611,12.668941979522174,13.794818652849756,447.7815699658703,444.6176165803109,174.7657571309838,18.729631938335327,1.0888690369841008,64.21843003412971,False,True,small,GF6_WFV_E131.2_N35.8_20200910_L1A1120034678-3,WFV,2020-09-10
GF6_WFV_E131.2_N35.8_20200910_L1A1120034678-3_1024_16896.png,0,1,0,0.5234641638225256,0.4559585492227979,0.03156996587030725,0.03937823834196891,259.93174061433444,223.36994818652846,16.16382252559731,20.16165803108808,276.09556313993176,243.53160621761654,325.8894622362915,25.84108382404936,1.2473323063996606,223.36994818652846,False,True,small,GF6_WFV_E131.2_N35.8_20200910_L1A1120034678-3,WFV,2020-09-10
GF6_WFV_E131.2_N35.8_20200910_L1A1120034678-3_1024_16896.png,1,2,0,0.4227815699658703,0.5958549222797928,0.03327645051194539,0.03937823834196896,207.94539249146757,294.99689119170984,17.03754266211604,20.16165803108811,224.9829351535836,315.15854922279794,343.5051088436581,26.396407227612695,1.1833665470971186,196.84145077720206,False,True,small,GF6_WFV_E131.2_N35.8_20200910_L1A1120034678-3,WFV,2020-09-10
GF6_WFV_E131.2_N35.8_20200910_L1A1120034678-3_1024_16896.png,2,3,0,0.8609215017064846,0.6134715025906736,0.03583617747440271,0.03523316062176163,431.61774744027304,305.07772020725395,18.348122866894187,18.039378238341953,449.9658703071672,323.1170984455959,330.9887283594754,25.730774958493004,1.0171150371411366,62.03412969283278,False,True,small,GF6_WFV_E131.2_N35.8_20200910_L1A1120034678-3,WFV,2020-09-10
GF6_WFV_E131.2_N35.8_20200910_L1A1120034678-3_1024_16896.png,3,4,0,0.7790102389078498,0.07875647668393783,0.03412969283276457,0.039378238341968914,390.1160409556314,30.242487046632128,17.47440273037546,20.161658031088084,407.59044368600684,50.404145077720216,352.31293214734194,26.680464863751755,1.153782383419687,30.242487046632128,False,True,small,GF6_WFV_E131.2_N35.8_20200910_L1A1120034678-3,WFV,2020-09-10
GF6_WFV_E131.2_N35.8_20200910_L1A1120034678-3_1024_17285.png,0,1,0,0.8869453924914675,0.5958549222797928,0.024744027303754246,0.02694300518134707,447.7815699658703,298.18031088082904,12.668941979522174,13.794818652849699,460.45051194539246,311.97512953367874,174.76575713098308,18.729631938335285,1.0888690369840963,51.54948805460754,False,True,small,GF6_WFV_E131.2_N35.8_20200910_L1A1120034678-3,WFV,2020-09-10
GF6_WFV_E131.2_N35.8_20200910_L1A1120034678-3_1024_17285.png,1,2,0,0.8882252559726962,0.844041450777202,0.03242320819112632,0.030051813471502653,446.47098976109214,424.45595854922277,16.600682593856675,15.386528497409358,463.0716723549488,439.84248704663213,255.42687580682323,22.6346619542587,1.07891020360127,48.92832764505118,False,True,small,GF6_WFV_E131.2_N35.8_20200910_L1A1120034678-3,WFV,2020-09-10
GF6_WFV_E131.2_N35.8_20200910_L1A1120034678-3_1024_17285.png,2,3,0,0.8097269624573379,0.9823834196891191,0.023890784982935065,0.033160621761658016,408.4641638225256,494.49119170984454,12.232081911262753,16.978238341968904,420.6962457337884,511.46943005181345,207.67920210790555,20.925687684770228,1.388008882309405,0.5305699481865531,False,True,small,GF6_WFV_E131.2_N35.8_20200910_L1A1120034678-3,WFV,2020-09-10
GF6_WFV_E131.2_N35.8_20200910_L1A1120034678-3_1024_2048.png,0,1,0,0.7248293515358362,0.7715025906735751,0.029863481228668887,0.034196891191709766,363.4675767918089,386.2549222797927,15.29010238907847,17.5088082901554,378.75767918088735,403.7637305699481,267.711471467222,23.245334990271008,1.1451073279052548,108.23626943005189,False,True,small,GF6_WFV_E131.2_N35.8_20200910_L1A1120034678-3,WFV,2020-09-10
GF6_WFV_E131.2_N35.8_20200910_L1A1120034678-3_1024_4608.png,0,1,0,0.9338737201365188,0.8186528497409327,0.03498293515358364,0.031088082901554404,469.1877133105802,411.19170984455957,17.911262798634823,15.917098445595855,487.098976109215,427.1088082901554,285.0953332508092,23.961789540193983,1.1252844141069405,24.901023890784984,False,True,small,GF6_WFV_E131.2_N35.8_20200910_L1A1120034678-3,WFV,2020-09-10
GF6_WFV_E131.2_N35.8_20200910_L1A1120034678-3_1024_5632.png,0,1,0,0.41015625,0.1689453125,0.05078125,0.029296875,197.0,79.0,26.0,15.0,223.0,94.0,390.0,30.01666203960727,1.7333333333333334,79.0,False,True,small,GF6_WFV_E131.2_N35.8_20200910_L1A1120034678-3,WFV,2020-09-10
GF6_WFV_E131.2_N35.8_20200910_L1A1120034678-3_1536_15360.png,0,1,0,0.7392578125,0.1484375,0.048828125,0.03515625,366.0,67.0,25.0,18.0,391.0,85.0,450.0,30.805843601498726,1.3888888888888888,67.0,False,True,small,GF6_WFV_E131.2_N35.8_20200910_L1A1120034678-3,WFV,2020-09-10
GF6_WFV_E131.2_N35.8_20200910_L1A1120034678-3_1536_15360.png,1,2,0,0.654296875,0.244140625,0.0390625,0.03125,325.0,117.0,20.0,16.0,345.0,133.0,320.0,25.612496949731394,1.25,117.0,False,True,small,GF6_WFV_E131.2_N35.8_20200910_L1A1120034678-3,WFV,2020-09-10
GF6_WFV_E131.2_N35.8_20200910_L1A1120034678-3_1536_15360.png,2,3,0,0.43856655290102387,0.5031088082901554,0.02730375426621162,0.030051813471502542,217.55631399317406,249.8984455958549,13.97952218430035,15.386528497409302,231.5358361774744,265.28497409326417,215.09631646890287,20.788754164281567,1.1006476683937798,217.55631399317406,False,True,small,GF6_WFV_E131.2_N35.8_20200910_L1A1120034678-3,WFV,2020-09-10
GF6_WFV_E131.2_N35.8_20200910_L1A1120034678-3_1536_15360.png,3,4,0,0.015784982935153583,0.8284974093264249,0.026450511945392493,0.02797927461139893,1.310580204778156,417.0279792746114,13.542662116040956,14.325388601036252,14.853242320819113,431.3533678756477,194.0038975048186,19.713458746753457,1.0577970917599853,1.310580204778156,False,True,small,GF6_WFV_E131.2_N35.8_20200910_L1A1120034678-3,WFV,2020-09-10
GF6_WFV_E131.2_N35.8_20200910_L1A1120034678-3_1536_16384.png,0,1,0,0.4814453125,0.080078125,0.044921875,0.05078125,235.0,28.0,23.0,26.0,258.0,54.0,598.0,34.713109915419565,1.1304347826086956,28.0,False,True,small,GF6_WFV_E131.2_N35.8_20200910_L1A1120034678-3,WFV,2020-09-10
GF6_WFV_E131.2_N35.8_20200910_L1A1120034678-3_1536_16384.png,1,2,0,0.021484375,0.654296875,0.04296875,0.03515625,0.0,326.0,22.0,18.0,22.0,344.0,396.0,28.42534080710379,1.2222222222222223,0.0,True,True,small,GF6_WFV_E131.2_N35.8_20200910_L1A1120034678-3,WFV,2020-09-10
GF6_WFV_E131.2_N35.8_20200910_L1A1120034678-3_1536_16384.png,2,3,0,0.1796875,0.6025390625,0.046875,0.033203125,80.0,300.0,24.0,17.0,104.0,317.0,408.0,29.410882339705484,1.411764705882353,80.0,False,True,small,GF6_WFV_E131.2_N35.8_20200910_L1A1120034678-3,WFV,2020-09-10
GF6_WFV_E131.2_N35.8_20200910_L1A1120034678-3_1536_16384.png,3,4,0,0.705078125,0.123046875,0.046875,0.03125,349.0,55.0,24.0,16.0,373.0,71.0,384.0,28.844410203711913,1.5,55.0,False,True,small,GF6_WFV_E131.2_N35.8_20200910_L1A1120034678-3,WFV,2020-09-10
GF6_WFV_E131.2_N35.8_20200910_L1A1120034678-3_1536_17285.png,0,1,0,0.12244027303754267,0.42590673575129534,0.02815699658703072,0.031088082901554404,55.48122866894198,210.1056994818653,14.416382252559728,15.917098445595855,69.89761092150171,226.02279792746114,229.46697554333412,21.475243891018074,1.1040979745642956,55.48122866894198,False,True,small,GF6_WFV_E131.2_N35.8_20200910_L1A1120034678-3,WFV,2020-09-10
GF6_WFV_E131.2_N35.8_20200910_L1A1120034678-3_1536_17285.png,1,2,0,0.6420648464163823,0.24715025906735752,0.023037542662115995,0.027979274611398985,322.839590443686,119.37823834196891,11.79522184300339,14.32538860103628,334.6348122866894,133.7036269430052,168.9711365364549,18.556508747508634,1.2145077720207287,119.37823834196891,False,True,small,GF6_WFV_E131.2_N35.8_20200910_L1A1120034678-3,WFV,2020-09-10
GF6_WFV_E131.2_N35.8_20200910_L1A1120034678-3_1536_2048.png,0,1,0,0.7158703071672355,0.9761658031088083,0.030716723549488067,0.031088082901554404,358.66211604095565,491.8383419689119,15.72696245733789,15.917098445595855,374.38907849829354,507.75544041450775,250.3276096836373,22.376133961462276,1.0120898100172706,4.244559585492254,False,True,small,GF6_WFV_E131.2_N35.8_20200910_L1A1120034678-3,WFV,2020-09-10
GF6_WFV_E131.2_N35.8_20200910_L1A1120034678-3_1536_5120.png,0,1,0,0.6109215017064846,0.3373056994818653,0.0460750853242321,0.040414507772020714,300.9965870307167,162.35440414507772,23.590443686006836,20.692227979274605,324.5870307167235,183.04663212435233,488.1388388830926,31.37956870399806,1.140063008663692,162.35440414507772,False,True,small,GF6_WFV_E131.2_N35.8_20200910_L1A1120034678-3,WFV,2020-09-10
GF6_WFV_E131.2_N35.8_20200910_L1A1120034678-3_2048_15360.png,0,1,0,0.7226962457337884,0.17098445595854922,0.04095563139931746,0.035233160621761656,359.5358361774744,78.52435233160622,20.96928327645054,18.039378238341968,380.5051194539249,96.56373056994819,378.27283241083,27.660983503013664,1.1624171853041574,78.52435233160622,False,True,small,GF6_WFV_E131.2_N35.8_20200910_L1A1120034678-3,WFV,2020-09-10
GF6_WFV_E131.2_N35.8_20200910_L1A1120034678-3_2048_15360.png,1,2,0,0.954778156996587,0.19948186528497408,0.03412969283276446,0.03005181347150257,480.1092150170648,94.44145077720208,17.474402730375402,15.386528497409316,497.5836177474402,109.8279792746114,268.87039558612827,23.28304125291497,1.1356949511592318,14.4163822525598,False,True,small,GF6_WFV_E131.2_N35.8_20200910_L1A1120034678-3,WFV,2020-09-10
GF6_WFV_E131.2_N35.8_20200910_L1A1120034678-3_2048_15360.png,2,3,0,0.7982081911262798,0.34922279792746114,0.05034129692832767,0.05595854922279797,395.7952218430034,164.47668393782382,25.77474402730377,28.65077720207256,421.56996587030716,193.12746113989638,738.4664485667307,38.538350560913116,1.111583384561342,90.43003412969284,False,True,small,GF6_WFV_E131.2_N35.8_20200910_L1A1120034678-3,WFV,2020-09-10
GF6_WFV_E131.2_N35.8_20200910_L1A1120034678-3_2048_15360.png,3,4,0,0.7098976109215017,0.2533678756476684,0.020477815699658786,0.02797927461139893,358.22525597269623,122.56165803108809,10.484641638225298,14.325388601036252,368.70989761092153,136.88704663212434,150.19656581018273,17.75230883160574,1.366321243523309,122.56165803108809,False,True,small,GF6_WFV_E131.2_N35.8_20200910_L1A1120034678-3,WFV,2020-09-10
GF6_WFV_E131.2_N35.8_20200910_L1A1120034678-3_2048_15360.png,4,5,0,0.28114334470989766,0.03316062176165803,0.029863481228668942,0.022797927461139896,136.30034129692837,11.141968911917097,15.290102389078498,11.672538860103627,151.59044368600686,22.814507772020725,178.4743143114821,19.23630407612474,1.309920881166615,11.141968911917097,False,True,small,GF6_WFV_E131.2_N35.8_20200910_L1A1120034678-3,WFV,2020-09-10
GF6_WFV_E131.2_N35.8_20200910_L1A1120034678-3_2048_15360.png,5,6,0,0.24701365187713312,0.04196891191709845,0.029863481228668942,0.023834196891191713,118.8259385665529,15.386528497409328,15.290102389078498,12.203108808290157,134.1160409556314,27.589637305699483,186.5867831438222,19.562798768465438,1.252967799376762,15.386528497409328,False,True,small,GF6_WFV_E131.2_N35.8_20200910_L1A1120034678-3,WFV,2020-09-10
GF6_WFV_E131.2_N35.8_20200910_L1A1120034678-3_2048_15872.png,0,1,0,0.48046875,0.6201171875,0.0546875,0.033203125,232.0,309.0,28.0,17.0,260.0,326.0,476.0,32.7566787083184,1.6470588235294117,186.0,False,True,small,GF6_WFV_E131.2_N35.8_20200910_L1A1120034678-3,WFV,2020-09-10
GF6_WFV_E131.2_N35.8_20200910_L1A1120034678-3_2048_15872.png,1,2,0,0.5537542662116042,0.43626943005181346,0.03412969283276446,0.02901554404145079,274.7849829351536,215.9419689119171,17.474402730375402,14.855958549222805,292.259385665529,230.7979274611399,259.59900263488277,22.93587267141971,1.176255485129203,215.9419689119171,False,True,small,GF6_WFV_E131.2_N35.8_20200910_L1A1120034678-3,WFV,2020-09-10
GF6_WFV_E131.2_N35.8_20200910_L1A1120034678-3_2560_15360.png,0,1,0,0.8505859375,0.4111328125,0.064453125,0.044921875,419.0,199.0,33.0,23.0,452.0,222.0,759.0,40.22437072223753,1.434782608695652,60.0,False,True,small,GF6_WFV_E131.2_N35.8_20200910_L1A1120034678-3,WFV,2020-09-10
GF6_WFV_E131.2_N35.8_20200910_L1A1120034678-3_2560_15360.png,1,2,0,0.390625,0.96484375,0.0546875,0.02734375,186.0,487.0,28.0,14.0,214.0,501.0,392.0,31.304951684997057,2.0,11.0,False,True,small,GF6_WFV_E131.2_N35.8_20200910_L1A1120034678-3,WFV,2020-09-10
GF6_WFV_E131.2_N35.8_20200910_L1A1120034678-3_2560_4608.png,0,1,0,0.5814846416382253,0.8844559585492228,0.029863481228668998,0.02797927461139893,290.0750853242321,445.67875647668393,15.290102389078527,14.325388601036252,305.3651877133106,460.0041450777202,219.03665847318268,20.952422047085733,1.0673429402098378,51.99585492227982,False,True,small,GF6_WFV_E131.2_N35.8_20200910_L1A1120034678-3,WFV,2020-09-10
GF6_WFV_E131.2_N35.8_20200910_L1A1120034678-3_3072_15360.png,0,1,0,0.05546075085324232,0.883419689119171,0.02901023890784983,0.030051813471502542,20.96928327645051,444.61761658031094,14.853242320819113,15.386528497409302,35.822525597269625,460.00414507772024,228.53983624820916,21.386071790830602,1.0359036879000287,20.96928327645051,False,True,small,GF6_WFV_E131.2_N35.8_20200910_L1A1120034678-3,WFV,2020-09-10
GF6_WFV_E131.2_N35.8_20200910_L1A1120034678-3_3072_15360.png,1,2,0,0.06484641638225255,0.4751295336787565,0.030716723549488054,0.0383419689119171,25.337883959044365,233.45077720207254,15.726962457337883,19.631088082901556,41.06484641638225,253.0818652849741,308.7373852764859,25.153865855036173,1.2482440990213013,25.337883959044365,False,True,small,GF6_WFV_E131.2_N35.8_20200910_L1A1120034678-3,WFV,2020-09-10
GF6_WFV_E131.2_N35.8_20200910_L1A1120034678-3_3072_4608.png,0,1,0,0.0234375,0.2216796875,0.046875,0.029296875,0.0,106.0,24.0,15.0,24.0,121.0,360.0,28.30194339616981,1.6,0.0,True,True,small,GF6_WFV_E131.2_N35.8_20200910_L1A1120034678-3,WFV,2020-09-10
GF6_WFV_E131.2_N35.8_20200910_L1A1120034678-3_3584_15872.png,0,1,0,0.35580204778157,0.9564766839378238,0.02389078498293512,0.03730569948186524,176.05460750853246,480.1658031088083,12.232081911262782,19.100518134715003,188.28668941979524,499.2663212435233,233.6391023713941,22.681570071280753,1.5615099925980758,12.733678756476706,False,True,small,GF6_WFV_E131.2_N35.8_20200910_L1A1120034678-3,WFV,2020-09-10
GF6_WFV_E131.2_N35.8_20200910_L1A1120034678-3_3584_4096.png,0,1,0,0.8289249146757679,0.4233160621761658,0.028156996587030747,0.02797927461139893,417.2013651877133,209.57512953367876,14.416382252559742,14.325388601036252,431.61774744027304,223.900518134715,206.52027798900068,20.32360292425088,1.006351915054989,80.38225255972696,False,True,small,GF6_WFV_E131.2_N35.8_20200910_L1A1120034678-3,WFV,2020-09-10
GF6_WFV_E131.2_N35.8_20200910_L1A1120034678-3_3584_4608.png,0,1,0,0.3920648464163823,0.33367875647668394,0.03156996587030719,0.031088082901554404,192.65529010238907,162.88497409326425,16.163822525597283,15.917098445595855,208.81911262798636,178.8020725388601,257.28115439707176,22.68530761452875,1.0155005688282148,162.88497409326425,False,True,small,GF6_WFV_E131.2_N35.8_20200910_L1A1120034678-3,WFV,2020-09-10
GF6_WFV_E131.2_N35.8_20200910_L1A1120034678-3_4096_3584.png,0,1,0,0.43686006825938567,0.7310880829015545,0.029010238907849817,0.02797927461139904,216.2457337883959,367.1544041450777,14.853242320819106,14.325388601036309,231.09897610921502,381.479792746114,212.77846823109212,20.635783629697052,1.0368474276324073,130.52020725388599,False,True,small,GF6_WFV_E131.2_N35.8_20200910_L1A1120034678-3,WFV,2020-09-10
GF6_WFV_E131.2_N35.8_20200910_L1A1120034678-3_4096_3584.png,1,2,0,0.3165529010238908,0.9590673575129534,0.03412969283276451,0.032124352331606154,153.33788395904435,482.81865284974094,17.47440273037543,16.44766839378235,170.81228668941978,499.2663212435233,287.41318148862,23.99751125377753,1.062424309148962,12.733678756476706,False,True,small,GF6_WFV_E131.2_N35.8_20200910_L1A1120034678-3,WFV,2020-09-10
GF6_WFV_E131.2_N35.8_20200910_L1A1120034678-3_4608_3072.png,0,1,0,0.6036689419795223,0.4430051813471503,0.03498293515358364,0.03419689119170982,300.12286689419795,218.0642487046632,17.911262798634823,17.50880829015543,318.0341296928328,235.57305699481864,313.6048665758899,25.047389141049717,1.02298583100631,193.96587030716722,False,True,small,GF6_WFV_E131.2_N35.8_20200910_L1A1120034678-3,WFV,2020-09-10
GF6_WFV_E131.2_N35.8_20200910_L1A1120034678-3_5120_3584.png,0,1,0,0.22610921501706482,0.605699481865285,0.027303754266211594,0.032124352331606154,108.77815699658703,301.89430051813474,13.979522184300336,16.44766839378235,122.75767918088737,318.3419689119171,229.93054519089586,21.58594070438377,1.1765544041450757,108.77815699658703,False,True,small,GF6_WFV_E131.2_N35.8_20200910_L1A1120034678-3,WFV,2020-09-10
GF6_WFV_E131.2_N35.8_20200910_L1A1120034678-3_5120_3584.png,1,2,0,0.4513651877133106,0.655958549222798,0.05119453924914674,0.041450777202072575,217.99317406143345,325.23937823834194,26.211604095563132,21.22279792746116,244.20477815699658,346.4621761658031,556.2835770747497,33.726181834479746,1.2350682593856641,165.5378238341969,False,True,small,GF6_WFV_E131.2_N35.8_20200910_L1A1120034678-3,WFV,2020-09-10
GF6_WFV_E131.2_N35.8_20200910_L1A1120034678-3_512_15360.png,0,1,0,0.9726962457337884,0.550259067357513,0.03242320819112632,0.02901554404145079,489.72013651877137,274.30466321243523,16.600682593856675,14.855958549222805,506.32081911262804,289.16062176165804,246.61905250313927,22.277391386744593,1.1174427108727458,5.679180887371956,False,True,small,GF6_WFV_E131.2_N35.8_20200910_L1A1120034678-3,WFV,2020-09-10
GF6_WFV_E131.2_N35.8_20200910_L1A1120034678-3_512_15872.png,0,1,0,0.30716723549488056,0.36528497409326427,0.02559726962457337,0.023834196891191706,150.71672354948805,180.92435233160623,13.105802047781566,12.203108808290153,163.82252559726962,193.12746113989638,159.93152840899035,17.90748200899848,1.073972399465796,150.71672354948805,False,True,small,GF6_WFV_E131.2_N35.8_20200910_L1A1120034678-3,WFV,2020-09-10
GF6_WFV_E131.2_N35.8_20200910_L1A1120034678-3_512_16384.png,0,1,0,0.15401023890784982,0.6124352331606218,0.031569965870307165,0.03937823834196896,70.77133105802048,303.4860103626943,16.16382252559727,20.16165803108811,86.93515358361775,323.6476683937824,325.889462236291,25.841083824049356,1.2473323063996655,70.77133105802048,False,True,small,GF6_WFV_E131.2_N35.8_20200910_L1A1120034678-3,WFV,2020-09-10
GF6_WFV_E131.2_N35.8_20200910_L1A1120034678-3_512_16384.png,1,2,0,0.526877133105802,0.3901554404145078,0.029863481228668998,0.03212435233160621,262.1160409556313,191.5357512953368,15.290102389078527,16.44766839378238,277.40614334470985,207.9834196891192,251.48653380254333,22.45691489631496,1.075706883789783,191.5357512953368,False,True,small,GF6_WFV_E131.2_N35.8_20200910_L1A1120034678-3,WFV,2020-09-10
GF6_WFV_E131.2_N35.8_20200910_L1A1120034678-3_512_17285.png,0,1,0,0.654296875,0.5498046875,0.08203125,0.044921875,314.0,270.0,42.0,23.0,356.0,293.0,966.0,47.885279575251516,1.826086956521739,156.0,False,True,small,GF6_WFV_E131.2_N35.8_20200910_L1A1120034678-3,WFV,2020-09-10
GF6_WFV_E131.2_N35.8_20200910_L1A1120034678-3_512_17285.png,1,2,0,0.6911262798634812,0.6471502590673575,0.027303754266211677,0.032124352331606265,346.8668941979522,323.11709844559584,13.979522184300379,16.447668393782408,360.8464163822526,339.56476683937825,229.93054519089733,21.58594070438384,1.1765544041450764,151.15358361774742,False,True,small,GF6_WFV_E131.2_N35.8_20200910_L1A1120034678-3,WFV,2020-09-10
GF6_WFV_E131.2_N35.8_20200910_L1A1120034678-3_512_17285.png,2,3,0,0.34343003412969286,0.9901554404145078,0.03327645051194544,0.01761658031088076,167.31740614334473,502.4497409326425,17.037542662116067,9.019689119170948,184.3549488054608,511.46943005181345,153.67333816689913,19.277776110586924,1.8889279261192635,0.5305699481865531,False,True,small,GF6_WFV_E131.2_N35.8_20200910_L1A1120034678-3,WFV,2020-09-10
GF6_WFV_E131.4_N22.4_20200419_L1A1119988588-1_5120_2048.png,0,1,0,0.1796875,0.962890625,0.07421875,0.0625,73.0,477.0,38.0,32.0,111.0,509.0,1216.0,49.678969393496885,1.1875,3.0,False,True,medium,GF6_WFV_E131.4_N22.4_20200419_L1A1119988588-1,WFV,2020-04-19
GF6_WFV_E131.4_N22.4_20200419_L1A1119988588-2_17408_15360.png,0,1,0,0.044921875,0.5869140625,0.06640625,0.041015625,6.0,290.0,34.0,21.0,40.0,311.0,714.0,39.96248240537617,1.619047619047619,6.0,False,True,small,GF6_WFV_E131.4_N22.4_20200419_L1A1119988588-2,WFV,2020-04-19
GF6_WFV_E131.4_N22.4_20200419_L1A1119988588-3_7680_16896.png,0,1,0,0.80078125,0.046875,0.0625,0.046875,394.0,12.0,32.0,24.0,426.0,36.0,768.0,40.0,1.3333333333333333,12.0,False,True,small,GF6_WFV_E131.4_N22.4_20200419_L1A1119988588-3,WFV,2020-04-19
GF6_WFV_E131.4_N22.4_20200530_L1A1120002374-1_6144_5632.png,0,1,0,0.0927734375,0.2138671875,0.064453125,0.041015625,31.0,99.0,33.0,21.0,64.0,120.0,693.0,39.11521443121589,1.5714285714285714,31.0,False,True,small,GF6_WFV_E131.4_N22.4_20200530_L1A1120002374-1,WFV,2020-05-30
GF6_WFV_E131.4_N22.4_20200530_L1A1120002374-1_9216_16384.png,0,1,0,0.7783203125,0.287109375,0.064453125,0.05859375,382.0,132.0,33.0,30.0,415.0,162.0,990.0,44.598206241955516,1.1,97.0,False,True,small,GF6_WFV_E131.4_N22.4_20200530_L1A1120002374-1,WFV,2020-05-30
GF6_WFV_E131.4_N22.4_20200530_L1A1120002374-2_20992_16896.png,0,1,0,0.9228515625,0.830078125,0.064453125,0.046875,456.0,413.0,33.0,24.0,489.0,437.0,792.0,40.80441152620633,1.375,23.0,False,True,small,GF6_WFV_E131.4_N22.4_20200530_L1A1120002374-2,WFV,2020-05-30
GF6_WFV_E131.4_N22.4_20200530_L1A1120002374-2_9216_512.png,0,1,0,0.232421875,0.611328125,0.078125,0.05859375,99.0,298.0,40.0,30.0,139.0,328.0,1200.0,50.0,1.3333333333333333,99.0,False,True,medium,GF6_WFV_E131.4_N22.4_20200530_L1A1120002374-2,WFV,2020-05-30
GF6_WFV_E131.4_N22.4_20200530_L1A1120002374-3_9216_15360.png,0,1,0,0.970703125,0.66015625,0.05859375,0.05859375,482.0,323.0,30.0,30.0,512.0,353.0,900.0,42.42640687119285,1.0,0.0,True,True,small,GF6_WFV_E131.4_N22.4_20200530_L1A1120002374-3,WFV,2020-05-30
GF6_WFV_E131.4_N24.7_20190412_L1A1119866992-3_10752_15360.png,0,1,0,0.96484375,0.931640625,0.0546875,0.04296875,480.0,466.0,28.0,22.0,508.0,488.0,616.0,35.608987629529715,1.2727272727272727,4.0,False,True,small,GF6_WFV_E131.4_N24.7_20190412_L1A1119866992-3,WFV,2019-04-12
GF6_WFV_E131.4_N24.7_20190523_L1A1119882277-1_0_512.png,0,1,0,0.2490234375,0.6640625,0.041015625,0.03515625,117.0,331.0,21.0,18.0,138.0,349.0,378.0,27.65863337187866,1.1666666666666667,117.0,False,True,small,GF6_WFV_E131.4_N24.7_20190523_L1A1119882277-1,WFV,2019-05-23
GF6_WFV_E131.4_N24.7_20190523_L1A1119882277-1_0_512.png,1,2,0,0.9833984375,0.75,0.033203125,0.02734375,495.0,377.0,17.0,14.0,512.0,391.0,238.0,22.02271554554524,1.2142857142857142,0.0,True,True,small,GF6_WFV_E131.4_N24.7_20190523_L1A1119882277-1,WFV,2019-05-23
GF6_WFV_E131.4_N24.7_20190523_L1A1119882277-1_1024_1536.png,0,1,0,0.041015625,0.626953125,0.03515625,0.03515625,12.0,312.0,18.0,18.0,30.0,330.0,324.0,25.45584412271571,1.0,12.0,False,True,small,GF6_WFV_E131.4_N24.7_20190523_L1A1119882277-1,WFV,2019-05-23
GF6_WFV_E131.4_N24.7_20190523_L1A1119882277-1_1024_1536.png,1,2,0,0.1787109375,0.544921875,0.037109375,0.02734375,82.0,272.0,19.0,14.0,101.0,286.0,266.0,23.600847442411894,1.3571428571428572,82.0,False,True,small,GF6_WFV_E131.4_N24.7_20190523_L1A1119882277-1,WFV,2019-05-23
GF6_WFV_E131.4_N24.7_20190523_L1A1119882277-1_2048_0.png,0,1,0,0.86328125,0.9189453125,0.02734375,0.029296875,435.0,463.0,14.0,15.0,449.0,478.0,210.0,20.518284528683193,1.0714285714285714,34.0,False,True,small,GF6_WFV_E131.4_N24.7_20190523_L1A1119882277-1,WFV,2019-05-23
GF6_WFV_E131.4_N24.7_20190523_L1A1119882277-1_2048_1024.png,0,1,0,0.4248046875,0.5009765625,0.033203125,0.037109375,209.0,247.0,17.0,19.0,226.0,266.0,323.0,25.495097567963924,1.1176470588235294,209.0,False,True,small,GF6_WFV_E131.4_N24.7_20190523_L1A1119882277-1,WFV,2019-05-23
GF6_WFV_E131.4_N24.7_20190523_L1A1119882277-1_2048_1024.png,1,2,0,0.9765358361774744,0.4440414507772021,0.023037542662116106,0.021761658031088094,494.0887372013652,221.77823834196892,11.795221843003446,11.141968911917104,505.8839590443686,232.92020725388602,131.42199508390996,16.225619543172854,1.0586299366162872,6.116040955631377,False,True,small,GF6_WFV_E131.4_N24.7_20190523_L1A1119882277-1,WFV,2019-05-23
GF6_WFV_E131.4_N24.7_20190523_L1A1119882277-1_2048_512.png,0,1,0,0.4619140625,0.099609375,0.029296875,0.02734375,229.0,44.0,15.0,14.0,244.0,58.0,210.0,20.518284528683193,1.0714285714285714,44.0,False,True,small,GF6_WFV_E131.4_N24.7_20190523_L1A1119882277-1,WFV,2019-05-23
GF6_WFV_E131.4_N24.7_20190523_L1A1119882277-1_2048_512.png,1,2,0,0.9897610921501707,0.44663212435233157,0.018771331058020535,0.029015544041450736,501.9522184300341,221.24766839378236,9.610921501706514,14.855958549222777,511.56313993174064,236.10362694300514,142.7794514491859,17.69376490541767,1.5457371643900073,0.43686006825936374,True,True,small,GF6_WFV_E131.4_N24.7_20190523_L1A1119882277-1,WFV,2019-05-23
GF6_WFV_E131.4_N24.7_20190523_L1A1119882277-1_2560_0.png,0,1,0,0.94921875,0.828125,0.02734375,0.03515625,479.0,415.0,14.0,18.0,493.0,433.0,252.0,22.80350850198276,1.2857142857142858,19.0,False,True,small,GF6_WFV_E131.4_N24.7_20190523_L1A1119882277-1,WFV,2019-05-23
GF6_WFV_E131.4_N24.7_20190523_L1A1119882277-1_2560_512.png,0,1,0,0.373046875,0.5986328125,0.04296875,0.044921875,180.0,295.0,22.0,23.0,202.0,318.0,506.0,31.827660925679098,1.0454545454545454,180.0,False,True,small,GF6_WFV_E131.4_N24.7_20190523_L1A1119882277-1,WFV,2019-05-23
GF6_WFV_E131.4_N24.7_20190523_L1A1119882277-1_3584_1024.png,0,1,0,0.478515625,0.0439453125,0.0390625,0.025390625,235.0,16.0,20.0,13.0,255.0,29.0,260.0,23.853720883753127,1.5384615384615385,16.0,False,True,small,GF6_WFV_E131.4_N24.7_20190523_L1A1119882277-1,WFV,2019-05-23
GF6_WFV_E131.4_N24.7_20190523_L1A1119882277-1_512_1024.png,0,1,0,0.4814453125,0.4658203125,0.029296875,0.029296875,239.0,231.0,15.0,15.0,254.0,246.0,225.0,21.213203435596427,1.0,231.0,False,True,small,GF6_WFV_E131.4_N24.7_20190523_L1A1119882277-1,WFV,2019-05-23
GF6_WFV_E131.4_N24.7_20190523_L1A1119882277-1_8192_14336.png,0,1,0,0.361328125,0.9833984375,0.046875,0.033203125,173.0,495.0,24.0,17.0,197.0,512.0,408.0,29.410882339705484,1.411764705882353,0.0,True,True,small,GF6_WFV_E131.4_N24.7_20190523_L1A1119882277-1,WFV,2019-05-23
GF6_WFV_E131.4_N24.7_20190523_L1A1119882277-2_19456_12800.png,0,1,0,0.1806640625,0.404296875,0.044921875,0.04296875,81.0,196.0,23.0,22.0,104.0,218.0,506.0,31.827660925679098,1.0454545454545454,81.0,False,True,small,GF6_WFV_E131.4_N24.7_20190523_L1A1119882277-2,WFV,2019-05-23
GF6_WFV_E131.4_N24.7_20190523_L1A1119882277-3_512_13824.png,0,1,0,0.423828125,0.3857421875,0.05078125,0.048828125,204.0,185.0,26.0,25.0,230.0,210.0,650.0,36.069377593742864,1.04,185.0,False,True,small,GF6_WFV_E131.4_N24.7_20190523_L1A1119882277-3,WFV,2019-05-23
GF6_WFV_E131.6_N24.7_20191111_L1A1119942463-1_13440_10240.png,0,1,0,0.404296875,0.2861328125,0.04296875,0.044921875,196.0,135.0,22.0,23.0,218.0,158.0,506.0,31.827660925679098,1.0454545454545454,135.0,False,True,small,GF6_WFV_E131.6_N24.7_20191111_L1A1119942463-1,WFV,2019-11-11
GF6_WFV_E131.6_N24.7_20191111_L1A1119942463-1_6144_1024.png,0,1,0,0.462890625,0.9853515625,0.04296875,0.029296875,226.0,497.0,22.0,15.0,248.0,512.0,330.0,26.627053911388696,1.4666666666666666,0.0,True,True,small,GF6_WFV_E131.6_N24.7_20191111_L1A1119942463-1,WFV,2019-11-11
GF6_WFV_E131.6_N24.7_20191111_L1A1119942463-1_7168_15360.png,0,1,0,0.2255859375,0.8251953125,0.037109375,0.041015625,106.0,412.0,19.0,21.0,125.0,433.0,399.0,28.319604517012593,1.105263157894737,79.0,False,True,small,GF6_WFV_E131.6_N24.7_20191111_L1A1119942463-1,WFV,2019-11-11
GF6_WFV_E131.6_N24.7_20191111_L1A1119942463-2_16896_17289.png,0,1,0,0.498046875,0.5361328125,0.04296875,0.044921875,244.0,263.0,22.0,23.0,266.0,286.0,506.0,31.827660925679098,1.0454545454545454,226.0,False,True,small,GF6_WFV_E131.6_N24.7_20191111_L1A1119942463-2,WFV,2019-11-11
GF6_WFV_E131.6_N24.7_20191111_L1A1119942463-2_17408_6656.png,0,1,0,0.5537109375,0.501953125,0.048828125,0.0390625,271.0,247.0,25.0,20.0,296.0,267.0,500.0,32.01562118716424,1.25,216.0,False,True,small,GF6_WFV_E131.6_N24.7_20191111_L1A1119942463-2,WFV,2019-11-11
GF6_WFV_E131.6_N24.7_20191111_L1A1119942463-2_20480_11776.png,0,1,0,0.97265625,0.36328125,0.05078125,0.05859375,485.0,171.0,26.0,30.0,511.0,201.0,780.0,39.698866482558415,1.1538461538461537,1.0,False,True,small,GF6_WFV_E131.6_N24.7_20191111_L1A1119942463-2,WFV,2019-11-11
GF6_WFV_E131.6_N24.7_20191111_L1A1119942463-2_20992_10752.png,0,1,0,0.5068359375,0.7548828125,0.044921875,0.048828125,248.0,374.0,23.0,25.0,271.0,399.0,575.0,33.97057550292606,1.0869565217391304,113.0,False,True,small,GF6_WFV_E131.6_N24.7_20191111_L1A1119942463-2,WFV,2019-11-11
GF6_WFV_E131.6_N24.7_20191111_L1A1119942463-2_22416_6144.png,0,1,0,0.5830078125,0.216796875,0.048828125,0.046875,286.0,99.0,25.0,24.0,311.0,123.0,600.0,34.655446902326915,1.0416666666666667,99.0,False,True,small,GF6_WFV_E131.6_N24.7_20191111_L1A1119942463-2,WFV,2019-11-11
GF6_WFV_E131.6_N24.7_20191111_L1A1119942463-3_11264_5632.png,0,1,0,0.958984375,0.26171875,0.046875,0.05859375,479.0,119.0,24.0,30.0,503.0,149.0,720.0,38.41874542459709,1.25,9.0,False,True,small,GF6_WFV_E131.6_N24.7_20191111_L1A1119942463-3,WFV,2019-11-11
GF6_WFV_E131.6_N24.7_20191111_L1A1119942463-3_11281_5632.png,0,1,0,0.9248046875,0.259765625,0.044921875,0.046875,462.0,121.0,23.0,24.0,485.0,145.0,552.0,33.24154027718932,1.0434782608695652,27.0,False,True,small,GF6_WFV_E131.6_N24.7_20191111_L1A1119942463-3,WFV,2019-11-11
GF6_WFV_E131.6_N24.7_20191111_L1A1119942463-3_8704_11776.png,0,1,0,0.423828125,0.0283203125,0.05859375,0.052734375,202.0,1.0,30.0,27.0,232.0,28.0,810.0,40.36087214122113,1.1111111111111112,1.0,False,True,small,GF6_WFV_E131.6_N24.7_20191111_L1A1119942463-3,WFV,2019-11-11
GF6_WFV_E131.6_N24.9_20190302_L1A1119852281-1_0_0.png,0,1,0,0.7578125,0.20703125,0.03515625,0.03515625,379.0,97.0,18.0,18.0,397.0,115.0,324.0,25.45584412271571,1.0,97.0,False,True,small,GF6_WFV_E131.6_N24.9_20190302_L1A1119852281-1,WFV,2019-03-02
GF6_WFV_E131.6_N24.9_20190302_L1A1119852281-1_0_1024.png,0,1,0,0.3369140625,0.189453125,0.029296875,0.03125,165.0,89.0,15.0,16.0,180.0,105.0,240.0,21.93171219946131,1.0666666666666667,89.0,False,True,small,GF6_WFV_E131.6_N24.9_20190302_L1A1119852281-1,WFV,2019-03-02
GF6_WFV_E131.6_N24.9_20190302_L1A1119852281-1_0_1024.png,1,2,0,0.4365234375,0.787109375,0.025390625,0.03125,217.0,395.0,13.0,16.0,230.0,411.0,208.0,20.615528128088304,1.2307692307692308,101.0,False,True,small,GF6_WFV_E131.6_N24.9_20190302_L1A1119852281-1,WFV,2019-03-02
GF6_WFV_E131.6_N24.9_20190302_L1A1119852281-1_0_1024.png,2,3,0,0.7998046875,0.8759765625,0.025390625,0.021484375,403.0,443.0,13.0,11.0,416.0,454.0,143.0,17.029386365926403,1.1818181818181819,58.0,False,True,small,GF6_WFV_E131.6_N24.9_20190302_L1A1119852281-1,WFV,2019-03-02
GF6_WFV_E131.6_N24.9_20190302_L1A1119852281-1_0_1536.png,0,1,0,0.564453125,0.80078125,0.02734375,0.02734375,282.0,403.0,14.0,14.0,296.0,417.0,196.0,19.79898987322333,1.0,95.0,False,True,small,GF6_WFV_E131.6_N24.9_20190302_L1A1119852281-1,WFV,2019-03-02
GF6_WFV_E131.6_N24.9_20190302_L1A1119852281-1_0_1536.png,1,2,0,0.62109375,0.10546875,0.0234375,0.0234375,312.0,48.0,12.0,12.0,324.0,60.0,144.0,16.97056274847714,1.0,48.0,False,True,small,GF6_WFV_E131.6_N24.9_20190302_L1A1119852281-1,WFV,2019-03-02
GF6_WFV_E131.6_N24.9_20190302_L1A1119852281-1_0_1536.png,2,3,0,0.6220703125,0.140625,0.021484375,0.0234375,313.0,66.0,11.0,12.0,324.0,78.0,132.0,16.278820596099706,1.0909090909090908,66.0,False,True,small,GF6_WFV_E131.6_N24.9_20190302_L1A1119852281-1,WFV,2019-03-02
GF6_WFV_E131.6_N24.9_20190302_L1A1119852281-1_0_6144.png,0,1,0,0.421875,0.9599609375,0.0390625,0.041015625,206.0,481.0,20.0,21.0,226.0,502.0,420.0,29.0,1.05,10.0,False,True,small,GF6_WFV_E131.6_N24.9_20190302_L1A1119852281-1,WFV,2019-03-02
GF6_WFV_E131.6_N24.9_20190302_L1A1119852281-1_2048_1024.png,0,1,0,0.6513671875,0.5693359375,0.033203125,0.033203125,325.0,283.0,17.0,17.0,342.0,300.0,289.0,24.041630560342615,1.0,170.0,False,True,small,GF6_WFV_E131.6_N24.9_20190302_L1A1119852281-1,WFV,2019-03-02
GF6_WFV_E131.6_N24.9_20190302_L1A1119852281-1_2048_1536.png,0,1,0,0.255859375,0.2919921875,0.03515625,0.041015625,122.0,139.0,18.0,21.0,140.0,160.0,378.0,27.65863337187866,1.1666666666666667,122.0,False,True,small,GF6_WFV_E131.6_N24.9_20190302_L1A1119852281-1,WFV,2019-03-02
GF6_WFV_E131.6_N24.9_20190302_L1A1119852281-1_2560_2048.png,0,1,0,0.7822265625,0.38671875,0.052734375,0.0546875,387.0,184.0,27.0,28.0,414.0,212.0,756.0,38.897300677553446,1.037037037037037,98.0,False,True,small,GF6_WFV_E131.6_N24.9_20190302_L1A1119852281-1,WFV,2019-03-02
GF6_WFV_E131.6_N24.9_20190302_L1A1119852281-1_4096_0.png,0,1,0,0.751953125,0.505859375,0.046875,0.05859375,373.0,244.0,24.0,30.0,397.0,274.0,720.0,38.41874542459709,1.25,115.0,False,True,small,GF6_WFV_E131.6_N24.9_20190302_L1A1119852281-1,WFV,2019-03-02
GF6_WFV_E131.6_N24.9_20190302_L1A1119852281-1_5632_3584.png,0,1,0,0.7373046875,0.671875,0.037109375,0.05078125,368.0,331.0,19.0,26.0,387.0,357.0,494.0,32.202484376209235,1.368421052631579,125.0,False,True,small,GF6_WFV_E131.6_N24.9_20190302_L1A1119852281-1,WFV,2019-03-02
GF6_WFV_E131.6_N24.9_20190302_L1A1119852281-1_7680_15360.png,0,1,0,0.7021484375,0.951171875,0.044921875,0.0546875,348.0,473.0,23.0,28.0,371.0,501.0,644.0,36.235341863986875,1.2173913043478262,11.0,False,True,small,GF6_WFV_E131.6_N24.9_20190302_L1A1119852281-1,WFV,2019-03-02
GF6_WFV_E131.6_N24.9_20190302_L1A1119852281-2_1024_0.png,0,1,0,0.15234375,0.166015625,0.03125,0.04296875,70.0,74.0,16.0,22.0,86.0,96.0,352.0,27.202941017470888,1.375,70.0,False,True,small,GF6_WFV_E131.6_N24.9_20190302_L1A1119852281-2,WFV,2019-03-02
GF6_WFV_E131.6_N24.9_20190302_L1A1119852281-2_11776_14848.png,0,1,0,0.5078125,0.5751953125,0.04296875,0.056640625,249.0,280.0,22.0,29.0,271.0,309.0,638.0,36.40054944640259,1.3181818181818181,203.0,False,True,small,GF6_WFV_E131.6_N24.9_20190302_L1A1119852281-2,WFV,2019-03-02
GF6_WFV_E131.6_N24.9_20190302_L1A1119852281-2_12288_0.png,0,1,0,0.4365234375,0.7734375,0.044921875,0.046875,212.0,384.0,23.0,24.0,235.0,408.0,552.0,33.24154027718932,1.0434782608695652,104.0,False,True,small,GF6_WFV_E131.6_N24.9_20190302_L1A1119852281-2,WFV,2019-03-02
GF6_WFV_E131.6_N24.9_20190302_L1A1119852281-2_12288_4096.png,0,1,0,0.3212890625,0.318359375,0.052734375,0.05859375,151.0,148.0,27.0,30.0,178.0,178.0,810.0,40.36087214122113,1.1111111111111112,148.0,False,True,small,GF6_WFV_E131.6_N24.9_20190302_L1A1119852281-2,WFV,2019-03-02
GF6_WFV_E131.6_N24.9_20190302_L1A1119852281-2_14336_8704.png,0,1,0,0.3466796875,0.1923828125,0.056640625,0.056640625,163.0,84.0,29.0,29.0,192.0,113.0,841.0,41.012193308819754,1.0,84.0,False,True,small,GF6_WFV_E131.6_N24.9_20190302_L1A1119852281-2,WFV,2019-03-02
GF6_WFV_E131.6_N24.9_20190302_L1A1119852281-2_22928_6144.png,0,1,0,0.017578125,0.384765625,0.03515625,0.0546875,0.0,183.0,18.0,28.0,18.0,211.0,504.0,33.28663395418648,1.5555555555555556,0.0,True,True,small,GF6_WFV_E131.6_N24.9_20190302_L1A1119852281-2,WFV,2019-03-02
GF6_WFV_E131.6_N24.9_20190302_L1A1119852281-2_3584_12800.png,0,1,0,0.1962890625,0.2822265625,0.037109375,0.048828125,91.0,132.0,19.0,25.0,110.0,157.0,475.0,31.400636936215164,1.3157894736842106,91.0,False,True,small,GF6_WFV_E131.6_N24.9_20190302_L1A1119852281-2,WFV,2019-03-02
GF6_WFV_E131.6_N24.9_20190302_L1A1119852281-2_512_14848.png,0,1,0,0.369140625,0.9716796875,0.0625,0.048828125,173.0,485.0,32.0,25.0,205.0,510.0,800.0,40.607881008493905,1.28,2.0,False,True,small,GF6_WFV_E131.6_N24.9_20190302_L1A1119852281-2,WFV,2019-03-02
GF6_WFV_E131.6_N24.9_20190302_L1A1119852281-2_8192_4608.png,0,1,0,0.79296875,0.3037109375,0.04296875,0.033203125,395.0,147.0,22.0,17.0,417.0,164.0,374.0,27.80287754891569,1.2941176470588236,95.0,False,True,small,GF6_WFV_E131.6_N24.9_20190302_L1A1119852281-2,WFV,2019-03-02
GF6_WFV_E131.6_N24.9_20190302_L1A1119852281-2_8704_9728.png,0,1,0,0.2333984375,0.6201171875,0.044921875,0.048828125,108.0,305.0,23.0,25.0,131.0,330.0,575.0,33.97057550292606,1.0869565217391304,108.0,False,True,small,GF6_WFV_E131.6_N24.9_20190302_L1A1119852281-2,WFV,2019-03-02
GF6_WFV_E131.6_N24.9_20190302_L1A1119852281-3_5120_8192.png,0,1,0,0.0859375,0.703125,0.046875,0.0546875,32.0,346.0,24.0,28.0,56.0,374.0,672.0,36.87817782917155,1.1666666666666667,32.0,False,True,small,GF6_WFV_E131.6_N24.9_20190302_L1A1119852281-3,WFV,2019-03-02
GF6_WFV_E131.8_N31.4_20200918_L1A1120036753-2_10752_11776.png,0,1,0,0.3759765625,0.755859375,0.068359375,0.0390625,175.0,377.0,35.0,20.0,210.0,397.0,700.0,40.311288741492746,1.75,115.0,False,True,small,GF6_WFV_E131.8_N31.4_20200918_L1A1120036753-2,WFV,2020-09-18
GF6_WFV_E131.8_N31.4_20200918_L1A1120036753-2_11264_16773.png,0,1,0,0.5712890625,0.8828125,0.029296875,0.03125,285.0,444.0,15.0,16.0,300.0,460.0,240.0,21.93171219946131,1.0666666666666667,52.0,False,True,small,GF6_WFV_E131.8_N31.4_20200918_L1A1120036753-2,WFV,2020-09-18
GF6_WFV_E131.8_N31.4_20200918_L1A1120036753-2_12800_17285.png,0,1,0,0.974609375,0.4501953125,0.05078125,0.060546875,486.0,215.0,26.0,31.0,512.0,246.0,806.0,40.45985664828782,1.1923076923076923,0.0,True,True,small,GF6_WFV_E131.8_N31.4_20200918_L1A1120036753-2,WFV,2020-09-18
GF6_WFV_E131.8_N31.4_20200918_L1A1120036753-2_18944_11264.png,0,1,0,0.0556640625,0.583984375,0.044921875,0.05078125,17.0,286.0,23.0,26.0,40.0,312.0,598.0,34.713109915419565,1.1304347826086956,17.0,False,True,small,GF6_WFV_E131.8_N31.4_20200918_L1A1120036753-2,WFV,2020-09-18
GF6_WFV_E131.8_N31.4_20200918_L1A1120036753-2_18944_15360.png,0,1,0,0.826171875,0.013671875,0.03515625,0.0234375,414.0,1.0,18.0,12.0,432.0,13.0,216.0,21.633307652783937,1.5,1.0,False,True,small,GF6_WFV_E131.8_N31.4_20200918_L1A1120036753-2,WFV,2020-09-18
GF6_WFV_E131.8_N31.4_20200918_L1A1120036753-2_20992_14848.png,0,1,0,0.59375,0.9091796875,0.0390625,0.037109375,294.0,456.0,20.0,19.0,314.0,475.0,380.0,27.586228448267445,1.0526315789473684,37.0,False,True,small,GF6_WFV_E131.8_N31.4_20200918_L1A1120036753-2,WFV,2020-09-18
GF6_WFV_E131.8_N31.4_20200918_L1A1120036753-2_21504_512.png,0,1,0,0.7197265625,0.5830078125,0.052734375,0.048828125,355.0,286.0,27.0,25.0,382.0,311.0,675.0,36.796738985948195,1.08,130.0,False,True,small,GF6_WFV_E131.8_N31.4_20200918_L1A1120036753-2,WFV,2020-09-18
GF6_WFV_E131.8_N31.4_20200918_L1A1120036753-2_21904_512.png,0,1,0,0.333984375,0.4150390625,0.046875,0.044921875,159.0,201.0,24.0,23.0,183.0,224.0,552.0,33.24154027718932,1.0434782608695652,159.0,False,True,small,GF6_WFV_E131.8_N31.4_20200918_L1A1120036753-2,WFV,2020-09-18
GF6_WFV_E131.8_N31.4_20200918_L1A1120036753-2_22016_512.png,0,1,0,0.119140625,0.4140625,0.04296875,0.046875,50.0,200.0,22.0,24.0,72.0,224.0,528.0,32.55764119219941,1.0909090909090908,50.0,False,True,small,GF6_WFV_E131.8_N31.4_20200918_L1A1120036753-2,WFV,2020-09-18
GF6_WFV_E131.8_N31.4_20200918_L1A1120036753-2_23440_15872.png,0,1,0,0.18359375,0.4541015625,0.0390625,0.048828125,84.0,220.0,20.0,25.0,104.0,245.0,500.0,32.01562118716424,1.25,84.0,False,True,small,GF6_WFV_E131.8_N31.4_20200918_L1A1120036753-2,WFV,2020-09-18
GF6_WFV_E131.8_N31.4_20200918_L1A1120036753-2_23440_17285.png,0,1,0,0.7001953125,0.4619140625,0.041015625,0.048828125,348.0,224.0,21.0,25.0,369.0,249.0,525.0,32.64965543462902,1.1904761904761905,143.0,False,True,small,GF6_WFV_E131.8_N31.4_20200918_L1A1120036753-2,WFV,2020-09-18
GF6_WFV_E131.8_N31.4_20200918_L1A1120036753-2_23440_9216.png,0,1,0,0.7410409556313993,0.03989637305699482,0.024744027303754357,0.04248704663212435,373.0784982935153,9.550259067357512,12.66894197952223,21.75336787564767,385.7474402730375,31.30362694300518,275.5921554757831,25.173619223579287,1.7170627121672262,9.550259067357512,False,True,small,GF6_WFV_E131.8_N31.4_20200918_L1A1120036753-2,WFV,2020-09-18
GF6_WFV_E131.8_N31.4_20200918_L1A1120036753-2_5120_12288.png,0,1,0,0.69140625,0.8447265625,0.0546875,0.041015625,340.0,422.0,28.0,21.0,368.0,443.0,588.0,35.0,1.3333333333333333,69.0,False,True,small,GF6_WFV_E131.8_N31.4_20200918_L1A1120036753-2,WFV,2020-09-18
GF6_WFV_E131.8_N31.4_20200918_L1A1120036753-2_5120_12288.png,1,2,0,0.9716796875,0.7490234375,0.041015625,0.033203125,487.0,375.0,21.0,17.0,508.0,392.0,357.0,27.018512172212592,1.2352941176470589,4.0,False,True,small,GF6_WFV_E131.8_N31.4_20200918_L1A1120036753-2,WFV,2020-09-18
GF6_WFV_E131.8_N31.4_20200918_L1A1120036753-2_5120_12800.png,0,1,0,0.748046875,0.572265625,0.05859375,0.04296875,368.0,282.0,30.0,22.0,398.0,304.0,660.0,37.20215047547655,1.3636363636363635,114.0,False,True,small,GF6_WFV_E131.8_N31.4_20200918_L1A1120036753-2,WFV,2020-09-18
GF6_WFV_E131.8_N31.4_20200918_L1A1120036753-2_5120_12800.png,1,2,0,0.2490234375,0.7919921875,0.044921875,0.033203125,116.0,397.0,23.0,17.0,139.0,414.0,391.0,28.600699292150182,1.3529411764705883,98.0,False,True,small,GF6_WFV_E131.8_N31.4_20200918_L1A1120036753-2,WFV,2020-09-18
GF6_WFV_E131.8_N31.4_20200918_L1A1120036753-2_5120_13312.png,0,1,0,0.3818359375,0.2568359375,0.037109375,0.048828125,186.0,119.0,19.0,25.0,205.0,144.0,475.0,31.400636936215164,1.3157894736842106,119.0,False,True,small,GF6_WFV_E131.8_N31.4_20200918_L1A1120036753-2,WFV,2020-09-18
GF6_WFV_E131.8_N31.4_20200918_L1A1120036753-3_8704_14336.png,0,1,0,0.6728515625,0.728515625,0.072265625,0.046875,326.0,361.0,37.0,24.0,363.0,385.0,888.0,44.10215414239989,1.5416666666666667,127.0,False,True,small,GF6_WFV_E131.8_N31.4_20200918_L1A1120036753-3,WFV,2020-09-18
GF6_WFV_E131.8_N31.4_20200918_L1A1120036753-3_8704_5632.png,0,1,0,0.2939453125,0.4296875,0.052734375,0.0390625,137.0,210.0,27.0,20.0,164.0,230.0,540.0,33.60059523282288,1.35,137.0,False,True,small,GF6_WFV_E131.8_N31.4_20200918_L1A1120036753-3,WFV,2020-09-18
GF6_WFV_E131.8_N38.0_20200910_L1A1120034675-1_0_16773.png,0,1,0,0.6171875,0.89453125,0.03515625,0.03515625,307.0,449.0,18.0,18.0,325.0,467.0,324.0,25.45584412271571,1.0,45.0,False,True,small,GF6_WFV_E131.8_N38.0_20200910_L1A1120034675-1,WFV,2020-09-10
GF6_WFV_E131.8_N38.0_20200910_L1A1120034675-1_0_16896.png,0,1,0,0.6162109375,0.658203125,0.033203125,0.0390625,307.0,327.0,17.0,20.0,324.0,347.0,340.0,26.248809496813376,1.1764705882352942,165.0,False,True,small,GF6_WFV_E131.8_N38.0_20200910_L1A1120034675-1,WFV,2020-09-10
GF6_WFV_E131.8_N38.0_20200910_L1A1120034675-1_0_16896.png,1,2,0,0.6240234375,0.76953125,0.044921875,0.046875,308.0,382.0,23.0,24.0,331.0,406.0,552.0,33.24154027718932,1.0434782608695652,106.0,False,True,small,GF6_WFV_E131.8_N38.0_20200910_L1A1120034675-1,WFV,2020-09-10
GF6_WFV_E131.8_N38.0_20200910_L1A1120034675-1_0_17285.png,0,1,0,0.6240234375,0.015625,0.044921875,0.03125,308.0,0.0,23.0,16.0,331.0,16.0,368.0,28.0178514522438,1.4375,0.0,True,True,small,GF6_WFV_E131.8_N38.0_20200910_L1A1120034675-1,WFV,2020-09-10
GF6_WFV_E131.8_N38.0_20200910_L1A1120034675-1_0_17285.png,1,2,0,0.552734375,0.9150390625,0.04296875,0.060546875,272.0,453.0,22.0,31.0,294.0,484.0,682.0,38.01315561749642,1.4090909090909092,28.0,False,True,small,GF6_WFV_E131.8_N38.0_20200910_L1A1120034675-1,WFV,2020-09-10
GF6_WFV_E131.8_N38.0_20200910_L1A1120034675-1_0_17285.png,2,3,0,0.6629692832764505,0.7373056994818652,0.022184300341296925,0.040414507772020714,333.76109215017067,367.1544041450777,11.358361774744026,20.692227979274605,345.1194539249147,387.8466321243523,235.02981131408148,23.6046749808643,1.8217616580310878,124.15336787564769,False,True,small,GF6_WFV_E131.8_N38.0_20200910_L1A1120034675-1,WFV,2020-09-10
GF6_WFV_E131.8_N38.0_20200910_L1A1120034675-1_0_17285.png,3,4,0,0.7252559726962458,0.3870466321243523,0.020477815699658675,0.019689119170984426,366.08873720136523,193.12746113989635,10.484641638225241,10.080829015544026,376.5733788395905,203.20829015544038,105.69387964420207,14.544786829742154,1.040057481587929,135.42662116040952,False,True,small,GF6_WFV_E131.8_N38.0_20200910_L1A1120034675-1,WFV,2020-09-10
GF6_WFV_E131.8_N38.0_20200910_L1A1120034675-1_0_17285.png,4,5,0,0.39633105802047786,0.5176165803108808,0.0213310580204778,0.01761658031088087,197.46075085324236,260.5098445595854,10.921501706484634,9.019689119171005,208.382252559727,269.5295336787564,98.50855010698702,14.164532866679316,1.2108512346918252,197.46075085324236,False,True,small,GF6_WFV_E131.8_N38.0_20200910_L1A1120034675-1,WFV,2020-09-10
GF6_WFV_E131.8_N38.0_20200910_L1A1120034675-1_0_17285.png,5,6,0,0.48890784982935154,0.5077720207253886,0.02389078498293512,0.018652849740932675,244.2047781569966,255.20414507772023,12.232081911262782,9.55025906735753,256.4368600682594,264.75440414507773,116.8195511856974,15.518739515098734,1.2808115282517973,244.2047781569966,False,True,small,GF6_WFV_E131.8_N38.0_20200910_L1A1120034675-1,WFV,2020-09-10
GF6_WFV_E131.8_N38.0_20200910_L1A1120034675-1_10240_11264.png,0,1,0,0.8740234375,0.8955078125,0.041015625,0.044921875,437.0,447.0,21.0,23.0,458.0,470.0,483.0,31.144823004794873,1.0952380952380953,42.0,False,True,small,GF6_WFV_E131.8_N38.0_20200910_L1A1120034675-1,WFV,2020-09-10
GF6_WFV_E131.8_N38.0_20200910_L1A1120034675-1_10240_11776.png,0,1,0,0.48208191126279865,0.6756476683937824,0.020477815699658675,0.022797927461139955,241.5836177474403,340.09533678756475,10.484641638225241,11.672538860103657,252.06825938566553,351.7678756476684,122.382386956445,15.689992789119964,1.1132987910190026,160.2321243523316,False,True,small,GF6_WFV_E131.8_N38.0_20200910_L1A1120034675-1,WFV,2020-09-10
GF6_WFV_E131.8_N38.0_20200910_L1A1120034675-1_10240_11776.png,1,2,0,0.4616040955631399,0.5854922279792746,0.015358361774744034,0.024870466321243567,232.40955631399316,293.40518134715023,7.863481228668945,12.733678756476706,240.2730375426621,306.13886010362694,100.1310438734551,14.965991838390632,1.619343696027636,205.86113989637306,False,True,small,GF6_WFV_E131.8_N38.0_20200910_L1A1120034675-1,WFV,2020-09-10
GF6_WFV_E131.8_N38.0_20200910_L1A1120034675-1_10752_12288.png,0,1,0,0.10546875,0.109375,0.0390625,0.0390625,44.0,46.0,20.0,20.0,64.0,66.0,400.0,28.284271247461902,1.0,44.0,False,True,small,GF6_WFV_E131.8_N38.0_20200910_L1A1120034675-1,WFV,2020-09-10
GF6_WFV_E131.8_N38.0_20200910_L1A1120034675-1_10752_12288.png,1,2,0,0.5654296875,0.44140625,0.029296875,0.0234375,282.0,220.0,15.0,12.0,297.0,232.0,180.0,19.209372712298546,1.25,215.0,False,True,small,GF6_WFV_E131.8_N38.0_20200910_L1A1120034675-1,WFV,2020-09-10
GF6_WFV_E131.8_N38.0_20200910_L1A1120034675-1_10752_12288.png,2,3,0,0.1328125,0.443359375,0.03125,0.03125,60.0,219.0,16.0,16.0,76.0,235.0,256.0,22.627416997969522,1.0,60.0,False,True,small,GF6_WFV_E131.8_N38.0_20200910_L1A1120034675-1,WFV,2020-09-10
GF6_WFV_E131.8_N38.0_20200910_L1A1120034675-1_10752_12288.png,3,4,0,0.921875,0.908203125,0.02734375,0.02734375,465.0,458.0,14.0,14.0,479.0,472.0,196.0,19.79898987322333,1.0,33.0,False,True,small,GF6_WFV_E131.8_N38.0_20200910_L1A1120034675-1,WFV,2020-09-10
GF6_WFV_E131.8_N38.0_20200910_L1A1120034675-1_11264_12800.png,0,1,0,0.9443359375,0.361328125,0.029296875,0.03515625,476.0,176.0,15.0,18.0,491.0,194.0,270.0,23.430749027719962,1.2,21.0,False,True,small,GF6_WFV_E131.8_N38.0_20200910_L1A1120034675-1,WFV,2020-09-10
GF6_WFV_E131.8_N38.0_20200910_L1A1120034675-1_11264_12800.png,1,2,0,0.6339590443686007,0.9217616580310881,0.030716723549487956,0.032124352331606265,316.7235494880547,463.71813471502594,15.726962457337834,16.447668393782408,332.4505119453925,480.16580310880835,258.671863339758,22.7566065951482,1.0458261370178517,31.834196891191652,False,True,small,GF6_WFV_E131.8_N38.0_20200910_L1A1120034675-1,WFV,2020-09-10
GF6_WFV_E131.8_N38.0_20200910_L1A1120034675-1_11776_7168.png,0,1,0,0.8466796875,0.4150390625,0.041015625,0.037109375,423.0,203.0,21.0,19.0,444.0,222.0,399.0,28.319604517012593,1.105263157894737,68.0,False,True,small,GF6_WFV_E131.8_N38.0_20200910_L1A1120034675-1,WFV,2020-09-10
GF6_WFV_E131.8_N38.0_20200910_L1A1120034675-1_11904_13824.png,0,1,0,0.8173828125,0.701171875,0.021484375,0.0234375,413.0,353.0,11.0,12.0,424.0,365.0,132.0,16.278820596099706,1.0909090909090908,88.0,False,True,small,GF6_WFV_E131.8_N38.0_20200910_L1A1120034675-1,WFV,2020-09-10
GF6_WFV_E131.8_N38.0_20200910_L1A1120034675-1_12416_10752.png,0,1,0,0.0361328125,0.12890625,0.037109375,0.04296875,9.0,55.0,19.0,22.0,28.0,77.0,418.0,29.068883707497267,1.1578947368421053,9.0,False,True,small,GF6_WFV_E131.8_N38.0_20200910_L1A1120034675-1,WFV,2020-09-10
GF6_WFV_E131.8_N38.0_20200910_L1A1120034675-1_12416_13824.png,0,1,0,0.94921875,0.9697265625,0.02734375,0.021484375,479.0,491.0,14.0,11.0,493.0,502.0,154.0,17.804493814764857,1.2727272727272727,10.0,False,True,small,GF6_WFV_E131.8_N38.0_20200910_L1A1120034675-1,WFV,2020-09-10
GF6_WFV_E131.8_N38.0_20200910_L1A1120034675-1_12416_13824.png,1,2,0,0.0380859375,0.47265625,0.037109375,0.0234375,10.0,236.0,19.0,12.0,29.0,248.0,228.0,22.47220505424423,1.5833333333333333,10.0,False,True,small,GF6_WFV_E131.8_N38.0_20200910_L1A1120034675-1,WFV,2020-09-10
GF6_WFV_E131.8_N38.0_20200910_L1A1120034675-1_12416_13824.png,2,3,0,0.033203125,0.4072265625,0.02734375,0.025390625,10.0,202.0,14.0,13.0,24.0,215.0,182.0,19.1049731745428,1.0769230769230769,10.0,False,True,small,GF6_WFV_E131.8_N38.0_20200910_L1A1120034675-1,WFV,2020-09-10
GF6_WFV_E131.8_N38.0_20200910_L1A1120034675-1_12416_14336.png,0,1,0,0.7109375,0.859375,0.02734375,0.0234375,357.0,434.0,14.0,12.0,371.0,446.0,168.0,18.439088914585774,1.1666666666666667,66.0,False,True,small,GF6_WFV_E131.8_N38.0_20200910_L1A1120034675-1,WFV,2020-09-10
GF6_WFV_E131.8_N38.0_20200910_L1A1120034675-1_12416_14336.png,1,2,0,0.796875,0.6640625,0.0390625,0.02734375,398.0,333.0,20.0,14.0,418.0,347.0,280.0,24.413111231467404,1.4285714285714286,94.0,False,True,small,GF6_WFV_E131.8_N38.0_20200910_L1A1120034675-1,WFV,2020-09-10
GF6_WFV_E131.8_N38.0_20200910_L1A1120034675-1_12416_14336.png,2,3,0,0.6630859375,0.5185546875,0.033203125,0.021484375,331.0,260.0,17.0,11.0,348.0,271.0,187.0,20.248456731316587,1.5454545454545454,164.0,False,True,small,GF6_WFV_E131.8_N38.0_20200910_L1A1120034675-1,WFV,2020-09-10
GF6_WFV_E131.8_N38.0_20200910_L1A1120034675-1_12416_14336.png,3,4,0,0.466796875,0.62890625,0.03515625,0.0234375,230.0,316.0,18.0,12.0,248.0,328.0,216.0,21.633307652783937,1.5,184.0,False,True,small,GF6_WFV_E131.8_N38.0_20200910_L1A1120034675-1,WFV,2020-09-10
GF6_WFV_E131.8_N38.0_20200910_L1A1120034675-1_12416_14336.png,4,5,0,0.0888671875,0.5029296875,0.029296875,0.033203125,38.0,249.0,15.0,17.0,53.0,266.0,255.0,22.67156809750927,1.1333333333333333,38.0,False,True,small,GF6_WFV_E131.8_N38.0_20200910_L1A1120034675-1,WFV,2020-09-10
GF6_WFV_E131.8_N38.0_20200910_L1A1120034675-1_12416_14336.png,5,6,0,0.14453125,0.4951171875,0.03125,0.021484375,66.0,248.0,16.0,11.0,82.0,259.0,176.0,19.4164878389476,1.4545454545454546,66.0,False,True,small,GF6_WFV_E131.8_N38.0_20200910_L1A1120034675-1,WFV,2020-09-10
GF6_WFV_E131.8_N38.0_20200910_L1A1120034675-1_12416_14336.png,6,7,0,0.1865234375,0.4814453125,0.041015625,0.025390625,85.0,240.0,21.0,13.0,106.0,253.0,273.0,24.698178070456937,1.6153846153846154,85.0,False,True,small,GF6_WFV_E131.8_N38.0_20200910_L1A1120034675-1,WFV,2020-09-10
GF6_WFV_E131.8_N38.0_20200910_L1A1120034675-1_12416_14336.png,7,8,0,0.2666015625,0.392578125,0.037109375,0.0390625,127.0,191.0,19.0,20.0,146.0,211.0,380.0,27.586228448267445,1.0526315789473684,127.0,False,True,small,GF6_WFV_E131.8_N38.0_20200910_L1A1120034675-1,WFV,2020-09-10
GF6_WFV_E131.8_N38.0_20200910_L1A1120034675-1_12416_14336.png,8,9,0,0.298828125,0.353515625,0.03125,0.0234375,145.0,175.0,16.0,12.0,161.0,187.0,192.0,20.0,1.3333333333333333,145.0,False,True,small,GF6_WFV_E131.8_N38.0_20200910_L1A1120034675-1,WFV,2020-09-10
GF6_WFV_E131.8_N38.0_20200910_L1A1120034675-1_12928_13824.png,0,1,0,0.1630859375,0.890625,0.033203125,0.03125,75.0,448.0,17.0,16.0,92.0,464.0,272.0,23.345235059857504,1.0625,48.0,False,True,small,GF6_WFV_E131.8_N38.0_20200910_L1A1120034675-1,WFV,2020-09-10
GF6_WFV_E131.8_N38.0_20200910_L1A1120034675-1_12928_14336.png,0,1,0,0.26953125,0.9619140625,0.03515625,0.029296875,129.0,485.0,18.0,15.0,147.0,500.0,270.0,23.430749027719962,1.2,12.0,False,True,small,GF6_WFV_E131.8_N38.0_20200910_L1A1120034675-1,WFV,2020-09-10
GF6_WFV_E131.8_N38.0_20200910_L1A1120034675-1_12928_14336.png,1,2,0,0.5614334470989761,0.5233160621761659,0.020477815699658675,0.020725388601036232,282.2116040955632,262.63212435233163,10.484641638225241,10.61139896373055,292.69624573378843,273.2435233160622,111.25671541494951,14.917422640974824,1.0120898100172708,219.30375426621157,False,True,small,GF6_WFV_E131.8_N38.0_20200910_L1A1120034675-1,WFV,2020-09-10
GF6_WFV_E131.8_N38.0_20200910_L1A1120034675-1_12928_14848.png,0,1,0,0.744140625,0.615234375,0.03125,0.02734375,373.0,308.0,16.0,14.0,389.0,322.0,224.0,21.2602916254693,1.1428571428571428,123.0,False,True,small,GF6_WFV_E131.8_N38.0_20200910_L1A1120034675-1,WFV,2020-09-10
GF6_WFV_E131.8_N38.0_20200910_L1A1120034675-1_12928_15360.png,0,1,0,0.7373046875,0.451171875,0.029296875,0.03125,370.0,223.0,15.0,16.0,385.0,239.0,240.0,21.93171219946131,1.0666666666666667,127.0,False,True,small,GF6_WFV_E131.8_N38.0_20200910_L1A1120034675-1,WFV,2020-09-10
GF6_WFV_E131.8_N38.0_20200910_L1A1120034675-1_13440_13824.png,0,1,0,0.3203125,0.9853515625,0.0625,0.025390625,148.0,498.0,32.0,13.0,180.0,511.0,416.0,34.539832078341085,2.4615384615384617,1.0,False,True,small,GF6_WFV_E131.8_N38.0_20200910_L1A1120034675-1,WFV,2020-09-10
GF6_WFV_E131.8_N38.0_20200910_L1A1120034675-1_13440_15872.png,0,1,0,0.59765625,0.376953125,0.03125,0.0234375,298.0,187.0,16.0,12.0,314.0,199.0,192.0,20.0,1.3333333333333333,187.0,False,True,small,GF6_WFV_E131.8_N38.0_20200910_L1A1120034675-1,WFV,2020-09-10
GF6_WFV_E131.8_N38.0_20200910_L1A1120034675-1_13440_15872.png,1,2,0,0.7900390625,0.3515625,0.029296875,0.0234375,397.0,174.0,15.0,12.0,412.0,186.0,180.0,19.209372712298546,1.25,100.0,False,True,small,GF6_WFV_E131.8_N38.0_20200910_L1A1120034675-1,WFV,2020-09-10
GF6_WFV_E131.8_N38.0_20200910_L1A1120034675-1_13440_15872.png,2,3,0,0.3203125,0.392578125,0.03515625,0.0234375,155.0,195.0,18.0,12.0,173.0,207.0,216.0,21.633307652783937,1.5,155.0,False,True,small,GF6_WFV_E131.8_N38.0_20200910_L1A1120034675-1,WFV,2020-09-10
GF6_WFV_E131.8_N38.0_20200910_L1A1120034675-1_512_17285.png,0,1,0,0.7696245733788396,0.11243523316062176,0.03924914675767921,0.023834196891191706,384.0,51.465284974093265,20.095563139931755,12.203108808290153,404.09556313993176,63.66839378238342,245.22834356045215,23.51058320199549,1.646757679180889,51.465284974093265,False,True,small,GF6_WFV_E131.8_N38.0_20200910_L1A1120034675-1,WFV,2020-09-10
GF6_WFV_E131.8_N38.0_20200910_L1A1120034675-1_512_17285.png,1,2,0,0.8336177474402731,0.10621761658031087,0.0426621160409556,0.017616580310880828,415.8907849829352,49.87357512953368,21.843003412969267,9.019689119170984,437.73378839590447,58.89326424870466,197.01710021397355,23.632003510186742,2.421702469383656,49.87357512953368,False,True,small,GF6_WFV_E131.8_N38.0_20200910_L1A1120034675-1,WFV,2020-09-10
GF6_WFV_E131.8_N38.0_20200910_L1A1120034675-1_512_17285.png,2,3,0,0.716296928327645,0.20414507772020724,0.029863481228668998,0.02487046632124354,359.09897610921496,98.15544041450775,15.290102389078527,12.733678756476692,374.3890784982935,110.88911917098444,194.69925197616277,19.898085479303045,1.2007608077360652,98.15544041450775,False,True,small,GF6_WFV_E131.8_N38.0_20200910_L1A1120034675-1,WFV,2020-09-10
GF6_WFV_E131.8_N38.0_20200910_L1A1120034675-1_512_17285.png,3,4,0,0.5870307167235495,0.2647668393782383,0.030716723549488067,0.025906735751295373,292.6962457337884,128.92849740932638,15.72696245733789,13.264248704663231,308.42320819112626,142.1927461139896,208.6063414030314,20.573712397952775,1.1856655290102378,128.92849740932638,False,True,small,GF6_WFV_E131.8_N38.0_20200910_L1A1120034675-1,WFV,2020-09-10
GF6_WFV_E131.8_N38.0_20200910_L1A1120034675-1_8704_9216.png,0,1,0,0.208984375,0.048828125,0.0234375,0.02734375,101.0,18.0,12.0,14.0,113.0,32.0,168.0,18.439088914585774,1.1666666666666667,18.0,False,True,small,GF6_WFV_E131.8_N38.0_20200910_L1A1120034675-1,WFV,2020-09-10
GF6_WFV_E131.8_N38.0_20200910_L1A1120034675-1_8704_9216.png,1,2,0,0.4990234375,0.8974609375,0.025390625,0.033203125,249.0,451.0,13.0,17.0,262.0,468.0,221.0,21.400934559032695,1.3076923076923077,44.0,False,True,small,GF6_WFV_E131.8_N38.0_20200910_L1A1120034675-1,WFV,2020-09-10
GF6_WFV_E131.8_N38.0_20200910_L1A1120034675-1_8704_9216.png,2,3,0,0.3310546875,0.732421875,0.025390625,0.0234375,163.0,369.0,13.0,12.0,176.0,381.0,156.0,17.69180601295413,1.0833333333333333,131.0,False,True,small,GF6_WFV_E131.8_N38.0_20200910_L1A1120034675-1,WFV,2020-09-10
GF6_WFV_E131.8_N38.0_20200910_L1A1120034675-1_8704_9216.png,3,4,0,0.3447265625,0.7451171875,0.021484375,0.021484375,171.0,376.0,11.0,11.0,182.0,387.0,121.0,15.556349186104045,1.0,125.0,False,True,small,GF6_WFV_E131.8_N38.0_20200910_L1A1120034675-1,WFV,2020-09-10
GF6_WFV_E131.8_N38.0_20200910_L1A1120034675-1_8704_9216.png,4,5,0,0.1298828125,0.310546875,0.021484375,0.01953125,61.0,154.0,11.0,10.0,72.0,164.0,110.0,14.866068747318506,1.1,61.0,False,True,small,GF6_WFV_E131.8_N38.0_20200910_L1A1120034675-1,WFV,2020-09-10
GF6_WFV_E131.8_N38.0_20200910_L1A1120034675-1_8704_9216.png,5,6,0,0.0673828125,0.3173828125,0.021484375,0.021484375,29.0,157.0,11.0,11.0,40.0,168.0,121.0,15.556349186104045,1.0,29.0,False,True,small,GF6_WFV_E131.8_N38.0_20200910_L1A1120034675-1,WFV,2020-09-10
GF6_WFV_E131.8_N38.0_20200910_L1A1120034675-1_8704_9216.png,6,7,0,0.05859375,0.2998046875,0.01953125,0.021484375,25.0,148.0,10.0,11.0,35.0,159.0,110.0,14.866068747318506,1.1,25.0,False,True,small,GF6_WFV_E131.8_N38.0_20200910_L1A1120034675-1,WFV,2020-09-10
GF6_WFV_E131.8_N38.0_20200910_L1A1120034675-1_8704_9728.png,0,1,0,0.76171875,0.220703125,0.03125,0.02734375,382.0,106.0,16.0,14.0,398.0,120.0,224.0,21.2602916254693,1.1428571428571428,106.0,False,True,small,GF6_WFV_E131.8_N38.0_20200910_L1A1120034675-1,WFV,2020-09-10
GF6_WFV_E131.8_N38.0_20200910_L1A1120034675-1_8704_9728.png,1,2,0,0.8349609375,0.931640625,0.029296875,0.01953125,420.0,472.0,15.0,10.0,435.0,482.0,150.0,18.027756377319946,1.5,30.0,False,True,small,GF6_WFV_E131.8_N38.0_20200910_L1A1120034675-1,WFV,2020-09-10
GF6_WFV_E131.8_N38.0_20200910_L1A1120034675-1_8704_9728.png,2,3,0,0.5830078125,0.2880859375,0.025390625,0.025390625,292.0,141.0,13.0,13.0,305.0,154.0,169.0,18.384776310850235,1.0,141.0,False,True,small,GF6_WFV_E131.8_N38.0_20200910_L1A1120034675-1,WFV,2020-09-10
GF6_WFV_E131.8_N38.0_20200910_L1A1120034675-1_9728_10240.png,0,1,0,0.189453125,0.923828125,0.0234375,0.02734375,91.0,466.0,12.0,14.0,103.0,480.0,168.0,18.439088914585774,1.1666666666666667,32.0,False,True,small,GF6_WFV_E131.8_N38.0_20200910_L1A1120034675-1,WFV,2020-09-10
GF6_WFV_E131.8_N38.0_20200910_L1A1120034675-1_9728_10752.png,0,1,0,0.3525390625,0.0947265625,0.025390625,0.029296875,174.0,41.0,13.0,15.0,187.0,56.0,195.0,19.849433241279208,1.1538461538461537,41.0,False,True,small,GF6_WFV_E131.8_N38.0_20200910_L1A1120034675-1,WFV,2020-09-10
GF6_WFV_E131.8_N38.0_20200910_L1A1120034675-1_9728_10752.png,1,2,0,0.41796875,0.5771484375,0.0234375,0.025390625,208.0,289.0,12.0,13.0,220.0,302.0,156.0,17.69180601295413,1.0833333333333333,208.0,False,True,small,GF6_WFV_E131.8_N38.0_20200910_L1A1120034675-1,WFV,2020-09-10
GF6_WFV_E131.8_N38.0_20200910_L1A1120034675-1_9728_11264.png,0,1,0,0.5810546875,0.236328125,0.029296875,0.03125,290.0,113.0,15.0,16.0,305.0,129.0,240.0,21.93171219946131,1.0666666666666667,113.0,False,True,small,GF6_WFV_E131.8_N38.0_20200910_L1A1120034675-1,WFV,2020-09-10
GF6_WFV_E131.8_N38.0_20200910_L1A1120034675-1_9728_11264.png,1,2,0,0.6591796875,0.373046875,0.033203125,0.02734375,329.0,184.0,17.0,14.0,346.0,198.0,238.0,22.02271554554524,1.2142857142857142,166.0,False,True,small,GF6_WFV_E131.8_N38.0_20200910_L1A1120034675-1,WFV,2020-09-10
GF6_WFV_E131.8_N38.0_20200910_L1A1120034675-2_0_15360.png,0,1,0,0.0322265625,0.83203125,0.033203125,0.02734375,8.0,419.0,17.0,14.0,25.0,433.0,238.0,22.02271554554524,1.2142857142857142,8.0,False,True,small,GF6_WFV_E131.8_N38.0_20200910_L1A1120034675-2,WFV,2020-09-10
GF6_WFV_E131.8_N38.0_20200910_L1A1120034675-2_0_15360.png,1,2,0,0.8971843003412969,0.6637305699481866,0.019624573378839605,0.025906735751295318,454.3344709897611,333.1979274611399,10.047781569965878,13.264248704663203,464.38225255972696,346.4621761658031,133.2762736741587,16.6402586571515,1.3201171435007866,47.617747440273035,False,True,small,GF6_WFV_E131.8_N38.0_20200910_L1A1120034675-2,WFV,2020-09-10
GF6_WFV_E131.8_N38.0_20200910_L1A1120034675-2_0_16773.png,0,1,0,0.6630859375,0.9765625,0.029296875,0.03125,332.0,492.0,15.0,16.0,347.0,508.0,240.0,21.93171219946131,1.0666666666666667,4.0,False,True,small,GF6_WFV_E131.8_N38.0_20200910_L1A1120034675-2,WFV,2020-09-10
GF6_WFV_E131.8_N38.0_20200910_L1A1120034675-2_0_16773.png,1,2,0,0.8771331058020477,0.4694300518134715,0.018771331058020535,0.020725388601036288,444.28668941979515,235.04248704663212,9.610921501706514,10.61139896373058,453.89761092150167,245.6538860103627,101.98532246370445,14.316829260678741,1.1040979745642934,58.102389078498334,False,True,small,GF6_WFV_E131.8_N38.0_20200910_L1A1120034675-2,WFV,2020-09-10
GF6_WFV_E131.8_N38.0_20200910_L1A1120034675-2_0_16896.png,0,1,0,0.66015625,0.7392578125,0.01953125,0.021484375,333.0,373.0,10.0,11.0,343.0,384.0,110.0,14.866068747318506,1.1,128.0,False,True,small,GF6_WFV_E131.8_N38.0_20200910_L1A1120034675-2,WFV,2020-09-10
GF6_WFV_E131.8_N38.0_20200910_L1A1120034675-2_0_16896.png,1,2,0,0.8767064846416381,0.22849740932642487,0.017918088737201354,0.025906735751295318,444.28668941979515,110.35854922279793,9.174061433447093,13.264248704663203,453.46075085324225,123.62279792746114,121.68703248510126,16.127730679913427,1.4458425857389585,58.539249146757754,False,True,small,GF6_WFV_E131.8_N38.0_20200910_L1A1120034675-2,WFV,2020-09-10
GF6_WFV_E131.8_N38.0_20200910_L1A1120034675-2_0_17285.png,0,1,0,0.8427734375,0.8974609375,0.029296875,0.025390625,424.0,453.0,15.0,13.0,439.0,466.0,195.0,19.849433241279208,1.1538461538461537,46.0,False,True,small,GF6_WFV_E131.8_N38.0_20200910_L1A1120034675-2,WFV,2020-09-10
GF6_WFV_E131.8_N38.0_20200910_L1A1120034675-2_0_17285.png,1,2,0,0.9248046875,0.888671875,0.029296875,0.015625,466.0,451.0,15.0,8.0,481.0,459.0,120.0,17.0,1.875,31.0,False,True,small,GF6_WFV_E131.8_N38.0_20200910_L1A1120034675-2,WFV,2020-09-10
GF6_WFV_E131.8_N38.0_20200910_L1A1120034675-2_0_17285.png,2,3,0,0.9453125,0.908203125,0.03515625,0.01953125,475.0,460.0,18.0,10.0,493.0,470.0,180.0,20.591260281974,1.8,19.0,False,True,small,GF6_WFV_E131.8_N38.0_20200910_L1A1120034675-2,WFV,2020-09-10
GF6_WFV_E131.8_N38.0_20200910_L1A1120034675-2_0_8192.png,0,1,0,0.1826171875,0.9296875,0.037109375,0.03125,84.0,468.0,19.0,16.0,103.0,484.0,304.0,24.839484696748443,1.1875,28.0,False,True,small,GF6_WFV_E131.8_N38.0_20200910_L1A1120034675-2,WFV,2020-09-10
GF6_WFV_E131.8_N38.0_20200910_L1A1120034675-2_1024_17285.png,0,1,0,0.2841796875,0.2919921875,0.041015625,0.033203125,135.0,141.0,21.0,17.0,156.0,158.0,357.0,27.018512172212592,1.2352941176470589,135.0,False,True,small,GF6_WFV_E131.8_N38.0_20200910_L1A1120034675-2,WFV,2020-09-10
GF6_WFV_E131.8_N38.0_20200910_L1A1120034675-2_1024_17285.png,1,2,0,0.1533203125,0.3193359375,0.033203125,0.041015625,70.0,153.0,17.0,21.0,87.0,174.0,357.0,27.018512172212592,1.2352941176470589,70.0,False,True,small,GF6_WFV_E131.8_N38.0_20200910_L1A1120034675-2,WFV,2020-09-10
GF6_WFV_E131.8_N38.0_20200910_L1A1120034675-2_1024_4608.png,0,1,0,0.595703125,0.9794921875,0.03515625,0.033203125,296.0,493.0,18.0,17.0,314.0,510.0,306.0,24.758836806279895,1.0588235294117647,2.0,False,True,small,GF6_WFV_E131.8_N38.0_20200910_L1A1120034675-2,WFV,2020-09-10
GF6_WFV_E131.8_N38.0_20200910_L1A1120034675-2_13312_4608.png,0,1,0,0.0205078125,0.2724609375,0.041015625,0.033203125,0.0,131.0,21.0,17.0,21.0,148.0,357.0,27.018512172212592,1.2352941176470589,0.0,True,True,small,GF6_WFV_E131.8_N38.0_20200910_L1A1120034675-2,WFV,2020-09-10
GF6_WFV_E131.8_N38.0_20200910_L1A1120034675-2_14848_15360.png,0,1,0,0.0439453125,0.35546875,0.037109375,0.03515625,13.0,173.0,19.0,18.0,32.0,191.0,342.0,26.1725046566048,1.0555555555555556,13.0,False,True,small,GF6_WFV_E131.8_N38.0_20200910_L1A1120034675-2,WFV,2020-09-10
GF6_WFV_E131.8_N38.0_20200910_L1A1120034675-2_15360_13824.png,0,1,0,0.009765625,0.2421875,0.01953125,0.03125,0.0,116.0,10.0,16.0,10.0,132.0,160.0,18.867962264113206,1.6,0.0,True,True,small,GF6_WFV_E131.8_N38.0_20200910_L1A1120034675-2,WFV,2020-09-10
GF6_WFV_E131.8_N38.0_20200910_L1A1120034675-2_1536_12800.png,0,1,0,0.3408203125,0.3603515625,0.044921875,0.025390625,163.0,178.0,23.0,13.0,186.0,191.0,299.0,26.419689627245813,1.7692307692307692,163.0,False,True,small,GF6_WFV_E131.8_N38.0_20200910_L1A1120034675-2,WFV,2020-09-10
GF6_WFV_E131.8_N38.0_20200910_L1A1120034675-2_16896_15872.png,0,1,0,0.5789249146757679,0.08341968911917098,0.04180887372013653,0.05077720207253886,285.7064846416382,29.711917098445596,21.406143344709903,25.997927461139895,307.1126279863481,55.70984455958549,556.5153618985306,33.67662698621939,1.214507772020725,29.711917098445596,False,True,small,GF6_WFV_E131.8_N38.0_20200910_L1A1120034675-2,WFV,2020-09-10
GF6_WFV_E131.8_N38.0_20200910_L1A1120034675-2_17408_15360.png,0,1,0,0.87109375,0.4404296875,0.03515625,0.033203125,437.0,217.0,18.0,17.0,455.0,234.0,306.0,24.758836806279895,1.0588235294117647,57.0,False,True,small,GF6_WFV_E131.8_N38.0_20200910_L1A1120034675-2,WFV,2020-09-10
GF6_WFV_E131.8_N38.0_20200910_L1A1120034675-2_17408_16384.png,0,1,0,0.533203125,0.013671875,0.046875,0.0234375,261.0,1.0,24.0,12.0,285.0,13.0,288.0,26.832815729997478,2.0,1.0,False,True,small,GF6_WFV_E131.8_N38.0_20200910_L1A1120034675-2,WFV,2020-09-10
GF6_WFV_E131.8_N38.0_20200910_L1A1120034675-2_18432_12288.png,0,1,0,0.904296875,0.8994140625,0.04296875,0.041015625,452.0,450.0,22.0,21.0,474.0,471.0,462.0,30.4138126514911,1.0476190476190477,38.0,False,True,small,GF6_WFV_E131.8_N38.0_20200910_L1A1120034675-2,WFV,2020-09-10
GF6_WFV_E131.8_N38.0_20200910_L1A1120034675-2_18432_14848.png,0,1,0,0.1748046875,0.572265625,0.048828125,0.04296875,77.0,282.0,25.0,22.0,102.0,304.0,550.0,33.301651610693426,1.1363636363636365,77.0,False,True,small,GF6_WFV_E131.8_N38.0_20200910_L1A1120034675-2,WFV,2020-09-10
GF6_WFV_E131.8_N38.0_20200910_L1A1120034675-2_18944_11264.png,0,1,0,0.505859375,0.986328125,0.02734375,0.02734375,252.0,498.0,14.0,14.0,266.0,512.0,196.0,19.79898987322333,1.0,0.0,True,True,small,GF6_WFV_E131.8_N38.0_20200910_L1A1120034675-2,WFV,2020-09-10
GF6_WFV_E131.8_N38.0_20200910_L1A1120034675-2_19456_12288.png,0,1,0,0.986328125,0.814453125,0.02734375,0.03125,498.0,409.0,14.0,16.0,512.0,425.0,224.0,21.2602916254693,1.1428571428571428,0.0,True,True,small,GF6_WFV_E131.8_N38.0_20200910_L1A1120034675-2,WFV,2020-09-10
GF6_WFV_E131.8_N38.0_20200910_L1A1120034675-2_19968_12800.png,0,1,0,0.39453125,0.435546875,0.03515625,0.02734375,193.0,216.0,18.0,14.0,211.0,230.0,252.0,22.80350850198276,1.2857142857142858,193.0,False,True,small,GF6_WFV_E131.8_N38.0_20200910_L1A1120034675-2,WFV,2020-09-10
GF6_WFV_E131.8_N38.0_20200910_L1A1120034675-2_20480_3072.png,0,1,0,0.9345703125,0.298828125,0.052734375,0.046875,465.0,141.0,27.0,24.0,492.0,165.0,648.0,36.124783736376884,1.125,20.0,False,True,small,GF6_WFV_E131.8_N38.0_20200910_L1A1120034675-2,WFV,2020-09-10
GF6_WFV_E131.8_N38.0_20200910_L1A1120034675-2_2048_14848.png,0,1,0,0.935546875,0.8974609375,0.03125,0.029296875,471.0,452.0,16.0,15.0,487.0,467.0,240.0,21.93171219946131,1.0666666666666667,25.0,False,True,small,GF6_WFV_E131.8_N38.0_20200910_L1A1120034675-2,WFV,2020-09-10
GF6_WFV_E131.8_N38.0_20200910_L1A1120034675-2_2048_2048.png,0,1,0,0.1748046875,0.1591796875,0.029296875,0.037109375,82.0,72.0,15.0,19.0,97.0,91.0,285.0,24.20743687382041,1.2666666666666666,72.0,False,True,small,GF6_WFV_E131.8_N38.0_20200910_L1A1120034675-2,WFV,2020-09-10
GF6_WFV_E131.8_N38.0_20200910_L1A1120034675-2_22928_9216.png,0,1,0,0.65234375,0.1982421875,0.05078125,0.048828125,321.0,89.0,26.0,25.0,347.0,114.0,650.0,36.069377593742864,1.04,89.0,False,True,small,GF6_WFV_E131.8_N38.0_20200910_L1A1120034675-2,WFV,2020-09-10
GF6_WFV_E131.8_N38.0_20200910_L1A1120034675-2_23440_13312.png,0,1,0,0.44140625,0.9462890625,0.046875,0.041015625,214.0,474.0,24.0,21.0,238.0,495.0,504.0,31.89043743820395,1.1428571428571428,17.0,False,True,small,GF6_WFV_E131.8_N38.0_20200910_L1A1120034675-2,WFV,2020-09-10
GF6_WFV_E131.8_N38.0_20200910_L1A1120034675-2_2560_10752.png,0,1,0,0.068359375,0.2119140625,0.03125,0.037109375,27.0,99.0,16.0,19.0,43.0,118.0,304.0,24.839484696748443,1.1875,27.0,False,True,small,GF6_WFV_E131.8_N38.0_20200910_L1A1120034675-2,WFV,2020-09-10
GF6_WFV_E131.8_N38.0_20200910_L1A1120034675-2_2560_10752.png,1,2,0,0.3232421875,0.6953125,0.029296875,0.0390625,158.0,346.0,15.0,20.0,173.0,366.0,300.0,25.0,1.3333333333333333,146.0,False,True,small,GF6_WFV_E131.8_N38.0_20200910_L1A1120034675-2,WFV,2020-09-10
GF6_WFV_E131.8_N38.0_20200910_L1A1120034675-2_2560_12800.png,0,1,0,0.5322265625,0.703125,0.068359375,0.03125,255.0,352.0,35.0,16.0,290.0,368.0,560.0,38.48376280978771,2.1875,144.0,False,True,small,GF6_WFV_E131.8_N38.0_20200910_L1A1120034675-2,WFV,2020-09-10
GF6_WFV_E131.8_N38.0_20200910_L1A1120034675-2_2560_13824.png,0,1,0,0.267578125,0.435546875,0.03515625,0.0234375,128.0,217.0,18.0,12.0,146.0,229.0,216.0,21.633307652783937,1.5,128.0,False,True,small,GF6_WFV_E131.8_N38.0_20200910_L1A1120034675-2,WFV,2020-09-10
GF6_WFV_E131.8_N38.0_20200910_L1A1120034675-2_2560_13824.png,1,2,0,0.578125,0.4375,0.03125,0.02734375,288.0,217.0,16.0,14.0,304.0,231.0,224.0,21.2602916254693,1.1428571428571428,208.0,False,True,small,GF6_WFV_E131.8_N38.0_20200910_L1A1120034675-2,WFV,2020-09-10
GF6_WFV_E131.8_N38.0_20200910_L1A1120034675-2_2560_13824.png,2,3,0,0.6279296875,0.384765625,0.025390625,0.0234375,315.0,191.0,13.0,12.0,328.0,203.0,156.0,17.69180601295413,1.0833333333333333,184.0,False,True,small,GF6_WFV_E131.8_N38.0_20200910_L1A1120034675-2,WFV,2020-09-10
GF6_WFV_E131.8_N38.0_20200910_L1A1120034675-2_2560_13824.png,3,4,0,0.9564846416382253,0.26735751295336785,0.04095563139931746,0.03937823834196891,479.23549488054607,126.8062176165803,20.96928327645054,20.16165803108808,500.2047781569966,146.9678756476684,422.77551857681,29.08957365948437,1.0400574815879304,11.79522184300339,False,True,small,GF6_WFV_E131.8_N38.0_20200910_L1A1120034675-2,WFV,2020-09-10
GF6_WFV_E131.8_N38.0_20200910_L1A1120034675-2_3072_12288.png,0,1,0,0.7119140625,0.3271484375,0.033203125,0.025390625,356.0,161.0,17.0,13.0,373.0,174.0,221.0,21.400934559032695,1.3076923076923077,139.0,False,True,small,GF6_WFV_E131.8_N38.0_20200910_L1A1120034675-2,WFV,2020-09-10
GF6_WFV_E131.8_N38.0_20200910_L1A1120034675-2_3072_12800.png,0,1,0,0.59375,0.1796875,0.046875,0.03125,292.0,84.0,24.0,16.0,316.0,100.0,384.0,28.844410203711913,1.5,84.0,False,True,small,GF6_WFV_E131.8_N38.0_20200910_L1A1120034675-2,WFV,2020-09-10
GF6_WFV_E131.8_N38.0_20200910_L1A1120034675-2_3072_14848.png,0,1,0,0.34765625,0.5263671875,0.03125,0.029296875,170.0,262.0,16.0,15.0,186.0,277.0,240.0,21.93171219946131,1.0666666666666667,170.0,False,True,small,GF6_WFV_E131.8_N38.0_20200910_L1A1120034675-2,WFV,2020-09-10
GF6_WFV_E131.8_N38.0_20200910_L1A1120034675-2_4096_17285.png,0,1,0,0.08984375,0.56640625,0.02734375,0.04296875,39.0,279.0,14.0,22.0,53.0,301.0,308.0,26.076809620810597,1.5714285714285714,39.0,False,True,small,GF6_WFV_E131.8_N38.0_20200910_L1A1120034675-2,WFV,2020-09-10
GF6_WFV_E131.8_N38.0_20200910_L1A1120034675-2_4608_16384.png,0,1,0,0.1806640625,0.2666015625,0.048828125,0.048828125,80.0,124.0,25.0,25.0,105.0,149.0,625.0,35.35533905932738,1.0,80.0,False,True,small,GF6_WFV_E131.8_N38.0_20200910_L1A1120034675-2,WFV,2020-09-10
GF6_WFV_E131.8_N38.0_20200910_L1A1120034675-2_4608_16384.png,1,2,0,0.06640625,0.4814453125,0.0234375,0.021484375,28.0,241.0,12.0,11.0,40.0,252.0,132.0,16.278820596099706,1.0909090909090908,28.0,False,True,small,GF6_WFV_E131.8_N38.0_20200910_L1A1120034675-2,WFV,2020-09-10
GF6_WFV_E131.8_N38.0_20200910_L1A1120034675-2_4608_16384.png,2,3,0,0.12890625,0.46875,0.02734375,0.0234375,59.0,234.0,14.0,12.0,73.0,246.0,168.0,18.439088914585774,1.1666666666666667,59.0,False,True,small,GF6_WFV_E131.8_N38.0_20200910_L1A1120034675-2,WFV,2020-09-10
GF6_WFV_E131.8_N38.0_20200910_L1A1120034675-2_4608_16773.png,0,1,0,0.921875,0.8896484375,0.0390625,0.048828125,462.0,443.0,20.0,25.0,482.0,468.0,500.0,32.01562118716424,1.25,30.0,False,True,small,GF6_WFV_E131.8_N38.0_20200910_L1A1120034675-2,WFV,2020-09-10
GF6_WFV_E131.8_N38.0_20200910_L1A1120034675-2_4608_16896.png,0,1,0,0.921875,0.650390625,0.03515625,0.05078125,463.0,320.0,18.0,26.0,481.0,346.0,468.0,31.622776601683793,1.4444444444444444,31.0,False,True,small,GF6_WFV_E131.8_N38.0_20200910_L1A1120034675-2,WFV,2020-09-10
GF6_WFV_E131.8_N38.0_20200910_L1A1120034675-2_4608_6144.png,0,1,0,0.8784129692832765,0.5642487046632125,0.019624573378839494,0.021761658031088094,444.7235494880547,283.3243523316063,10.04778156996582,11.141968911917104,454.7713310580205,294.4663212435234,111.9520698862928,15.003379143108797,1.1088984005406683,57.22866894197949,False,True,small,GF6_WFV_E131.8_N38.0_20200910_L1A1120034675-2,WFV,2020-09-10
GF6_WFV_E131.8_N38.0_20200910_L1A1120034675-2_4608_6656.png,0,1,0,0.7568359375,0.6015625,0.033203125,0.03515625,379.0,299.0,17.0,18.0,396.0,317.0,306.0,24.758836806279895,1.0588235294117647,116.0,False,True,small,GF6_WFV_E131.8_N38.0_20200910_L1A1120034675-2,WFV,2020-09-10
GF6_WFV_E131.8_N38.0_20200910_L1A1120034675-2_5120_10240.png,0,1,0,0.634765625,0.265625,0.04296875,0.0546875,314.0,122.0,22.0,28.0,336.0,150.0,616.0,35.608987629529715,1.2727272727272727,122.0,False,True,small,GF6_WFV_E131.8_N38.0_20200910_L1A1120034675-2,WFV,2020-09-10
GF6_WFV_E131.8_N38.0_20200910_L1A1120034675-2_5120_13312.png,0,1,0,0.560546875,0.9833984375,0.0390625,0.033203125,277.0,495.0,20.0,17.0,297.0,512.0,340.0,26.248809496813376,1.1764705882352942,0.0,True,True,small,GF6_WFV_E131.8_N38.0_20200910_L1A1120034675-2,WFV,2020-09-10
GF6_WFV_E131.8_N38.0_20200910_L1A1120034675-2_5120_14336.png,0,1,0,0.330078125,0.529296875,0.02734375,0.0390625,162.0,261.0,14.0,20.0,176.0,281.0,280.0,24.413111231467404,1.4285714285714286,162.0,False,True,small,GF6_WFV_E131.8_N38.0_20200910_L1A1120034675-2,WFV,2020-09-10
GF6_WFV_E131.8_N38.0_20200910_L1A1120034675-2_512_16896.png,0,1,0,0.2666015625,0.9736328125,0.025390625,0.025390625,130.0,492.0,13.0,13.0,143.0,505.0,169.0,18.384776310850235,1.0,7.0,False,True,small,GF6_WFV_E131.8_N38.0_20200910_L1A1120034675-2,WFV,2020-09-10
GF6_WFV_E131.8_N38.0_20200910_L1A1120034675-2_512_17285.png,0,1,0,0.2685546875,0.2119140625,0.029296875,0.025390625,130.0,102.0,15.0,13.0,145.0,115.0,195.0,19.849433241279208,1.1538461538461537,102.0,False,True,small,GF6_WFV_E131.8_N38.0_20200910_L1A1120034675-2,WFV,2020-09-10
GF6_WFV_E131.8_N38.0_20200910_L1A1120034675-2_512_17285.png,1,2,0,0.0390625,0.8857421875,0.02734375,0.017578125,13.0,449.0,14.0,9.0,27.0,458.0,126.0,16.64331697709324,1.5555555555555556,13.0,False,True,small,GF6_WFV_E131.8_N38.0_20200910_L1A1120034675-2,WFV,2020-09-10
GF6_WFV_E131.8_N38.0_20200910_L1A1120034675-2_512_17285.png,2,3,0,0.1767578125,0.826171875,0.033203125,0.0234375,82.0,417.0,17.0,12.0,99.0,429.0,204.0,20.808652046684813,1.4166666666666667,82.0,False,True,small,GF6_WFV_E131.8_N38.0_20200910_L1A1120034675-2,WFV,2020-09-10
GF6_WFV_E131.8_N38.0_20200910_L1A1120034675-2_5632_16384.png,0,1,0,0.28515625,0.912109375,0.046875,0.05078125,134.0,454.0,24.0,26.0,158.0,480.0,624.0,35.38361202590826,1.0833333333333333,32.0,False,True,small,GF6_WFV_E131.8_N38.0_20200910_L1A1120034675-2,WFV,2020-09-10
GF6_WFV_E131.8_N38.0_20200910_L1A1120034675-2_5632_16384.png,1,2,0,0.8359375,0.2822265625,0.05859375,0.052734375,413.0,131.0,30.0,27.0,443.0,158.0,810.0,40.36087214122113,1.1111111111111112,69.0,False,True,small,GF6_WFV_E131.8_N38.0_20200910_L1A1120034675-2,WFV,2020-09-10
GF6_WFV_E131.8_N38.0_20200910_L1A1120034675-2_5632_16773.png,0,1,0,0.291015625,0.1484375,0.03515625,0.05078125,140.0,63.0,18.0,26.0,158.0,89.0,468.0,31.622776601683793,1.4444444444444444,63.0,False,True,small,GF6_WFV_E131.8_N38.0_20200910_L1A1120034675-2,WFV,2020-09-10
GF6_WFV_E131.8_N38.0_20200910_L1A1120034675-2_6144_10752.png,0,1,0,0.6943359375,0.06640625,0.029296875,0.0390625,348.0,24.0,15.0,20.0,363.0,44.0,300.0,25.0,1.3333333333333333,24.0,False,True,small,GF6_WFV_E131.8_N38.0_20200910_L1A1120034675-2,WFV,2020-09-10
GF6_WFV_E131.8_N38.0_20200910_L1A1120034675-2_6656_2048.png,0,1,0,0.068359375,0.7939453125,0.03125,0.029296875,27.0,399.0,16.0,15.0,43.0,414.0,240.0,21.93171219946131,1.0666666666666667,27.0,False,True,small,GF6_WFV_E131.8_N38.0_20200910_L1A1120034675-2,WFV,2020-09-10
GF6_WFV_E131.8_N38.0_20200910_L1A1120034675-2_8192_7168.png,0,1,0,0.662109375,0.3291015625,0.0625,0.025390625,323.0,162.0,32.0,13.0,355.0,175.0,416.0,34.539832078341085,2.4615384615384617,157.0,False,True,small,GF6_WFV_E131.8_N38.0_20200910_L1A1120034675-2,WFV,2020-09-10
GF6_WFV_E131.8_N38.0_20200910_L1A1120034675-2_8704_7168.png,0,1,0,0.7109375,0.921875,0.03515625,0.03515625,355.0,463.0,18.0,18.0,373.0,481.0,324.0,25.45584412271571,1.0,31.0,False,True,small,GF6_WFV_E131.8_N38.0_20200910_L1A1120034675-2,WFV,2020-09-10
GF6_WFV_E131.8_N38.0_20200910_L1A1120034675-2_8704_7168.png,1,2,0,0.716796875,0.978515625,0.03125,0.03515625,359.0,492.0,16.0,18.0,375.0,510.0,288.0,24.08318915758459,1.125,2.0,False,True,small,GF6_WFV_E131.8_N38.0_20200910_L1A1120034675-2,WFV,2020-09-10
GF6_WFV_E131.8_N38.0_20200910_L1A1120034675-2_8704_7680.png,0,1,0,0.62109375,0.2490234375,0.03515625,0.041015625,309.0,117.0,18.0,21.0,327.0,138.0,378.0,27.65863337187866,1.1666666666666667,117.0,False,True,small,GF6_WFV_E131.8_N38.0_20200910_L1A1120034675-2,WFV,2020-09-10
GF6_WFV_E131.8_N38.0_20200910_L1A1120034675-2_8704_7680.png,1,2,0,0.6337890625,0.30078125,0.029296875,0.0390625,317.0,144.0,15.0,20.0,332.0,164.0,300.0,25.0,1.3333333333333333,144.0,False,True,small,GF6_WFV_E131.8_N38.0_20200910_L1A1120034675-2,WFV,2020-09-10
GF6_WFV_E131.8_N38.0_20200910_L1A1120034675-2_8704_7680.png,2,3,0,0.642578125,0.5126953125,0.0390625,0.048828125,319.0,250.0,20.0,25.0,339.0,275.0,500.0,32.01562118716424,1.25,173.0,False,True,small,GF6_WFV_E131.8_N38.0_20200910_L1A1120034675-2,WFV,2020-09-10
GF6_WFV_E131.8_N38.0_20200910_L1A1120034675-2_8704_7680.png,3,4,0,0.650390625,0.6064453125,0.03515625,0.044921875,324.0,299.0,18.0,23.0,342.0,322.0,414.0,29.206163733020468,1.2777777777777777,170.0,False,True,small,GF6_WFV_E131.8_N38.0_20200910_L1A1120034675-2,WFV,2020-09-10
GF6_WFV_E131.8_N38.0_20200910_L1A1120034675-3_11264_3072.png,0,1,0,0.74609375,0.91015625,0.03125,0.0390625,374.0,456.0,16.0,20.0,390.0,476.0,320.0,25.612496949731394,1.25,36.0,False,True,small,GF6_WFV_E131.8_N38.0_20200910_L1A1120034675-3,WFV,2020-09-10
GF6_WFV_E131.8_N38.0_20200910_L1A1120034675-3_11281_3072.png,0,1,0,0.71484375,0.9091796875,0.0390625,0.037109375,356.0,456.0,20.0,19.0,376.0,475.0,380.0,27.586228448267445,1.0526315789473684,37.0,False,True,small,GF6_WFV_E131.8_N38.0_20200910_L1A1120034675-3,WFV,2020-09-10
GF6_WFV_E131.8_N38.0_20200910_L1A1120034675-3_1536_5120.png,0,1,0,0.0126953125,0.3740234375,0.025390625,0.052734375,0.0,178.0,13.0,27.0,13.0,205.0,351.0,29.966648127543394,2.076923076923077,0.0,True,True,small,GF6_WFV_E131.8_N38.0_20200910_L1A1120034675-3,WFV,2020-09-10
GF6_WFV_E131.8_N38.0_20200910_L1A1120034675-3_2560_7168.png,0,1,0,0.1787109375,0.1337890625,0.056640625,0.056640625,77.0,54.0,29.0,29.0,106.0,83.0,841.0,41.012193308819754,1.0,54.0,False,True,small,GF6_WFV_E131.8_N38.0_20200910_L1A1120034675-3,WFV,2020-09-10
GF6_WFV_E131.8_N38.0_20200910_L1A1120034675-3_2560_9216.png,0,1,0,0.068359375,0.1953125,0.0390625,0.0390625,25.0,90.0,20.0,20.0,45.0,110.0,400.0,28.284271247461902,1.0,25.0,False,True,small,GF6_WFV_E131.8_N38.0_20200910_L1A1120034675-3,WFV,2020-09-10
GF6_WFV_E131.8_N38.0_20200910_L1A1120034675-3_5120_0.png,0,1,0,0.3740234375,0.212890625,0.056640625,0.046875,177.0,97.0,29.0,24.0,206.0,121.0,696.0,37.64306044943742,1.2083333333333333,97.0,False,True,small,GF6_WFV_E131.8_N38.0_20200910_L1A1120034675-3,WFV,2020-09-10
GF6_WFV_E131.8_N38.0_20200910_L1A1120034675-3_5632_2048.png,0,1,0,0.53515625,0.5986328125,0.0390625,0.048828125,264.0,294.0,20.0,25.0,284.0,319.0,500.0,32.01562118716424,1.25,193.0,False,True,small,GF6_WFV_E131.8_N38.0_20200910_L1A1120034675-3,WFV,2020-09-10
GF6_WFV_E131.9_N22.4_20190604_L1A1119887740-1_2048_10752.png,0,1,0,0.9404296875,0.9658203125,0.048828125,0.048828125,469.0,482.0,25.0,25.0,494.0,507.0,625.0,35.35533905932738,1.0,5.0,False,True,small,GF6_WFV_E131.9_N22.4_20190604_L1A1119887740-1,WFV,2019-06-04
GF6_WFV_E131.9_N22.4_20190604_L1A1119887740-1_5120_0.png,0,1,0,0.1787109375,0.63671875,0.041015625,0.0390625,81.0,316.0,21.0,20.0,102.0,336.0,420.0,29.0,1.05,81.0,False,True,small,GF6_WFV_E131.9_N22.4_20190604_L1A1119887740-1,WFV,2019-06-04
GF6_WFV_E131.9_N22.4_20190604_L1A1119887740-1_5120_1536.png,0,1,0,0.853515625,0.44921875,0.04296875,0.03125,426.0,222.0,22.0,16.0,448.0,238.0,352.0,27.202941017470888,1.375,64.0,False,True,small,GF6_WFV_E131.9_N22.4_20190604_L1A1119887740-1,WFV,2019-06-04
GF6_WFV_E131.9_N22.4_20190604_L1A1119887740-2_17408_2560.png,0,1,0,0.3974609375,0.48828125,0.037109375,0.046875,194.0,238.0,19.0,24.0,213.0,262.0,456.0,30.610455730027933,1.263157894736842,194.0,False,True,small,GF6_WFV_E131.9_N22.4_20190604_L1A1119887740-2,WFV,2019-06-04
GF6_WFV_E131.9_N22.4_20190604_L1A1119887740-2_21904_3072.png,0,1,0,0.2255859375,0.5478515625,0.060546875,0.052734375,100.0,267.0,31.0,27.0,131.0,294.0,837.0,41.10960958218893,1.1481481481481481,100.0,False,True,small,GF6_WFV_E131.9_N22.4_20190604_L1A1119887740-2,WFV,2019-06-04
GF6_WFV_E131.9_N22.4_20190604_L1A1119887740-2_22016_3072.png,0,1,0,0.0146484375,0.544921875,0.029296875,0.046875,0.0,267.0,15.0,24.0,15.0,291.0,360.0,28.30194339616981,1.6,0.0,True,True,small,GF6_WFV_E131.9_N22.4_20190604_L1A1119887740-2,WFV,2019-06-04
GF6_WFV_E131.9_N22.4_20190604_L1A1119887740-2_3584_10240.png,0,1,0,0.1005859375,0.8837890625,0.044921875,0.033203125,40.0,444.0,23.0,17.0,63.0,461.0,391.0,28.600699292150182,1.3529411764705883,40.0,False,True,small,GF6_WFV_E131.9_N22.4_20190604_L1A1119887740-2,WFV,2019-06-04
GF6_WFV_E131.9_N22.4_20190604_L1A1119887740-2_9728_11264.png,0,1,0,0.0419921875,0.42578125,0.041015625,0.05859375,11.0,203.0,21.0,30.0,32.0,233.0,630.0,36.61966684720111,1.4285714285714286,11.0,False,True,small,GF6_WFV_E131.9_N22.4_20190604_L1A1119887740-2,WFV,2019-06-04
GF6_WFV_E131.9_N22.4_20190604_L1A1119887740-3_3072_4096.png,0,1,0,0.4228515625,0.1748046875,0.033203125,0.029296875,208.0,82.0,17.0,15.0,225.0,97.0,255.0,22.67156809750927,1.1333333333333333,82.0,False,True,small,GF6_WFV_E131.9_N22.4_20190604_L1A1119887740-3,WFV,2019-06-04
GF6_WFV_E131.9_N22.4_20190604_L1A1119887740-3_8192_9728.png,0,1,0,0.982421875,0.810546875,0.03515625,0.05078125,494.0,402.0,18.0,26.0,512.0,428.0,468.0,31.622776601683793,1.4444444444444444,0.0,True,True,small,GF6_WFV_E131.9_N22.4_20190604_L1A1119887740-3,WFV,2019-06-04
GF6_WFV_E131.9_N26.9_20190523_L1A1119882283-1_0_14336.png,0,1,0,0.8310546875,0.185546875,0.041015625,0.04296875,415.0,84.0,21.0,22.0,436.0,106.0,462.0,30.4138126514911,1.0476190476190477,76.0,False,True,small,GF6_WFV_E131.9_N26.9_20190523_L1A1119882283-1,WFV,2019-05-23
GF6_WFV_E131.9_N26.9_20190523_L1A1119882283-1_0_16777.png,0,1,0,0.25,0.6025390625,0.0390625,0.029296875,118.0,301.0,20.0,15.0,138.0,316.0,300.0,25.0,1.3333333333333333,118.0,False,True,small,GF6_WFV_E131.9_N26.9_20190523_L1A1119882283-1,WFV,2019-05-23
GF6_WFV_E131.9_N26.9_20190523_L1A1119882283-1_0_16777.png,1,2,0,0.982421875,0.6904296875,0.03515625,0.029296875,494.0,346.0,18.0,15.0,512.0,361.0,270.0,23.430749027719962,1.2,0.0,True,True,small,GF6_WFV_E131.9_N26.9_20190523_L1A1119882283-1,WFV,2019-05-23
GF6_WFV_E131.9_N26.9_20190523_L1A1119882283-1_0_16896.png,0,1,0,0.2509765625,0.3701171875,0.037109375,0.029296875,119.0,182.0,19.0,15.0,138.0,197.0,285.0,24.20743687382041,1.2666666666666666,119.0,False,True,small,GF6_WFV_E131.9_N26.9_20190523_L1A1119882283-1,WFV,2019-05-23
GF6_WFV_E131.9_N26.9_20190523_L1A1119882283-1_0_16896.png,1,2,0,0.9814453125,0.458984375,0.037109375,0.02734375,493.0,228.0,19.0,14.0,512.0,242.0,266.0,23.600847442411894,1.3571428571428572,0.0,True,True,small,GF6_WFV_E131.9_N26.9_20190523_L1A1119882283-1,WFV,2019-05-23
GF6_WFV_E131.9_N26.9_20190523_L1A1119882283-1_1024_13824.png,0,1,0,0.5648464163822525,0.05233160621761658,0.027303754266211566,0.021761658031088087,282.21160409556313,21.222797927461137,13.979522184300322,11.1419689119171,296.19112627986345,32.364766839378234,155.75940158092962,17.876535227371996,1.2546725174711504,21.222797927461137,False,True,small,GF6_WFV_E131.9_N26.9_20190523_L1A1119882283-1,WFV,2019-05-23
GF6_WFV_E131.9_N26.9_20190523_L1A1119882283-1_1536_13824.png,0,1,0,0.1328125,0.3115234375,0.03515625,0.033203125,59.0,151.0,18.0,17.0,77.0,168.0,306.0,24.758836806279895,1.0588235294117647,59.0,False,True,small,GF6_WFV_E131.9_N26.9_20190523_L1A1119882283-1,WFV,2019-05-23
GF6_WFV_E131.9_N26.9_20190523_L1A1119882283-1_1536_13824.png,1,2,0,0.30631399317406144,0.5207253886010363,0.022184300341296925,0.021761658031088094,151.15358361774744,261.0404145077721,11.358361774744026,11.141968911917104,162.51194539249147,272.1823834196892,126.55451378450552,15.91087217722817,1.0194214204453107,151.15358361774744,False,True,small,GF6_WFV_E131.9_N26.9_20190523_L1A1119882283-1,WFV,2019-05-23
GF6_WFV_E131.9_N26.9_20190523_L1A1119882283-1_1536_16896.png,0,1,0,0.5486348122866894,0.7098445595854922,0.03242320819112621,0.02901554404145079,272.6006825938567,356.0124352331606,16.600682593856618,14.855958549222805,289.2013651877133,370.8683937823834,246.61905250313845,22.27739138674455,1.117442710872742,141.1316062176166,False,True,small,GF6_WFV_E131.9_N26.9_20190523_L1A1119882283-1,WFV,2019-05-23
GF6_WFV_E131.9_N26.9_20190523_L1A1119882283-1_2048_12288.png,0,1,0,0.0908203125,0.53125,0.041015625,0.05078125,36.0,259.0,21.0,26.0,57.0,285.0,546.0,33.421549934136806,1.2380952380952381,36.0,False,True,small,GF6_WFV_E131.9_N26.9_20190523_L1A1119882283-1,WFV,2019-05-23
GF6_WFV_E131.9_N26.9_20190523_L1A1119882283-1_2048_13312.png,0,1,0,0.712890625,0.5966796875,0.03515625,0.041015625,356.0,295.0,18.0,21.0,374.0,316.0,378.0,27.65863337187866,1.1666666666666667,138.0,False,True,small,GF6_WFV_E131.9_N26.9_20190523_L1A1119882283-1,WFV,2019-05-23
GF6_WFV_E131.9_N26.9_20190523_L1A1119882283-1_2048_16384.png,0,1,0,0.8623046875,0.625,0.029296875,0.0390625,434.0,310.0,15.0,20.0,449.0,330.0,300.0,25.0,1.3333333333333333,63.0,False,True,small,GF6_WFV_E131.9_N26.9_20190523_L1A1119882283-1,WFV,2019-05-23
GF6_WFV_E131.9_N26.9_20190523_L1A1119882283-1_2048_16384.png,1,2,0,0.4658203125,0.806640625,0.025390625,0.0234375,232.0,407.0,13.0,12.0,245.0,419.0,156.0,17.69180601295413,1.0833333333333333,93.0,False,True,small,GF6_WFV_E131.9_N26.9_20190523_L1A1119882283-1,WFV,2019-05-23
GF6_WFV_E131.9_N26.9_20190523_L1A1119882283-1_2048_17289.png,0,1,0,0.419921875,0.44140625,0.03125,0.03515625,207.0,217.0,16.0,18.0,223.0,235.0,288.0,24.08318915758459,1.125,207.0,False,True,small,GF6_WFV_E131.9_N26.9_20190523_L1A1119882283-1,WFV,2019-05-23
GF6_WFV_E131.9_N26.9_20190523_L1A1119882283-1_2560_16384.png,0,1,0,0.947265625,0.53515625,0.03515625,0.0390625,476.0,264.0,18.0,20.0,494.0,284.0,360.0,26.90724809414742,1.1111111111111112,18.0,False,True,small,GF6_WFV_E131.9_N26.9_20190523_L1A1119882283-1,WFV,2019-05-23
GF6_WFV_E131.9_N26.9_20190523_L1A1119882283-1_2560_16777.png,0,1,0,0.373046875,0.5390625,0.046875,0.0390625,179.0,266.0,24.0,20.0,203.0,286.0,480.0,31.240998703626616,1.2,179.0,False,True,small,GF6_WFV_E131.9_N26.9_20190523_L1A1119882283-1,WFV,2019-05-23
GF6_WFV_E131.9_N26.9_20190523_L1A1119882283-1_2560_16896.png,0,1,0,0.37109375,0.30859375,0.0546875,0.03515625,176.0,149.0,28.0,18.0,204.0,167.0,504.0,33.28663395418648,1.5555555555555556,149.0,False,True,small,GF6_WFV_E131.9_N26.9_20190523_L1A1119882283-1,WFV,2019-05-23
GF6_WFV_E131.9_N26.9_20190523_L1A1119882283-1_3584_13824.png,0,1,0,0.9560546875,0.0166015625,0.041015625,0.033203125,479.0,0.0,21.0,17.0,500.0,17.0,357.0,27.018512172212592,1.2352941176470589,0.0,True,True,small,GF6_WFV_E131.9_N26.9_20190523_L1A1119882283-1,WFV,2019-05-23
GF6_WFV_E131.9_N26.9_20190523_L1A1119882283-1_3584_15872.png,0,1,0,0.5751953125,0.63671875,0.056640625,0.0546875,280.0,312.0,29.0,28.0,309.0,340.0,812.0,40.311288741492746,1.0357142857142858,172.0,False,True,small,GF6_WFV_E131.9_N26.9_20190523_L1A1119882283-1,WFV,2019-05-23
GF6_WFV_E131.9_N26.9_20190523_L1A1119882283-1_5120_7680.png,0,1,0,0.2587890625,0.2392578125,0.052734375,0.052734375,119.0,109.0,27.0,27.0,146.0,136.0,729.0,38.18376618407357,1.0,109.0,False,True,small,GF6_WFV_E131.9_N26.9_20190523_L1A1119882283-1,WFV,2019-05-23
GF6_WFV_E131.9_N26.9_20190523_L1A1119882283-1_5632_7168.png,0,1,0,0.650390625,0.8857421875,0.03515625,0.041015625,324.0,443.0,18.0,21.0,342.0,464.0,378.0,27.65863337187866,1.1666666666666667,48.0,False,True,small,GF6_WFV_E131.9_N26.9_20190523_L1A1119882283-1,WFV,2019-05-23
GF6_WFV_E131.9_N26.9_20190523_L1A1119882283-1_6144_3072.png,0,1,0,0.640625,0.5009765625,0.0546875,0.060546875,314.0,241.0,28.0,31.0,342.0,272.0,868.0,41.773197148410844,1.1071428571428572,170.0,False,True,small,GF6_WFV_E131.9_N26.9_20190523_L1A1119882283-1,WFV,2019-05-23
GF6_WFV_E131.9_N26.9_20190523_L1A1119882283-1_6144_7168.png,0,1,0,0.400390625,0.724609375,0.05078125,0.0546875,192.0,357.0,26.0,28.0,218.0,385.0,728.0,38.2099463490856,1.0769230769230769,127.0,False,True,small,GF6_WFV_E131.9_N26.9_20190523_L1A1119882283-1,WFV,2019-05-23
GF6_WFV_E131.9_N26.9_20190523_L1A1119882283-1_6656_5120.png,0,1,0,0.634765625,0.9404296875,0.0546875,0.056640625,311.0,467.0,28.0,29.0,339.0,496.0,812.0,40.311288741492746,1.0357142857142858,16.0,False,True,small,GF6_WFV_E131.9_N26.9_20190523_L1A1119882283-1,WFV,2019-05-23
GF6_WFV_E131.9_N26.9_20190523_L1A1119882283-1_6656_5120.png,1,2,0,0.9619140625,0.2041015625,0.025390625,0.025390625,486.0,98.0,13.0,13.0,499.0,111.0,169.0,18.384776310850235,1.0,13.0,False,True,small,GF6_WFV_E131.9_N26.9_20190523_L1A1119882283-1,WFV,2019-05-23
GF6_WFV_E131.9_N26.9_20190523_L1A1119882283-1_8704_0.png,0,1,0,0.04296875,0.2646484375,0.04296875,0.052734375,11.0,122.0,22.0,27.0,33.0,149.0,594.0,34.828149534535996,1.2272727272727273,11.0,False,True,small,GF6_WFV_E131.9_N26.9_20190523_L1A1119882283-1,WFV,2019-05-23
GF6_WFV_E131.9_N26.9_20190523_L1A1119882283-1_8704_1536.png,0,1,0,0.451171875,0.9443359375,0.03515625,0.037109375,222.0,474.0,18.0,19.0,240.0,493.0,342.0,26.1725046566048,1.0555555555555556,19.0,False,True,small,GF6_WFV_E131.9_N26.9_20190523_L1A1119882283-1,WFV,2019-05-23
GF6_WFV_E131.9_N26.9_20190523_L1A1119882283-1_8704_7680.png,0,1,0,0.12890625,0.75390625,0.05078125,0.05859375,53.0,371.0,26.0,30.0,79.0,401.0,780.0,39.698866482558415,1.1538461538461537,53.0,False,True,small,GF6_WFV_E131.9_N26.9_20190523_L1A1119882283-1,WFV,2019-05-23
GF6_WFV_E131.9_N26.9_20190523_L1A1119882283-1_9728_11776.png,0,1,0,0.0869140625,0.7509765625,0.052734375,0.056640625,31.0,370.0,27.0,29.0,58.0,399.0,783.0,39.6232255123179,1.0740740740740742,31.0,False,True,small,GF6_WFV_E131.9_N26.9_20190523_L1A1119882283-1,WFV,2019-05-23
GF6_WFV_E131.9_N26.9_20190523_L1A1119882283-2_15360_13824.png,0,1,0,0.2294921875,0.490234375,0.060546875,0.05078125,102.0,238.0,31.0,26.0,133.0,264.0,806.0,40.45985664828782,1.1923076923076923,102.0,False,True,small,GF6_WFV_E131.9_N26.9_20190523_L1A1119882283-2,WFV,2019-05-23
GF6_WFV_E131.9_N26.9_20190523_L1A1119882283-2_1536_10240.png,0,1,0,0.1201171875,0.8115234375,0.044921875,0.052734375,50.0,402.0,23.0,27.0,73.0,429.0,621.0,35.4682957019364,1.173913043478261,50.0,False,True,small,GF6_WFV_E131.9_N26.9_20190523_L1A1119882283-2,WFV,2019-05-23
GF6_WFV_E131.9_N26.9_20190523_L1A1119882283-2_2048_0.png,0,1,0,0.7080078125,0.7880859375,0.044921875,0.044921875,351.0,392.0,23.0,23.0,374.0,415.0,529.0,32.526911934581186,1.0,97.0,False,True,small,GF6_WFV_E131.9_N26.9_20190523_L1A1119882283-2,WFV,2019-05-23
GF6_WFV_E131.9_N26.9_20190523_L1A1119882283-2_3584_7168.png,0,1,0,0.396484375,0.5732421875,0.0625,0.044921875,187.0,282.0,32.0,23.0,219.0,305.0,736.0,39.408120990476064,1.391304347826087,187.0,False,True,small,GF6_WFV_E131.9_N26.9_20190523_L1A1119882283-2,WFV,2019-05-23
GF6_WFV_E131.9_N26.9_20190523_L1A1119882283-2_512_5632.png,0,1,0,0.67578125,0.0400390625,0.04296875,0.048828125,335.0,8.0,22.0,25.0,357.0,33.0,550.0,33.301651610693426,1.1363636363636365,8.0,False,True,small,GF6_WFV_E131.9_N26.9_20190523_L1A1119882283-2,WFV,2019-05-23
GF6_WFV_E131.9_N26.9_20190523_L1A1119882283-2_6144_6656.png,0,1,0,0.09375,0.4912109375,0.0625,0.052734375,32.0,238.0,32.0,27.0,64.0,265.0,864.0,41.86884283091664,1.1851851851851851,32.0,False,True,small,GF6_WFV_E131.9_N26.9_20190523_L1A1119882283-2,WFV,2019-05-23
GF6_WFV_E131.9_N26.9_20190523_L1A1119882283-3_3072_2048.png,0,1,0,0.90234375,0.7607421875,0.0546875,0.044921875,448.0,378.0,28.0,23.0,476.0,401.0,644.0,36.235341863986875,1.2173913043478262,36.0,False,True,small,GF6_WFV_E131.9_N26.9_20190523_L1A1119882283-3,WFV,2019-05-23
GF6_WFV_E132.0_N24.7_20200530_L1A1120002373-1_12928_8192.png,0,1,0,0.2685546875,0.9501953125,0.041015625,0.033203125,127.0,478.0,21.0,17.0,148.0,495.0,357.0,27.018512172212592,1.2352941176470589,17.0,False,True,small,GF6_WFV_E132.0_N24.7_20200530_L1A1120002373-1,WFV,2020-05-30
GF6_WFV_E132.0_N24.7_20200530_L1A1120002373-2_20480_7168.png,0,1,0,0.5703125,0.779296875,0.05078125,0.0546875,279.0,385.0,26.0,28.0,305.0,413.0,728.0,38.2099463490856,1.0769230769230769,99.0,False,True,small,GF6_WFV_E132.0_N24.7_20200530_L1A1120002373-2,WFV,2020-05-30
GF6_WFV_E132.0_N24.7_20200530_L1A1120002373-2_9216_16777.png,0,1,0,0.23828125,0.5595703125,0.04296875,0.041015625,111.0,276.0,22.0,21.0,133.0,297.0,462.0,30.4138126514911,1.0476190476190477,111.0,False,True,small,GF6_WFV_E132.0_N24.7_20200530_L1A1120002373-2,WFV,2020-05-30
GF6_WFV_E132.0_N24.7_20200530_L1A1120002373-2_9216_16896.png,0,1,0,0.2392578125,0.3251953125,0.041015625,0.044921875,112.0,155.0,21.0,23.0,133.0,178.0,483.0,31.144823004794873,1.0952380952380953,112.0,False,True,small,GF6_WFV_E132.0_N24.7_20200530_L1A1120002373-2,WFV,2020-05-30
GF6_WFV_E132.0_N26.9_20190302_L1A1119852268-1_0_14848.png,0,1,0,0.7578125,0.29296875,0.03125,0.03125,380.0,142.0,16.0,16.0,396.0,158.0,256.0,22.627416997969522,1.0,116.0,False,True,small,GF6_WFV_E132.0_N26.9_20190302_L1A1119852268-1,WFV,2019-03-02
GF6_WFV_E132.0_N26.9_20190302_L1A1119852268-1_0_15872.png,0,1,0,0.3349609375,0.27734375,0.037109375,0.03125,162.0,134.0,19.0,16.0,181.0,150.0,304.0,24.839484696748443,1.1875,134.0,False,True,small,GF6_WFV_E132.0_N26.9_20190302_L1A1119852268-1,WFV,2019-03-02
GF6_WFV_E132.0_N26.9_20190302_L1A1119852268-1_0_15872.png,1,2,0,0.4345703125,0.8671875,0.025390625,0.03125,216.0,436.0,13.0,16.0,229.0,452.0,208.0,20.615528128088304,1.2307692307692308,60.0,False,True,small,GF6_WFV_E132.0_N26.9_20190302_L1A1119852268-1,WFV,2019-03-02
GF6_WFV_E132.0_N26.9_20190302_L1A1119852268-1_0_15872.png,2,3,0,0.7998046875,0.9560546875,0.029296875,0.029296875,402.0,482.0,15.0,15.0,417.0,497.0,225.0,21.213203435596427,1.0,15.0,False,True,small,GF6_WFV_E132.0_N26.9_20190302_L1A1119852268-1,WFV,2019-03-02
GF6_WFV_E132.0_N26.9_20190302_L1A1119852268-1_2048_12288.png,0,1,0,0.7744140625,0.49609375,0.037109375,0.03515625,387.0,245.0,19.0,18.0,406.0,263.0,342.0,26.1725046566048,1.0555555555555556,106.0,False,True,small,GF6_WFV_E132.0_N26.9_20190302_L1A1119852268-1,WFV,2019-03-02
GF6_WFV_E132.0_N26.9_20190302_L1A1119852268-1_2048_16384.png,0,1,0,0.2548828125,0.3779296875,0.037109375,0.041015625,121.0,183.0,19.0,21.0,140.0,204.0,399.0,28.319604517012593,1.105263157894737,121.0,False,True,small,GF6_WFV_E132.0_N26.9_20190302_L1A1119852268-1,WFV,2019-03-02
GF6_WFV_E132.0_N26.9_20190302_L1A1119852268-1_2560_16777.png,0,1,0,0.7783203125,0.6953125,0.068359375,0.06640625,381.0,339.0,35.0,34.0,416.0,373.0,1190.0,48.79549159502341,1.0294117647058822,96.0,False,True,medium,GF6_WFV_E132.0_N26.9_20190302_L1A1119852268-1,WFV,2019-03-02
GF6_WFV_E132.0_N26.9_20190302_L1A1119852268-1_2560_16896.png,0,1,0,0.7802734375,0.470703125,0.052734375,0.05859375,386.0,226.0,27.0,30.0,413.0,256.0,810.0,40.36087214122113,1.1111111111111112,99.0,False,True,small,GF6_WFV_E132.0_N26.9_20190302_L1A1119852268-1,WFV,2019-03-02
GF6_WFV_E132.0_N26.9_20190302_L1A1119852268-1_4096_14848.png,0,1,0,0.748046875,0.58984375,0.05078125,0.0546875,370.0,288.0,26.0,28.0,396.0,316.0,728.0,38.2099463490856,1.0769230769230769,116.0,False,True,small,GF6_WFV_E132.0_N26.9_20190302_L1A1119852268-1,WFV,2019-03-02
GF6_WFV_E132.0_N26.9_20190302_L1A1119852268-1_512_13824.png,0,1,0,0.7421875,0.5927734375,0.03515625,0.033203125,371.0,295.0,18.0,17.0,389.0,312.0,306.0,24.758836806279895,1.0588235294117647,123.0,False,True,small,GF6_WFV_E132.0_N26.9_20190302_L1A1119852268-1,WFV,2019-03-02
GF6_WFV_E132.0_N26.9_20190302_L1A1119852268-1_512_13824.png,1,2,0,0.9150390625,0.7001953125,0.029296875,0.025390625,461.0,352.0,15.0,13.0,476.0,365.0,195.0,19.849433241279208,1.1538461538461537,36.0,False,True,small,GF6_WFV_E132.0_N26.9_20190302_L1A1119852268-1,WFV,2019-03-02
GF6_WFV_E132.0_N26.9_20190302_L1A1119852268-1_512_13824.png,2,3,0,0.6005859375,0.4306640625,0.029296875,0.025390625,300.0,214.0,15.0,13.0,315.0,227.0,195.0,19.849433241279208,1.1538461538461537,197.0,False,True,small,GF6_WFV_E132.0_N26.9_20190302_L1A1119852268-1,WFV,2019-03-02
GF6_WFV_E132.0_N26.9_20190302_L1A1119852268-1_512_13824.png,3,4,0,0.7216796875,0.4521484375,0.025390625,0.021484375,363.0,226.0,13.0,11.0,376.0,237.0,143.0,17.029386365926403,1.1818181818181819,136.0,False,True,small,GF6_WFV_E132.0_N26.9_20190302_L1A1119852268-1,WFV,2019-03-02
GF6_WFV_E132.0_N26.9_20190302_L1A1119852268-1_512_13824.png,4,5,0,0.326171875,0.58203125,0.0234375,0.0234375,161.0,292.0,12.0,12.0,173.0,304.0,144.0,16.97056274847714,1.0,161.0,False,True,small,GF6_WFV_E132.0_N26.9_20190302_L1A1119852268-1,WFV,2019-03-02
GF6_WFV_E132.0_N26.9_20190302_L1A1119852268-1_512_14336.png,0,1,0,0.0556640625,0.296875,0.025390625,0.02734375,22.0,145.0,13.0,14.0,35.0,159.0,182.0,19.1049731745428,1.0769230769230769,22.0,False,True,small,GF6_WFV_E132.0_N26.9_20190302_L1A1119852268-1,WFV,2019-03-02
GF6_WFV_E132.0_N26.9_20190302_L1A1119852268-1_512_14336.png,1,2,0,0.3741467576791809,0.3818652849740933,0.017918088737201354,0.025906735751295318,186.97610921501706,188.88290155440416,9.174061433447093,13.264248704663203,196.15017064846415,202.14715025906736,121.68703248510126,16.127730679913427,1.4458425857389585,186.97610921501706,False,True,small,GF6_WFV_E132.0_N26.9_20190302_L1A1119852268-1,WFV,2019-03-02
GF6_WFV_E132.0_N26.9_20190302_L1A1119852268-1_6144_17289.png,0,1,0,0.9505119453924915,0.15906735751295337,0.029010238907849817,0.06735751295336789,479.23549488054607,64.19896373056994,14.853242320819106,34.48704663212436,494.0887372013652,98.6860103626943,512.2444605563315,37.54963638768413,2.3218530935690356,17.911262798634823,False,True,small,GF6_WFV_E132.0_N26.9_20190302_L1A1119852268-1,WFV,2019-03-02
GF6_WFV_E132.0_N26.9_20190302_L1A1119852268-1_6656_17289.png,0,1,0,0.3984375,0.1123046875,0.046875,0.044921875,192.0,46.0,24.0,23.0,216.0,69.0,552.0,33.24154027718932,1.0434782608695652,46.0,False,True,small,GF6_WFV_E132.0_N26.9_20190302_L1A1119852268-1,WFV,2019-03-02
GF6_WFV_E132.0_N26.9_20190302_L1A1119852268-2_12288_14848.png,0,1,0,0.43359375,0.8525390625,0.04296875,0.052734375,211.0,423.0,22.0,27.0,233.0,450.0,594.0,34.828149534535996,1.2272727272727273,62.0,False,True,small,GF6_WFV_E132.0_N26.9_20190302_L1A1119852268-2,WFV,2019-03-02
GF6_WFV_E132.0_N26.9_20190302_L1A1119852268-2_13312_2048.png,0,1,0,0.84375,0.6669921875,0.046875,0.052734375,420.0,328.0,24.0,27.0,444.0,355.0,648.0,36.124783736376884,1.125,68.0,False,True,small,GF6_WFV_E132.0_N26.9_20190302_L1A1119852268-2,WFV,2019-03-02
GF6_WFV_E132.0_N26.9_20190302_L1A1119852268-3_3584_1536.png,0,1,0,0.5791015625,0.7998046875,0.037109375,0.041015625,287.0,399.0,19.0,21.0,306.0,420.0,399.0,28.319604517012593,1.105263157894737,92.0,False,True,small,GF6_WFV_E132.0_N26.9_20190302_L1A1119852268-3,WFV,2019-03-02
GF6_WFV_E132.0_N26.9_20190703_L1A1119896315-1_11904_3072.png,0,1,0,0.4169921875,0.3662109375,0.044921875,0.033203125,202.0,179.0,23.0,17.0,225.0,196.0,391.0,28.600699292150182,1.3529411764705883,179.0,False,True,small,GF6_WFV_E132.0_N26.9_20190703_L1A1119896315-1,WFV,2019-07-03
GF6_WFV_E132.0_N26.9_20190703_L1A1119896315-1_2560_16384.png,0,1,0,0.3583984375,0.333984375,0.033203125,0.03515625,175.0,162.0,17.0,18.0,192.0,180.0,306.0,24.758836806279895,1.0588235294117647,162.0,False,True,small,GF6_WFV_E132.0_N26.9_20190703_L1A1119896315-1,WFV,2019-07-03
GF6_WFV_E132.0_N26.9_20190703_L1A1119896315-1_2560_16384.png,1,2,0,0.4580078125,0.26953125,0.033203125,0.03515625,226.0,129.0,17.0,18.0,243.0,147.0,306.0,24.758836806279895,1.0588235294117647,129.0,False,True,small,GF6_WFV_E132.0_N26.9_20190703_L1A1119896315-1,WFV,2019-07-03
GF6_WFV_E132.0_N26.9_20190703_L1A1119896315-1_8192_10240.png,0,1,0,0.3447265625,0.8583984375,0.044921875,0.044921875,165.0,428.0,23.0,23.0,188.0,451.0,529.0,32.526911934581186,1.0,61.0,False,True,small,GF6_WFV_E132.0_N26.9_20190703_L1A1119896315-1,WFV,2019-07-03
GF6_WFV_E132.0_N26.9_20190703_L1A1119896315-1_9216_7680.png,0,1,0,0.4453125,0.9560546875,0.0546875,0.048828125,214.0,477.0,28.0,25.0,242.0,502.0,700.0,37.53664875824692,1.12,10.0,False,True,small,GF6_WFV_E132.0_N26.9_20190703_L1A1119896315-1,WFV,2019-07-03
GF6_WFV_E132.0_N26.9_20190703_L1A1119896315-2_20992_0.png,0,1,0,0.12201365187713312,0.9025906735751295,0.02218430034129694,0.05595854922279797,56.79180887372014,447.80103626943,11.358361774744033,28.65077720207256,68.15017064846418,476.4518134715026,325.42589258872874,30.820113829912557,2.5224392188122766,35.54818652849741,False,True,small,GF6_WFV_E132.0_N26.9_20190703_L1A1119896315-2,WFV,2019-07-03
GF6_WFV_E132.0_N26.9_20190703_L1A1119896315-2_2560_1024.png,0,1,0,0.503839590443686,0.9430051813471503,0.040102389078498335,0.04766839378238341,247.69965870307163,470.6155440414508,20.532423208191148,24.406217616580307,268.23208191126275,495.0217616580311,501.11878901483715,31.89426063021592,1.188667181126666,16.978238341968904,False,True,small,GF6_WFV_E132.0_N26.9_20190703_L1A1119896315-2,WFV,2019-07-03
GF6_WFV_E132.0_N26.9_20190703_L1A1119896315-2_5632_18489.png,0,1,0,0.8125,0.4365234375,0.0390625,0.052734375,406.0,210.0,20.0,27.0,426.0,237.0,540.0,33.60059523282288,1.35,86.0,False,True,small,GF6_WFV_E132.0_N26.9_20190703_L1A1119896315-2,WFV,2019-07-03
GF6_WFV_E132.0_N26.9_20190703_L1A1119896315-3_11264_17408.png,0,1,0,0.9453125,0.857421875,0.03515625,0.04296875,475.0,428.0,18.0,22.0,493.0,450.0,396.0,28.42534080710379,1.2222222222222223,19.0,False,True,small,GF6_WFV_E132.0_N26.9_20190703_L1A1119896315-3,WFV,2019-07-03
GF6_WFV_E132.0_N26.9_20190703_L1A1119896315-3_11264_4096.png,0,1,0,0.5322265625,0.345703125,0.033203125,0.0546875,264.0,163.0,17.0,28.0,281.0,191.0,476.0,32.7566787083184,1.6470588235294117,163.0,False,True,small,GF6_WFV_E132.0_N26.9_20190703_L1A1119896315-3,WFV,2019-07-03
GF6_WFV_E132.0_N26.9_20190703_L1A1119896315-3_11281_17408.png,0,1,0,0.908203125,0.8525390625,0.03515625,0.044921875,456.0,425.0,18.0,23.0,474.0,448.0,414.0,29.206163733020468,1.2777777777777777,38.0,False,True,small,GF6_WFV_E132.0_N26.9_20190703_L1A1119896315-3,WFV,2019-07-03
GF6_WFV_E132.0_N26.9_20190703_L1A1119896315-3_11281_4096.png,0,1,0,0.498046875,0.34375,0.03125,0.05078125,247.0,163.0,16.0,26.0,263.0,189.0,416.0,30.528675044947494,1.625,163.0,False,True,small,GF6_WFV_E132.0_N26.9_20190703_L1A1119896315-3,WFV,2019-07-03
GF6_WFV_E132.0_N26.9_20190703_L1A1119896315-3_1536_13312.png,0,1,0,0.22525597269624575,0.544559585492228,0.023890784982935148,0.034196891191709766,109.21501706484642,270.06010362694303,12.232081911262796,17.5088082901554,121.44709897610922,287.56891191709843,214.16917717377797,21.358422123959837,1.4313841598815662,109.21501706484642,False,True,small,GF6_WFV_E132.0_N26.9_20190703_L1A1119896315-3,WFV,2019-07-03
GF6_WFV_E132.0_N26.9_20190703_L1A1119896315-3_9216_11776.png,0,1,0,0.037109375,0.3056640625,0.02734375,0.044921875,12.0,145.0,14.0,23.0,26.0,168.0,322.0,26.92582403567252,1.6428571428571428,12.0,False,True,small,GF6_WFV_E132.0_N26.9_20190703_L1A1119896315-3,WFV,2019-07-03
GF6_WFV_E132.4_N24.7_20190604_L1A1119887742-1_12928_4608.png,0,1,0,0.4345703125,0.6787109375,0.044921875,0.048828125,211.0,335.0,23.0,25.0,234.0,360.0,575.0,33.97057550292606,1.0869565217391304,152.0,False,True,small,GF6_WFV_E132.4_N24.7_20190604_L1A1119887742-1,WFV,2019-06-04
GF6_WFV_E132.4_N24.7_20190604_L1A1119887742-1_5120_16861.png,0,1,0,0.181640625,0.4541015625,0.04296875,0.048828125,82.0,220.0,22.0,25.0,104.0,245.0,550.0,33.301651610693426,1.1363636363636365,82.0,False,True,small,GF6_WFV_E132.4_N24.7_20190604_L1A1119887742-1,WFV,2019-06-04
GF6_WFV_E132.4_N24.7_20190604_L1A1119887742-1_5120_16896.png,0,1,0,0.181640625,0.3876953125,0.0390625,0.037109375,83.0,189.0,20.0,19.0,103.0,208.0,380.0,27.586228448267445,1.0526315789473684,83.0,False,True,small,GF6_WFV_E132.4_N24.7_20190604_L1A1119887742-1,WFV,2019-06-04
GF6_WFV_E132.4_N24.7_20190604_L1A1119887742-1_6656_11776.png,0,1,0,0.3642578125,0.86328125,0.041015625,0.03125,176.0,434.0,21.0,16.0,197.0,450.0,336.0,26.40075756488817,1.3125,62.0,False,True,small,GF6_WFV_E132.4_N24.7_20190604_L1A1119887742-1,WFV,2019-06-04
GF6_WFV_E132.4_N24.7_20190604_L1A1119887742-2_1024_1024.png,0,1,0,0.7158203125,0.5830078125,0.048828125,0.037109375,354.0,289.0,25.0,19.0,379.0,308.0,475.0,31.400636936215164,1.3157894736842106,133.0,False,True,small,GF6_WFV_E132.4_N24.7_20190604_L1A1119887742-2,WFV,2019-06-04
GF6_WFV_E132.4_N24.7_20190604_L1A1119887742-2_15360_9216.png,0,1,0,0.751953125,0.7802734375,0.046875,0.052734375,373.0,386.0,24.0,27.0,397.0,413.0,648.0,36.124783736376884,1.125,99.0,False,True,small,GF6_WFV_E132.4_N24.7_20190604_L1A1119887742-2,WFV,2019-06-04
GF6_WFV_E132.4_N24.7_20190604_L1A1119887742-2_1536_3072.png,0,1,0,0.43359375,0.1259765625,0.046875,0.048828125,210.0,52.0,24.0,25.0,234.0,77.0,600.0,34.655446902326915,1.0416666666666667,52.0,False,True,small,GF6_WFV_E132.4_N24.7_20190604_L1A1119887742-2,WFV,2019-06-04
GF6_WFV_E132.4_N24.7_20190604_L1A1119887742-2_20992_4096.png,0,1,0,0.3798828125,0.5234375,0.025390625,0.03515625,188.0,259.0,13.0,18.0,201.0,277.0,234.0,22.20360331117452,1.3846153846153846,188.0,False,True,small,GF6_WFV_E132.4_N24.7_20190604_L1A1119887742-2,WFV,2019-06-04
GF6_WFV_E132.4_N24.7_20190604_L1A1119887742-2_4608_2048.png,0,1,0,0.2373046875,0.154296875,0.037109375,0.0390625,112.0,69.0,19.0,20.0,131.0,89.0,380.0,27.586228448267445,1.0526315789473684,69.0,False,True,small,GF6_WFV_E132.4_N24.7_20190604_L1A1119887742-2,WFV,2019-06-04
GF6_WFV_E132.4_N24.7_20190604_L1A1119887742-2_512_3072.png,0,1,0,0.91015625,0.3984375,0.03125,0.046875,458.0,192.0,16.0,24.0,474.0,216.0,384.0,28.844410203711913,1.5,38.0,False,True,small,GF6_WFV_E132.4_N24.7_20190604_L1A1119887742-2,WFV,2019-06-04
GF6_WFV_E132.4_N24.7_20190604_L1A1119887742-3_5120_1536.png,0,1,0,0.4111328125,0.2041015625,0.052734375,0.033203125,197.0,96.0,27.0,17.0,224.0,113.0,459.0,31.906112267087632,1.588235294117647,96.0,False,True,small,GF6_WFV_E132.4_N24.7_20190604_L1A1119887742-3,WFV,2019-06-04
GF6_WFV_E132.4_N35.8_20200914_L1A1120035552-1_10240_10752.png,0,1,0,0.7158203125,0.8251953125,0.025390625,0.029296875,360.0,415.0,13.0,15.0,373.0,430.0,195.0,19.849433241279208,1.1538461538461537,82.0,False,True,small,GF6_WFV_E132.4_N35.8_20200914_L1A1120035552-1,WFV,2020-09-14
GF6_WFV_E132.4_N35.8_20200914_L1A1120035552-1_10240_12288.png,0,1,0,0.6025390625,0.6201171875,0.041015625,0.052734375,298.0,304.0,21.0,27.0,319.0,331.0,567.0,34.20526275297414,1.2857142857142858,181.0,False,True,small,GF6_WFV_E132.4_N35.8_20200914_L1A1120035552-1,WFV,2020-09-14
GF6_WFV_E132.4_N35.8_20200914_L1A1120035552-1_10240_12800.png,0,1,0,0.5771484375,0.884765625,0.029296875,0.0390625,288.0,443.0,15.0,20.0,303.0,463.0,300.0,25.0,1.3333333333333333,49.0,False,True,small,GF6_WFV_E132.4_N35.8_20200914_L1A1120035552-1,WFV,2020-09-14
GF6_WFV_E132.4_N35.8_20200914_L1A1120035552-1_10240_13312.png,0,1,0,0.275390625,0.1796875,0.02734375,0.03515625,134.0,83.0,14.0,18.0,148.0,101.0,252.0,22.80350850198276,1.2857142857142858,83.0,False,True,small,GF6_WFV_E132.4_N35.8_20200914_L1A1120035552-1,WFV,2020-09-14
GF6_WFV_E132.4_N35.8_20200914_L1A1120035552-1_10240_13824.png,0,1,0,0.205078125,0.91796875,0.05078125,0.0390625,92.0,460.0,26.0,20.0,118.0,480.0,520.0,32.802438933713454,1.3,32.0,False,True,small,GF6_WFV_E132.4_N35.8_20200914_L1A1120035552-1,WFV,2020-09-14
GF6_WFV_E132.4_N35.8_20200914_L1A1120035552-1_10240_14336.png,0,1,0,0.9140625,0.7939453125,0.0390625,0.029296875,458.0,399.0,20.0,15.0,478.0,414.0,300.0,25.0,1.3333333333333333,34.0,False,True,small,GF6_WFV_E132.4_N35.8_20200914_L1A1120035552-1,WFV,2020-09-14
GF6_WFV_E132.4_N35.8_20200914_L1A1120035552-1_10240_14336.png,1,2,0,0.0888671875,0.8203125,0.021484375,0.02734375,40.0,413.0,11.0,14.0,51.0,427.0,154.0,17.804493814764857,1.2727272727272727,40.0,False,True,small,GF6_WFV_E132.4_N35.8_20200914_L1A1120035552-1,WFV,2020-09-14
GF6_WFV_E132.4_N35.8_20200914_L1A1120035552-1_10240_14336.png,2,3,0,0.09765625,0.759765625,0.02734375,0.02734375,43.0,382.0,14.0,14.0,57.0,396.0,196.0,19.79898987322333,1.0,43.0,False,True,small,GF6_WFV_E132.4_N35.8_20200914_L1A1120035552-1,WFV,2020-09-14
GF6_WFV_E132.4_N35.8_20200914_L1A1120035552-1_10240_14336.png,3,4,0,0.1728515625,0.4619140625,0.037109375,0.041015625,79.0,226.0,19.0,21.0,98.0,247.0,399.0,28.319604517012593,1.105263157894737,79.0,False,True,small,GF6_WFV_E132.4_N35.8_20200914_L1A1120035552-1,WFV,2020-09-14
GF6_WFV_E132.4_N35.8_20200914_L1A1120035552-1_10240_14336.png,4,5,0,0.6640625,0.27734375,0.02734375,0.02734375,333.0,135.0,14.0,14.0,347.0,149.0,196.0,19.79898987322333,1.0,135.0,False,True,small,GF6_WFV_E132.4_N35.8_20200914_L1A1120035552-1,WFV,2020-09-14
GF6_WFV_E132.4_N35.8_20200914_L1A1120035552-1_10240_14336.png,5,6,0,0.2880859375,0.10546875,0.033203125,0.03125,139.0,46.0,17.0,16.0,156.0,62.0,272.0,23.345235059857504,1.0625,46.0,False,True,small,GF6_WFV_E132.4_N35.8_20200914_L1A1120035552-1,WFV,2020-09-14
GF6_WFV_E132.4_N35.8_20200914_L1A1120035552-1_10240_14848.png,0,1,0,0.7548828125,0.291015625,0.037109375,0.03125,377.0,141.0,19.0,16.0,396.0,157.0,304.0,24.839484696748443,1.1875,116.0,False,True,small,GF6_WFV_E132.4_N35.8_20200914_L1A1120035552-1,WFV,2020-09-14
GF6_WFV_E132.4_N35.8_20200914_L1A1120035552-1_10240_14848.png,1,2,0,0.986328125,0.8037109375,0.02734375,0.029296875,498.0,404.0,14.0,15.0,512.0,419.0,210.0,20.518284528683193,1.0714285714285714,0.0,True,True,small,GF6_WFV_E132.4_N35.8_20200914_L1A1120035552-1,WFV,2020-09-14
GF6_WFV_E132.4_N35.8_20200914_L1A1120035552-1_10240_15360.png,0,1,0,0.0751953125,0.44140625,0.048828125,0.03125,26.0,218.0,25.0,16.0,51.0,234.0,400.0,29.68164415931166,1.5625,26.0,False,True,small,GF6_WFV_E132.4_N35.8_20200914_L1A1120035552-1,WFV,2020-09-14
GF6_WFV_E132.4_N35.8_20200914_L1A1120035552-1_10240_15360.png,1,2,0,0.6318359375,0.2119140625,0.029296875,0.037109375,316.0,99.0,15.0,19.0,331.0,118.0,285.0,24.20743687382041,1.2666666666666666,99.0,False,True,small,GF6_WFV_E132.4_N35.8_20200914_L1A1120035552-1,WFV,2020-09-14
GF6_WFV_E132.4_N35.8_20200914_L1A1120035552-1_10240_15360.png,2,3,0,0.845703125,0.7763671875,0.0546875,0.033203125,419.0,389.0,28.0,17.0,447.0,406.0,476.0,32.7566787083184,1.6470588235294117,65.0,False,True,small,GF6_WFV_E132.4_N35.8_20200914_L1A1120035552-1,WFV,2020-09-14
GF6_WFV_E132.4_N35.8_20200914_L1A1120035552-1_10240_15360.png,3,4,0,0.4482421875,0.7255859375,0.033203125,0.037109375,221.0,362.0,17.0,19.0,238.0,381.0,323.0,25.495097567963924,1.1176470588235294,131.0,False,True,small,GF6_WFV_E132.4_N35.8_20200914_L1A1120035552-1,WFV,2020-09-14
GF6_WFV_E132.4_N35.8_20200914_L1A1120035552-1_10240_15360.png,4,5,0,0.9716796875,0.3349609375,0.033203125,0.044921875,489.0,160.0,17.0,23.0,506.0,183.0,391.0,28.600699292150182,1.3529411764705883,6.0,False,True,small,GF6_WFV_E132.4_N35.8_20200914_L1A1120035552-1,WFV,2020-09-14
GF6_WFV_E132.4_N35.8_20200914_L1A1120035552-1_10240_15872.png,0,1,0,0.619140625,0.4541015625,0.04296875,0.029296875,306.0,225.0,22.0,15.0,328.0,240.0,330.0,26.627053911388696,1.4666666666666666,184.0,False,True,small,GF6_WFV_E132.4_N35.8_20200914_L1A1120035552-1,WFV,2020-09-14
GF6_WFV_E132.4_N35.8_20200914_L1A1120035552-1_10240_16384.png,0,1,0,0.7109375,0.0498046875,0.03125,0.021484375,356.0,20.0,16.0,11.0,372.0,31.0,176.0,19.4164878389476,1.4545454545454546,20.0,False,True,small,GF6_WFV_E132.4_N35.8_20200914_L1A1120035552-1,WFV,2020-09-14
GF6_WFV_E132.4_N35.8_20200914_L1A1120035552-1_10240_2048.png,0,1,0,0.3447265625,0.564453125,0.033203125,0.03125,168.0,281.0,17.0,16.0,185.0,297.0,272.0,23.345235059857504,1.0625,168.0,False,True,small,GF6_WFV_E132.4_N35.8_20200914_L1A1120035552-1,WFV,2020-09-14
GF6_WFV_E132.4_N35.8_20200914_L1A1120035552-1_10240_4608.png,0,1,0,0.095703125,0.748046875,0.03125,0.02734375,41.0,376.0,16.0,14.0,57.0,390.0,224.0,21.2602916254693,1.1428571428571428,41.0,False,True,small,GF6_WFV_E132.4_N35.8_20200914_L1A1120035552-1,WFV,2020-09-14
GF6_WFV_E132.4_N35.8_20200914_L1A1120035552-1_10240_4608.png,1,2,0,0.4453125,0.984375,0.03515625,0.02734375,219.0,497.0,18.0,14.0,237.0,511.0,252.0,22.80350850198276,1.2857142857142858,1.0,False,True,small,GF6_WFV_E132.4_N35.8_20200914_L1A1120035552-1,WFV,2020-09-14
GF6_WFV_E132.4_N35.8_20200914_L1A1120035552-1_10240_4608.png,2,3,0,0.8671875,0.8427734375,0.03515625,0.025390625,435.0,425.0,18.0,13.0,453.0,438.0,234.0,22.20360331117452,1.3846153846153846,59.0,False,True,small,GF6_WFV_E132.4_N35.8_20200914_L1A1120035552-1,WFV,2020-09-14
GF6_WFV_E132.4_N35.8_20200914_L1A1120035552-1_10240_5120.png,0,1,0,0.0888671875,0.16796875,0.037109375,0.02734375,36.0,79.0,19.0,14.0,55.0,93.0,266.0,23.600847442411894,1.3571428571428572,36.0,False,True,small,GF6_WFV_E132.4_N35.8_20200914_L1A1120035552-1,WFV,2020-09-14
GF6_WFV_E132.4_N35.8_20200914_L1A1120035552-1_10240_5120.png,1,2,0,0.1806640625,0.3701171875,0.033203125,0.021484375,84.0,184.0,17.0,11.0,101.0,195.0,187.0,20.248456731316587,1.5454545454545454,84.0,False,True,small,GF6_WFV_E132.4_N35.8_20200914_L1A1120035552-1,WFV,2020-09-14
GF6_WFV_E132.4_N35.8_20200914_L1A1120035552-1_10240_5120.png,2,3,0,0.3662109375,0.8642578125,0.033203125,0.029296875,179.0,435.0,17.0,15.0,196.0,450.0,255.0,22.67156809750927,1.1333333333333333,62.0,False,True,small,GF6_WFV_E132.4_N35.8_20200914_L1A1120035552-1,WFV,2020-09-14
GF6_WFV_E132.4_N35.8_20200914_L1A1120035552-1_10240_8192.png,0,1,0,0.7080078125,0.8203125,0.044921875,0.03515625,351.0,411.0,23.0,18.0,374.0,429.0,414.0,29.206163733020468,1.2777777777777777,83.0,False,True,small,GF6_WFV_E132.4_N35.8_20200914_L1A1120035552-1,WFV,2020-09-14
GF6_WFV_E132.4_N35.8_20200914_L1A1120035552-1_10240_8192.png,1,2,0,0.693359375,0.7490234375,0.0234375,0.029296875,349.0,376.0,12.0,15.0,361.0,391.0,180.0,19.209372712298546,1.25,121.0,False,True,small,GF6_WFV_E132.4_N35.8_20200914_L1A1120035552-1,WFV,2020-09-14
GF6_WFV_E132.4_N35.8_20200914_L1A1120035552-1_10240_8192.png,2,3,0,0.7822265625,0.7470703125,0.025390625,0.029296875,394.0,375.0,13.0,15.0,407.0,390.0,195.0,19.849433241279208,1.1538461538461537,105.0,False,True,small,GF6_WFV_E132.4_N35.8_20200914_L1A1120035552-1,WFV,2020-09-14
GF6_WFV_E132.4_N35.8_20200914_L1A1120035552-1_10240_8192.png,3,4,0,0.98046875,0.189453125,0.02734375,0.02734375,495.0,90.0,14.0,14.0,509.0,104.0,196.0,19.79898987322333,1.0,3.0,False,True,small,GF6_WFV_E132.4_N35.8_20200914_L1A1120035552-1,WFV,2020-09-14
GF6_WFV_E132.4_N35.8_20200914_L1A1120035552-1_10240_8704.png,0,1,0,0.1142578125,0.6875,0.033203125,0.03515625,50.0,343.0,17.0,18.0,67.0,361.0,306.0,24.758836806279895,1.0588235294117647,50.0,False,True,small,GF6_WFV_E132.4_N35.8_20200914_L1A1120035552-1,WFV,2020-09-14
GF6_WFV_E132.4_N35.8_20200914_L1A1120035552-1_10240_8704.png,1,2,0,0.7626953125,0.494140625,0.029296875,0.03125,383.0,245.0,15.0,16.0,398.0,261.0,240.0,21.93171219946131,1.0666666666666667,114.0,False,True,small,GF6_WFV_E132.4_N35.8_20200914_L1A1120035552-1,WFV,2020-09-14
GF6_WFV_E132.4_N35.8_20200914_L1A1120035552-1_10240_8704.png,2,3,0,0.8095703125,0.091796875,0.033203125,0.03515625,406.0,38.0,17.0,18.0,423.0,56.0,306.0,24.758836806279895,1.0588235294117647,38.0,False,True,small,GF6_WFV_E132.4_N35.8_20200914_L1A1120035552-1,WFV,2020-09-14
GF6_WFV_E132.4_N35.8_20200914_L1A1120035552-1_10240_9216.png,0,1,0,0.53125,0.640625,0.02734375,0.02734375,265.0,321.0,14.0,14.0,279.0,335.0,196.0,19.79898987322333,1.0,177.0,False,True,small,GF6_WFV_E132.4_N35.8_20200914_L1A1120035552-1,WFV,2020-09-14
GF6_WFV_E132.4_N35.8_20200914_L1A1120035552-1_10240_9216.png,1,2,0,0.0361328125,0.7900390625,0.033203125,0.025390625,10.0,398.0,17.0,13.0,27.0,411.0,221.0,21.400934559032695,1.3076923076923077,10.0,False,True,small,GF6_WFV_E132.4_N35.8_20200914_L1A1120035552-1,WFV,2020-09-14
GF6_WFV_E132.4_N35.8_20200914_L1A1120035552-1_10240_9216.png,2,3,0,0.173828125,0.7373046875,0.02734375,0.025390625,82.0,371.0,14.0,13.0,96.0,384.0,182.0,19.1049731745428,1.0769230769230769,82.0,False,True,small,GF6_WFV_E132.4_N35.8_20200914_L1A1120035552-1,WFV,2020-09-14
GF6_WFV_E132.4_N35.8_20200914_L1A1120035552-1_10240_9216.png,3,4,0,0.3232421875,0.470703125,0.037109375,0.03125,156.0,233.0,19.0,16.0,175.0,249.0,304.0,24.839484696748443,1.1875,156.0,False,True,small,GF6_WFV_E132.4_N35.8_20200914_L1A1120035552-1,WFV,2020-09-14
GF6_WFV_E132.4_N35.8_20200914_L1A1120035552-1_10240_9216.png,4,5,0,0.595703125,0.3310546875,0.03125,0.029296875,297.0,162.0,16.0,15.0,313.0,177.0,240.0,21.93171219946131,1.0666666666666667,162.0,False,True,small,GF6_WFV_E132.4_N35.8_20200914_L1A1120035552-1,WFV,2020-09-14
GF6_WFV_E132.4_N35.8_20200914_L1A1120035552-1_10240_9216.png,5,6,0,0.9736328125,0.1572265625,0.029296875,0.033203125,491.0,72.0,15.0,17.0,506.0,89.0,255.0,22.67156809750927,1.1333333333333333,6.0,False,True,small,GF6_WFV_E132.4_N35.8_20200914_L1A1120035552-1,WFV,2020-09-14
GF6_WFV_E132.4_N35.8_20200914_L1A1120035552-1_10240_9216.png,6,7,0,0.1708984375,0.115234375,0.029296875,0.0234375,80.0,53.0,15.0,12.0,95.0,65.0,180.0,19.209372712298546,1.25,53.0,False,True,small,GF6_WFV_E132.4_N35.8_20200914_L1A1120035552-1,WFV,2020-09-14
GF6_WFV_E132.4_N35.8_20200914_L1A1120035552-1_10240_9216.png,7,8,0,0.236328125,0.0947265625,0.03125,0.029296875,113.0,41.0,16.0,15.0,129.0,56.0,240.0,21.93171219946131,1.0666666666666667,41.0,False,True,small,GF6_WFV_E132.4_N35.8_20200914_L1A1120035552-1,WFV,2020-09-14
GF6_WFV_E132.4_N35.8_20200914_L1A1120035552-1_10240_9216.png,8,9,0,0.25,0.1572265625,0.03125,0.033203125,120.0,72.0,16.0,17.0,136.0,89.0,272.0,23.345235059857504,1.0625,72.0,False,True,small,GF6_WFV_E132.4_N35.8_20200914_L1A1120035552-1,WFV,2020-09-14
GF6_WFV_E132.4_N35.8_20200914_L1A1120035552-1_10752_10240.png,0,1,0,0.98046875,0.96875,0.01953125,0.02734375,497.0,489.0,10.0,14.0,507.0,503.0,140.0,17.204650534085253,1.4,5.0,False,True,small,GF6_WFV_E132.4_N35.8_20200914_L1A1120035552-1,WFV,2020-09-14
GF6_WFV_E132.4_N35.8_20200914_L1A1120035552-1_10752_10240.png,1,2,0,0.1494140625,0.033203125,0.033203125,0.02734375,68.0,10.0,17.0,14.0,85.0,24.0,238.0,22.02271554554524,1.2142857142857142,10.0,False,True,small,GF6_WFV_E132.4_N35.8_20200914_L1A1120035552-1,WFV,2020-09-14
GF6_WFV_E132.4_N35.8_20200914_L1A1120035552-1_10752_10752.png,0,1,0,0.814453125,0.306640625,0.02734375,0.02734375,410.0,150.0,14.0,14.0,424.0,164.0,196.0,19.79898987322333,1.0,88.0,False,True,small,GF6_WFV_E132.4_N35.8_20200914_L1A1120035552-1,WFV,2020-09-14
GF6_WFV_E132.4_N35.8_20200914_L1A1120035552-1_10752_10752.png,1,2,0,0.6669921875,0.234375,0.025390625,0.03125,335.0,112.0,13.0,16.0,348.0,128.0,208.0,20.615528128088304,1.2307692307692308,112.0,False,True,small,GF6_WFV_E132.4_N35.8_20200914_L1A1120035552-1,WFV,2020-09-14
GF6_WFV_E132.4_N35.8_20200914_L1A1120035552-1_10752_10752.png,2,3,0,0.4619140625,0.103515625,0.017578125,0.02734375,232.0,46.0,9.0,14.0,241.0,60.0,126.0,16.64331697709324,1.5555555555555556,46.0,False,True,small,GF6_WFV_E132.4_N35.8_20200914_L1A1120035552-1,WFV,2020-09-14
GF6_WFV_E132.4_N35.8_20200914_L1A1120035552-1_10752_12800.png,0,1,0,0.125,0.7021484375,0.03125,0.033203125,56.0,351.0,16.0,17.0,72.0,368.0,272.0,23.345235059857504,1.0625,56.0,False,True,small,GF6_WFV_E132.4_N35.8_20200914_L1A1120035552-1,WFV,2020-09-14
GF6_WFV_E132.4_N35.8_20200914_L1A1120035552-1_10752_13312.png,0,1,0,0.01953125,0.8857421875,0.0390625,0.037109375,0.0,444.0,20.0,19.0,20.0,463.0,380.0,27.586228448267445,1.0526315789473684,0.0,True,True,small,GF6_WFV_E132.4_N35.8_20200914_L1A1120035552-1,WFV,2020-09-14
GF6_WFV_E132.4_N35.8_20200914_L1A1120035552-1_10752_13824.png,0,1,0,0.677734375,0.4365234375,0.0390625,0.037109375,337.0,214.0,20.0,19.0,357.0,233.0,380.0,27.586228448267445,1.0526315789473684,155.0,False,True,small,GF6_WFV_E132.4_N35.8_20200914_L1A1120035552-1,WFV,2020-09-14
GF6_WFV_E132.4_N35.8_20200914_L1A1120035552-1_10752_13824.png,1,2,0,0.2900390625,0.2412109375,0.029296875,0.044921875,141.0,112.0,15.0,23.0,156.0,135.0,345.0,27.459060435491963,1.5333333333333334,112.0,False,True,small,GF6_WFV_E132.4_N35.8_20200914_L1A1120035552-1,WFV,2020-09-14
GF6_WFV_E132.4_N35.8_20200914_L1A1120035552-1_10752_14336.png,0,1,0,0.9248046875,0.8427734375,0.041015625,0.044921875,463.0,420.0,21.0,23.0,484.0,443.0,483.0,31.144823004794873,1.0952380952380953,28.0,False,True,small,GF6_WFV_E132.4_N35.8_20200914_L1A1120035552-1,WFV,2020-09-14
GF6_WFV_E132.4_N35.8_20200914_L1A1120035552-1_10752_14336.png,1,2,0,0.9580078125,0.3759765625,0.052734375,0.029296875,477.0,185.0,27.0,15.0,504.0,200.0,405.0,30.886890422961002,1.8,8.0,False,True,small,GF6_WFV_E132.4_N35.8_20200914_L1A1120035552-1,WFV,2020-09-14
GF6_WFV_E132.4_N35.8_20200914_L1A1120035552-1_10752_14336.png,2,3,0,0.1943359375,0.04296875,0.041015625,0.0234375,89.0,16.0,21.0,12.0,110.0,28.0,252.0,24.186773244895647,1.75,16.0,False,True,small,GF6_WFV_E132.4_N35.8_20200914_L1A1120035552-1,WFV,2020-09-14
GF6_WFV_E132.4_N35.8_20200914_L1A1120035552-1_10752_14336.png,3,4,0,0.0888671875,0.84765625,0.029296875,0.046875,38.0,422.0,15.0,24.0,53.0,446.0,360.0,28.30194339616981,1.6,38.0,False,True,small,GF6_WFV_E132.4_N35.8_20200914_L1A1120035552-1,WFV,2020-09-14
GF6_WFV_E132.4_N35.8_20200914_L1A1120035552-1_10752_14848.png,0,1,0,0.6640625,0.7998046875,0.05859375,0.037109375,325.0,400.0,30.0,19.0,355.0,419.0,570.0,35.510561809129406,1.5789473684210527,93.0,False,True,small,GF6_WFV_E132.4_N35.8_20200914_L1A1120035552-1,WFV,2020-09-14
GF6_WFV_E132.4_N35.8_20200914_L1A1120035552-1_10752_15360.png,0,1,0,0.279296875,0.3623046875,0.04296875,0.029296875,132.0,178.0,22.0,15.0,154.0,193.0,330.0,26.627053911388696,1.4666666666666666,132.0,False,True,small,GF6_WFV_E132.4_N35.8_20200914_L1A1120035552-1,WFV,2020-09-14
GF6_WFV_E132.4_N35.8_20200914_L1A1120035552-1_10752_15360.png,1,2,0,0.841796875,0.310546875,0.03515625,0.0390625,422.0,149.0,18.0,20.0,440.0,169.0,360.0,26.90724809414742,1.1111111111111112,72.0,False,True,small,GF6_WFV_E132.4_N35.8_20200914_L1A1120035552-1,WFV,2020-09-14
GF6_WFV_E132.4_N35.8_20200914_L1A1120035552-1_10752_15360.png,2,3,0,0.67578125,0.9130859375,0.04296875,0.029296875,335.0,460.0,22.0,15.0,357.0,475.0,330.0,26.627053911388696,1.4666666666666666,37.0,False,True,small,GF6_WFV_E132.4_N35.8_20200914_L1A1120035552-1,WFV,2020-09-14
GF6_WFV_E132.4_N35.8_20200914_L1A1120035552-1_10752_16384.png,0,1,0,0.4970703125,0.4306640625,0.044921875,0.041015625,243.0,210.0,23.0,21.0,266.0,231.0,483.0,31.144823004794873,1.0952380952380953,210.0,False,True,small,GF6_WFV_E132.4_N35.8_20200914_L1A1120035552-1,WFV,2020-09-14
GF6_WFV_E132.4_N35.8_20200914_L1A1120035552-1_10752_2048.png,0,1,0,0.501953125,0.814453125,0.03515625,0.0390625,248.0,407.0,18.0,20.0,266.0,427.0,360.0,26.90724809414742,1.1111111111111112,85.0,False,True,small,GF6_WFV_E132.4_N35.8_20200914_L1A1120035552-1,WFV,2020-09-14
GF6_WFV_E132.4_N35.8_20200914_L1A1120035552-1_10752_2048.png,1,2,0,0.9345703125,0.4326171875,0.037109375,0.037109375,469.0,212.0,19.0,19.0,488.0,231.0,361.0,26.870057685088806,1.0,24.0,False,True,small,GF6_WFV_E132.4_N35.8_20200914_L1A1120035552-1,WFV,2020-09-14
GF6_WFV_E132.4_N35.8_20200914_L1A1120035552-1_10752_4608.png,0,1,0,0.029296875,0.708984375,0.03515625,0.02734375,6.0,356.0,18.0,14.0,24.0,370.0,252.0,22.80350850198276,1.2857142857142858,6.0,False,True,small,GF6_WFV_E132.4_N35.8_20200914_L1A1120035552-1,WFV,2020-09-14
GF6_WFV_E132.4_N35.8_20200914_L1A1120035552-1_10752_5120.png,0,1,0,0.0146484375,0.0751953125,0.029296875,0.021484375,0.0,33.0,15.0,11.0,15.0,44.0,165.0,18.601075237738275,1.3636363636363635,0.0,True,True,small,GF6_WFV_E132.4_N35.8_20200914_L1A1120035552-1,WFV,2020-09-14
GF6_WFV_E132.4_N35.8_20200914_L1A1120035552-1_10752_8192.png,0,1,0,0.869140625,0.64453125,0.02734375,0.03515625,438.0,321.0,14.0,18.0,452.0,339.0,252.0,22.80350850198276,1.2857142857142858,60.0,False,True,small,GF6_WFV_E132.4_N35.8_20200914_L1A1120035552-1,WFV,2020-09-14
GF6_WFV_E132.4_N35.8_20200914_L1A1120035552-1_10752_9728.png,0,1,0,0.267578125,0.548828125,0.03515625,0.02734375,128.0,274.0,18.0,14.0,146.0,288.0,252.0,22.80350850198276,1.2857142857142858,128.0,False,True,small,GF6_WFV_E132.4_N35.8_20200914_L1A1120035552-1,WFV,2020-09-14
GF6_WFV_E132.4_N35.8_20200914_L1A1120035552-1_10752_9728.png,1,2,0,0.1298828125,0.435546875,0.037109375,0.03125,57.0,215.0,19.0,16.0,76.0,231.0,304.0,24.839484696748443,1.1875,57.0,False,True,small,GF6_WFV_E132.4_N35.8_20200914_L1A1120035552-1,WFV,2020-09-14
GF6_WFV_E132.4_N35.8_20200914_L1A1120035552-1_10752_9728.png,2,3,0,0.7138671875,0.4599609375,0.037109375,0.025390625,356.0,229.0,19.0,13.0,375.0,242.0,247.0,23.021728866442675,1.4615384615384615,137.0,False,True,small,GF6_WFV_E132.4_N35.8_20200914_L1A1120035552-1,WFV,2020-09-14
GF6_WFV_E132.4_N35.8_20200914_L1A1120035552-1_11264_12288.png,0,1,0,0.1025390625,0.408203125,0.029296875,0.0390625,45.0,199.0,15.0,20.0,60.0,219.0,300.0,25.0,1.3333333333333333,45.0,False,True,small,GF6_WFV_E132.4_N35.8_20200914_L1A1120035552-1,WFV,2020-09-14
GF6_WFV_E132.4_N35.8_20200914_L1A1120035552-1_11264_13312.png,0,1,0,0.75390625,0.93359375,0.03515625,0.04296875,377.0,467.0,18.0,22.0,395.0,489.0,396.0,28.42534080710379,1.2222222222222223,23.0,False,True,small,GF6_WFV_E132.4_N35.8_20200914_L1A1120035552-1,WFV,2020-09-14
GF6_WFV_E132.4_N35.8_20200914_L1A1120035552-1_11264_13312.png,1,2,0,0.2373046875,0.716796875,0.033203125,0.02734375,113.0,360.0,17.0,14.0,130.0,374.0,238.0,22.02271554554524,1.2142857142857142,113.0,False,True,small,GF6_WFV_E132.4_N35.8_20200914_L1A1120035552-1,WFV,2020-09-14
GF6_WFV_E132.4_N35.8_20200914_L1A1120035552-1_11264_13824.png,0,1,0,0.1943359375,0.5693359375,0.044921875,0.029296875,88.0,284.0,23.0,15.0,111.0,299.0,345.0,27.459060435491963,1.5333333333333334,88.0,False,True,small,GF6_WFV_E132.4_N35.8_20200914_L1A1120035552-1,WFV,2020-09-14
GF6_WFV_E132.4_N35.8_20200914_L1A1120035552-1_11264_14336.png,0,1,0,0.251953125,0.89453125,0.05078125,0.03515625,116.0,449.0,26.0,18.0,142.0,467.0,468.0,31.622776601683793,1.4444444444444444,45.0,False,True,small,GF6_WFV_E132.4_N35.8_20200914_L1A1120035552-1,WFV,2020-09-14
GF6_WFV_E132.4_N35.8_20200914_L1A1120035552-1_11264_14848.png,0,1,0,0.892578125,0.8681640625,0.03515625,0.033203125,448.0,436.0,18.0,17.0,466.0,453.0,306.0,24.758836806279895,1.0588235294117647,46.0,False,True,small,GF6_WFV_E132.4_N35.8_20200914_L1A1120035552-1,WFV,2020-09-14
GF6_WFV_E132.4_N35.8_20200914_L1A1120035552-1_11264_15872.png,0,1,0,0.5,0.255859375,0.02734375,0.02734375,249.0,124.0,14.0,14.0,263.0,138.0,196.0,19.79898987322333,1.0,124.0,False,True,small,GF6_WFV_E132.4_N35.8_20200914_L1A1120035552-1,WFV,2020-09-14
GF6_WFV_E132.4_N35.8_20200914_L1A1120035552-1_11264_15872.png,1,2,0,0.48828125,0.2900390625,0.03515625,0.029296875,241.0,141.0,18.0,15.0,259.0,156.0,270.0,23.430749027719962,1.2,141.0,False,True,small,GF6_WFV_E132.4_N35.8_20200914_L1A1120035552-1,WFV,2020-09-14
GF6_WFV_E132.4_N35.8_20200914_L1A1120035552-1_11264_15872.png,2,3,0,0.5986328125,0.873046875,0.041015625,0.0546875,296.0,433.0,21.0,28.0,317.0,461.0,588.0,35.0,1.3333333333333333,51.0,False,True,small,GF6_WFV_E132.4_N35.8_20200914_L1A1120035552-1,WFV,2020-09-14
GF6_WFV_E132.4_N35.8_20200914_L1A1120035552-1_11264_16384.png,0,1,0,0.744140625,0.2587890625,0.06640625,0.056640625,364.0,118.0,34.0,29.0,398.0,147.0,986.0,44.68780594300866,1.1724137931034482,114.0,False,True,small,GF6_WFV_E132.4_N35.8_20200914_L1A1120035552-1,WFV,2020-09-14
GF6_WFV_E132.4_N35.8_20200914_L1A1120035552-1_11264_2560.png,0,1,0,0.4482421875,0.8662109375,0.033203125,0.044921875,221.0,432.0,17.0,23.0,238.0,455.0,391.0,28.600699292150182,1.3529411764705883,57.0,False,True,small,GF6_WFV_E132.4_N35.8_20200914_L1A1120035552-1,WFV,2020-09-14
GF6_WFV_E132.4_N35.8_20200914_L1A1120035552-1_11264_512.png,0,1,0,0.025390625,0.5478515625,0.03125,0.041015625,5.0,270.0,16.0,21.0,21.0,291.0,336.0,26.40075756488817,1.3125,5.0,False,True,small,GF6_WFV_E132.4_N35.8_20200914_L1A1120035552-1,WFV,2020-09-14
GF6_WFV_E132.4_N35.8_20200914_L1A1120035552-1_11264_6144.png,0,1,0,0.3857421875,0.5458984375,0.044921875,0.029296875,186.0,272.0,23.0,15.0,209.0,287.0,345.0,27.459060435491963,1.5333333333333334,186.0,False,True,small,GF6_WFV_E132.4_N35.8_20200914_L1A1120035552-1,WFV,2020-09-14
GF6_WFV_E132.4_N35.8_20200914_L1A1120035552-1_11264_6144.png,1,2,0,0.974609375,0.1611328125,0.03125,0.033203125,491.0,74.0,16.0,17.0,507.0,91.0,272.0,23.345235059857504,1.0625,5.0,False,True,small,GF6_WFV_E132.4_N35.8_20200914_L1A1120035552-1,WFV,2020-09-14
GF6_WFV_E132.4_N35.8_20200914_L1A1120035552-1_11264_7168.png,0,1,0,0.3916015625,0.0224609375,0.037109375,0.041015625,191.0,1.0,19.0,21.0,210.0,22.0,399.0,28.319604517012593,1.105263157894737,1.0,False,True,small,GF6_WFV_E132.4_N35.8_20200914_L1A1120035552-1,WFV,2020-09-14
GF6_WFV_E132.4_N35.8_20200914_L1A1120035552-1_11264_9216.png,0,1,0,0.626953125,0.619140625,0.0390625,0.03125,311.0,309.0,20.0,16.0,331.0,325.0,320.0,25.612496949731394,1.25,181.0,False,True,small,GF6_WFV_E132.4_N35.8_20200914_L1A1120035552-1,WFV,2020-09-14
GF6_WFV_E132.4_N35.8_20200914_L1A1120035552-1_11264_9216.png,1,2,0,0.361328125,0.43359375,0.02734375,0.03125,178.0,214.0,14.0,16.0,192.0,230.0,224.0,21.2602916254693,1.1428571428571428,178.0,False,True,small,GF6_WFV_E132.4_N35.8_20200914_L1A1120035552-1,WFV,2020-09-14
GF6_WFV_E132.4_N35.8_20200914_L1A1120035552-1_11776_10752.png,0,1,0,0.728515625,0.9560546875,0.03125,0.044921875,365.0,478.0,16.0,23.0,381.0,501.0,368.0,28.0178514522438,1.4375,11.0,False,True,small,GF6_WFV_E132.4_N35.8_20200914_L1A1120035552-1,WFV,2020-09-14
GF6_WFV_E132.4_N35.8_20200914_L1A1120035552-1_11776_12288.png,0,1,0,0.9462890625,0.0234375,0.025390625,0.0390625,478.0,2.0,13.0,20.0,491.0,22.0,260.0,23.853720883753127,1.5384615384615385,2.0,False,True,small,GF6_WFV_E132.4_N35.8_20200914_L1A1120035552-1,WFV,2020-09-14
GF6_WFV_E132.4_N35.8_20200914_L1A1120035552-1_11776_13312.png,0,1,0,0.21484375,0.3115234375,0.046875,0.037109375,98.0,150.0,24.0,19.0,122.0,169.0,456.0,30.610455730027933,1.263157894736842,98.0,False,True,small,GF6_WFV_E132.4_N35.8_20200914_L1A1120035552-1,WFV,2020-09-14
GF6_WFV_E132.4_N35.8_20200914_L1A1120035552-1_11776_13824.png,0,1,0,0.609375,0.029296875,0.06640625,0.05859375,295.0,0.0,34.0,30.0,329.0,30.0,1020.0,45.34313619501854,1.1333333333333333,0.0,True,True,small,GF6_WFV_E132.4_N35.8_20200914_L1A1120035552-1,WFV,2020-09-14
GF6_WFV_E132.4_N35.8_20200914_L1A1120035552-1_11776_15872.png,0,1,0,0.2021484375,0.2353515625,0.041015625,0.037109375,93.0,111.0,21.0,19.0,114.0,130.0,399.0,28.319604517012593,1.105263157894737,93.0,False,True,small,GF6_WFV_E132.4_N35.8_20200914_L1A1120035552-1,WFV,2020-09-14
GF6_WFV_E132.4_N35.8_20200914_L1A1120035552-1_11776_15872.png,1,2,0,0.5625,0.28515625,0.03515625,0.02734375,279.0,139.0,18.0,14.0,297.0,153.0,252.0,22.80350850198276,1.2857142857142858,139.0,False,True,small,GF6_WFV_E132.4_N35.8_20200914_L1A1120035552-1,WFV,2020-09-14
GF6_WFV_E132.4_N35.8_20200914_L1A1120035552-1_11776_2048.png,0,1,0,0.427734375,0.400390625,0.03125,0.02734375,211.0,198.0,16.0,14.0,227.0,212.0,224.0,21.2602916254693,1.1428571428571428,198.0,False,True,small,GF6_WFV_E132.4_N35.8_20200914_L1A1120035552-1,WFV,2020-09-14
GF6_WFV_E132.4_N35.8_20200914_L1A1120035552-1_11776_2048.png,1,2,0,0.60546875,0.2197265625,0.02734375,0.029296875,303.0,105.0,14.0,15.0,317.0,120.0,210.0,20.518284528683193,1.0714285714285714,105.0,False,True,small,GF6_WFV_E132.4_N35.8_20200914_L1A1120035552-1,WFV,2020-09-14
GF6_WFV_E132.4_N35.8_20200914_L1A1120035552-1_11776_2048.png,2,3,0,0.96484375,0.080078125,0.03125,0.03125,486.0,33.0,16.0,16.0,502.0,49.0,256.0,22.627416997969522,1.0,10.0,False,True,small,GF6_WFV_E132.4_N35.8_20200914_L1A1120035552-1,WFV,2020-09-14
GF6_WFV_E132.4_N35.8_20200914_L1A1120035552-1_11776_9728.png,0,1,0,0.671875,0.3525390625,0.03515625,0.033203125,335.0,172.0,18.0,17.0,353.0,189.0,306.0,24.758836806279895,1.0588235294117647,159.0,False,True,small,GF6_WFV_E132.4_N35.8_20200914_L1A1120035552-1,WFV,2020-09-14
GF6_WFV_E132.4_N35.8_20200914_L1A1120035552-1_11904_10752.png,0,1,0,0.4765625,0.953125,0.0390625,0.05078125,234.0,475.0,20.0,26.0,254.0,501.0,520.0,32.802438933713454,1.3,11.0,False,True,small,GF6_WFV_E132.4_N35.8_20200914_L1A1120035552-1,WFV,2020-09-14
GF6_WFV_E132.4_N35.8_20200914_L1A1120035552-1_11904_12288.png,0,1,0,0.6953125,0.017578125,0.02734375,0.03125,349.0,1.0,14.0,16.0,363.0,17.0,224.0,21.2602916254693,1.1428571428571428,1.0,False,True,small,GF6_WFV_E132.4_N35.8_20200914_L1A1120035552-1,WFV,2020-09-14
GF6_WFV_E132.4_N35.8_20200914_L1A1120035552-1_11904_13824.png,0,1,0,0.357421875,0.03515625,0.05859375,0.05078125,168.0,5.0,30.0,26.0,198.0,31.0,780.0,39.698866482558415,1.1538461538461537,5.0,False,True,small,GF6_WFV_E132.4_N35.8_20200914_L1A1120035552-1,WFV,2020-09-14
GF6_WFV_E132.4_N35.8_20200914_L1A1120035552-1_11904_14848.png,0,1,0,0.8994140625,0.7177734375,0.041015625,0.041015625,450.0,357.0,21.0,21.0,471.0,378.0,441.0,29.698484809834994,1.0,41.0,False,True,small,GF6_WFV_E132.4_N35.8_20200914_L1A1120035552-1,WFV,2020-09-14
GF6_WFV_E132.4_N35.8_20200914_L1A1120035552-1_11904_15872.png,0,1,0,0.3134765625,0.2880859375,0.041015625,0.033203125,150.0,139.0,21.0,17.0,171.0,156.0,357.0,27.018512172212592,1.2352941176470589,139.0,False,True,small,GF6_WFV_E132.4_N35.8_20200914_L1A1120035552-1,WFV,2020-09-14
GF6_WFV_E132.4_N35.8_20200914_L1A1120035552-1_12416_10240.png,0,1,0,0.8388671875,0.439453125,0.076171875,0.05078125,410.0,212.0,39.0,26.0,449.0,238.0,1014.0,46.87216658103186,1.5,63.0,False,True,small,GF6_WFV_E132.4_N35.8_20200914_L1A1120035552-1,WFV,2020-09-14
GF6_WFV_E132.4_N35.8_20200914_L1A1120035552-1_12416_10752.png,0,1,0,0.751953125,0.62109375,0.046875,0.05078125,373.0,305.0,24.0,26.0,397.0,331.0,624.0,35.38361202590826,1.0833333333333333,115.0,False,True,small,GF6_WFV_E132.4_N35.8_20200914_L1A1120035552-1,WFV,2020-09-14
GF6_WFV_E132.4_N35.8_20200914_L1A1120035552-1_12416_11776.png,0,1,0,0.3564453125,0.8466796875,0.033203125,0.044921875,174.0,422.0,17.0,23.0,191.0,445.0,391.0,28.600699292150182,1.3529411764705883,67.0,False,True,small,GF6_WFV_E132.4_N35.8_20200914_L1A1120035552-1,WFV,2020-09-14
GF6_WFV_E132.4_N35.8_20200914_L1A1120035552-1_12416_12288.png,0,1,0,0.5322265625,0.44921875,0.029296875,0.03515625,265.0,221.0,15.0,18.0,280.0,239.0,270.0,23.430749027719962,1.2,221.0,False,True,small,GF6_WFV_E132.4_N35.8_20200914_L1A1120035552-1,WFV,2020-09-14
GF6_WFV_E132.4_N35.8_20200914_L1A1120035552-1_12416_12800.png,0,1,0,0.7197265625,0.2353515625,0.033203125,0.033203125,360.0,112.0,17.0,17.0,377.0,129.0,289.0,24.041630560342615,1.0,112.0,False,True,small,GF6_WFV_E132.4_N35.8_20200914_L1A1120035552-1,WFV,2020-09-14
GF6_WFV_E132.4_N35.8_20200914_L1A1120035552-1_12416_13312.png,0,1,0,0.31640625,0.8115234375,0.02734375,0.025390625,155.0,409.0,14.0,13.0,169.0,422.0,182.0,19.1049731745428,1.0769230769230769,90.0,False,True,small,GF6_WFV_E132.4_N35.8_20200914_L1A1120035552-1,WFV,2020-09-14
GF6_WFV_E132.4_N35.8_20200914_L1A1120035552-1_12416_15360.png,0,1,0,0.349609375,0.208984375,0.0390625,0.0625,169.0,91.0,20.0,32.0,189.0,123.0,640.0,37.73592452822641,1.6,91.0,False,True,small,GF6_WFV_E132.4_N35.8_20200914_L1A1120035552-1,WFV,2020-09-14
GF6_WFV_E132.4_N35.8_20200914_L1A1120035552-1_12928_7168.png,0,1,0,0.67578125,0.896484375,0.04296875,0.0625,335.0,443.0,22.0,32.0,357.0,475.0,704.0,38.8329756778952,1.4545454545454546,37.0,False,True,small,GF6_WFV_E132.4_N35.8_20200914_L1A1120035552-1,WFV,2020-09-14
GF6_WFV_E132.4_N35.8_20200914_L1A1120035552-1_13440_13824.png,0,1,0,0.4541015625,0.857421875,0.056640625,0.046875,218.0,427.0,29.0,24.0,247.0,451.0,696.0,37.64306044943742,1.2083333333333333,61.0,False,True,small,GF6_WFV_E132.4_N35.8_20200914_L1A1120035552-1,WFV,2020-09-14
GF6_WFV_E132.4_N35.8_20200914_L1A1120035552-1_13440_13824.png,1,2,0,0.28515625,0.6982421875,0.0234375,0.025390625,140.0,351.0,12.0,13.0,152.0,364.0,156.0,17.69180601295413,1.0833333333333333,140.0,False,True,small,GF6_WFV_E132.4_N35.8_20200914_L1A1120035552-1,WFV,2020-09-14
GF6_WFV_E132.4_N35.8_20200914_L1A1120035552-1_13440_13824.png,2,3,0,0.2900390625,0.857421875,0.025390625,0.0234375,142.0,433.0,13.0,12.0,155.0,445.0,156.0,17.69180601295413,1.0833333333333333,67.0,False,True,small,GF6_WFV_E132.4_N35.8_20200914_L1A1120035552-1,WFV,2020-09-14
GF6_WFV_E132.4_N35.8_20200914_L1A1120035552-1_13440_5120.png,0,1,0,0.2392578125,0.0595703125,0.029296875,0.025390625,115.0,24.0,15.0,13.0,130.0,37.0,195.0,19.849433241279208,1.1538461538461537,24.0,False,True,small,GF6_WFV_E132.4_N35.8_20200914_L1A1120035552-1,WFV,2020-09-14
GF6_WFV_E132.4_N35.8_20200914_L1A1120035552-1_6144_0.png,0,1,0,0.5556640625,0.720703125,0.033203125,0.02734375,276.0,362.0,17.0,14.0,293.0,376.0,238.0,22.02271554554524,1.2142857142857142,136.0,False,True,small,GF6_WFV_E132.4_N35.8_20200914_L1A1120035552-1,WFV,2020-09-14
GF6_WFV_E132.4_N35.8_20200914_L1A1120035552-1_6144_16773.png,0,1,0,0.8671875,0.80859375,0.0546875,0.0390625,430.0,404.0,28.0,20.0,458.0,424.0,560.0,34.40930106817051,1.4,54.0,False,True,small,GF6_WFV_E132.4_N35.8_20200914_L1A1120035552-1,WFV,2020-09-14
GF6_WFV_E132.4_N35.8_20200914_L1A1120035552-1_6144_16773.png,1,2,0,0.6767578125,0.873046875,0.048828125,0.05078125,334.0,434.0,25.0,26.0,359.0,460.0,650.0,36.069377593742864,1.04,52.0,False,True,small,GF6_WFV_E132.4_N35.8_20200914_L1A1120035552-1,WFV,2020-09-14
GF6_WFV_E132.4_N35.8_20200914_L1A1120035552-1_6144_17285.png,0,1,0,0.2939453125,0.30078125,0.041015625,0.02734375,140.0,147.0,21.0,14.0,161.0,161.0,294.0,25.238858928247925,1.5,140.0,False,True,small,GF6_WFV_E132.4_N35.8_20200914_L1A1120035552-1,WFV,2020-09-14
GF6_WFV_E132.4_N35.8_20200914_L1A1120035552-1_6144_17285.png,1,2,0,0.5166015625,0.375,0.041015625,0.03125,254.0,184.0,21.0,16.0,275.0,200.0,336.0,26.40075756488817,1.3125,184.0,False,True,small,GF6_WFV_E132.4_N35.8_20200914_L1A1120035552-1,WFV,2020-09-14
GF6_WFV_E132.4_N35.8_20200914_L1A1120035552-1_6144_17285.png,2,3,0,0.6796875,0.4140625,0.0234375,0.0234375,342.0,206.0,12.0,12.0,354.0,218.0,144.0,16.97056274847714,1.0,158.0,False,True,small,GF6_WFV_E132.4_N35.8_20200914_L1A1120035552-1,WFV,2020-09-14
GF6_WFV_E132.4_N35.8_20200914_L1A1120035552-1_6144_17285.png,3,4,0,0.7099609375,0.275390625,0.041015625,0.0625,353.0,125.0,21.0,32.0,374.0,157.0,672.0,38.27531841800928,1.5238095238095237,125.0,False,True,small,GF6_WFV_E132.4_N35.8_20200914_L1A1120035552-1,WFV,2020-09-14
GF6_WFV_E132.4_N35.8_20200914_L1A1120035552-1_6144_17285.png,4,5,0,0.1435546875,0.83984375,0.029296875,0.02734375,66.0,423.0,15.0,14.0,81.0,437.0,210.0,20.518284528683193,1.0714285714285714,66.0,False,True,small,GF6_WFV_E132.4_N35.8_20200914_L1A1120035552-1,WFV,2020-09-14
GF6_WFV_E132.4_N35.8_20200914_L1A1120035552-1_6144_17285.png,5,6,0,0.8896484375,0.83203125,0.025390625,0.03515625,449.0,417.0,13.0,18.0,462.0,435.0,234.0,22.20360331117452,1.3846153846153846,50.0,False,True,small,GF6_WFV_E132.4_N35.8_20200914_L1A1120035552-1,WFV,2020-09-14
GF6_WFV_E132.4_N35.8_20200914_L1A1120035552-1_6144_17285.png,6,7,0,0.9248046875,0.58984375,0.025390625,0.03515625,467.0,293.0,13.0,18.0,480.0,311.0,234.0,22.20360331117452,1.3846153846153846,32.0,False,True,small,GF6_WFV_E132.4_N35.8_20200914_L1A1120035552-1,WFV,2020-09-14
GF6_WFV_E132.4_N35.8_20200914_L1A1120035552-1_6144_17285.png,7,8,0,0.8798828125,0.5107421875,0.025390625,0.029296875,444.0,254.0,13.0,15.0,457.0,269.0,195.0,19.849433241279208,1.1538461538461537,55.0,False,True,small,GF6_WFV_E132.4_N35.8_20200914_L1A1120035552-1,WFV,2020-09-14
GF6_WFV_E132.4_N35.8_20200914_L1A1120035552-1_6656_1536.png,0,1,0,0.408203125,0.18359375,0.03515625,0.04296875,200.0,83.0,18.0,22.0,218.0,105.0,396.0,28.42534080710379,1.2222222222222223,83.0,False,True,small,GF6_WFV_E132.4_N35.8_20200914_L1A1120035552-1,WFV,2020-09-14
GF6_WFV_E132.4_N35.8_20200914_L1A1120035552-1_6656_1536.png,1,2,0,0.98828125,0.1181640625,0.0234375,0.041015625,500.0,50.0,12.0,21.0,512.0,71.0,252.0,24.186773244895647,1.75,0.0,True,True,small,GF6_WFV_E132.4_N35.8_20200914_L1A1120035552-1,WFV,2020-09-14
GF6_WFV_E132.4_N35.8_20200914_L1A1120035552-1_6656_17285.png,0,1,0,0.0244140625,0.7373046875,0.033203125,0.029296875,4.0,370.0,17.0,15.0,21.0,385.0,255.0,22.67156809750927,1.1333333333333333,4.0,False,True,small,GF6_WFV_E132.4_N35.8_20200914_L1A1120035552-1,WFV,2020-09-14
GF6_WFV_E132.4_N35.8_20200914_L1A1120035552-1_6656_17285.png,1,2,0,0.0703125,0.9892578125,0.02734375,0.017578125,29.0,502.0,14.0,9.0,43.0,511.0,126.0,16.64331697709324,1.5555555555555556,1.0,False,True,small,GF6_WFV_E132.4_N35.8_20200914_L1A1120035552-1,WFV,2020-09-14
GF6_WFV_E132.4_N35.8_20200914_L1A1120035552-1_6656_17285.png,2,3,0,0.576171875,0.7734375,0.03515625,0.03125,286.0,388.0,18.0,16.0,304.0,404.0,288.0,24.08318915758459,1.125,108.0,False,True,small,GF6_WFV_E132.4_N35.8_20200914_L1A1120035552-1,WFV,2020-09-14
GF6_WFV_E132.4_N35.8_20200914_L1A1120035552-1_6656_17285.png,3,4,0,0.6943359375,0.712890625,0.033203125,0.0234375,347.0,359.0,17.0,12.0,364.0,371.0,204.0,20.808652046684813,1.4166666666666667,141.0,False,True,small,GF6_WFV_E132.4_N35.8_20200914_L1A1120035552-1,WFV,2020-09-14
GF6_WFV_E132.4_N35.8_20200914_L1A1120035552-1_6656_17285.png,4,5,0,0.7236328125,0.5732421875,0.037109375,0.037109375,361.0,284.0,19.0,19.0,380.0,303.0,361.0,26.870057685088806,1.0,132.0,False,True,small,GF6_WFV_E132.4_N35.8_20200914_L1A1120035552-1,WFV,2020-09-14
GF6_WFV_E132.4_N35.8_20200914_L1A1120035552-1_6656_17285.png,5,6,0,0.8349609375,0.5400390625,0.033203125,0.029296875,419.0,269.0,17.0,15.0,436.0,284.0,255.0,22.67156809750927,1.1333333333333333,76.0,False,True,small,GF6_WFV_E132.4_N35.8_20200914_L1A1120035552-1,WFV,2020-09-14
GF6_WFV_E132.4_N35.8_20200914_L1A1120035552-1_6656_17285.png,6,7,0,0.951171875,0.498046875,0.0390625,0.03515625,477.0,246.0,20.0,18.0,497.0,264.0,360.0,26.90724809414742,1.1111111111111112,15.0,False,True,small,GF6_WFV_E132.4_N35.8_20200914_L1A1120035552-1,WFV,2020-09-14
GF6_WFV_E132.4_N35.8_20200914_L1A1120035552-1_6656_17285.png,7,8,0,0.6689453125,0.978515625,0.025390625,0.02734375,336.0,494.0,13.0,14.0,349.0,508.0,182.0,19.1049731745428,1.0769230769230769,4.0,False,True,small,GF6_WFV_E132.4_N35.8_20200914_L1A1120035552-1,WFV,2020-09-14
GF6_WFV_E132.4_N35.8_20200914_L1A1120035552-1_6656_512.png,0,1,0,0.3193359375,0.94140625,0.033203125,0.03125,155.0,474.0,17.0,16.0,172.0,490.0,272.0,23.345235059857504,1.0625,22.0,False,True,small,GF6_WFV_E132.4_N35.8_20200914_L1A1120035552-1,WFV,2020-09-14
GF6_WFV_E132.4_N35.8_20200914_L1A1120035552-1_7168_1536.png,0,1,0,0.5654296875,0.310546875,0.033203125,0.0390625,281.0,149.0,17.0,20.0,298.0,169.0,340.0,26.248809496813376,1.1764705882352942,149.0,False,True,small,GF6_WFV_E132.4_N35.8_20200914_L1A1120035552-1,WFV,2020-09-14
GF6_WFV_E132.4_N35.8_20200914_L1A1120035552-1_7168_1536.png,1,2,0,0.66015625,0.203125,0.0234375,0.02734375,332.0,97.0,12.0,14.0,344.0,111.0,168.0,18.439088914585774,1.1666666666666667,97.0,False,True,small,GF6_WFV_E132.4_N35.8_20200914_L1A1120035552-1,WFV,2020-09-14
GF6_WFV_E132.4_N35.8_20200914_L1A1120035552-1_7168_17285.png,0,1,0,0.0361328125,0.8115234375,0.029296875,0.021484375,11.0,410.0,15.0,11.0,26.0,421.0,165.0,18.601075237738275,1.3636363636363635,11.0,False,True,small,GF6_WFV_E132.4_N35.8_20200914_L1A1120035552-1,WFV,2020-09-14
GF6_WFV_E132.4_N35.8_20200914_L1A1120035552-1_7168_17285.png,1,2,0,0.236328125,0.67578125,0.03125,0.0234375,113.0,340.0,16.0,12.0,129.0,352.0,192.0,20.0,1.3333333333333333,113.0,False,True,small,GF6_WFV_E132.4_N35.8_20200914_L1A1120035552-1,WFV,2020-09-14
GF6_WFV_E132.4_N35.8_20200914_L1A1120035552-1_7168_17285.png,2,3,0,0.41015625,0.7529296875,0.03515625,0.033203125,201.0,377.0,18.0,17.0,219.0,394.0,306.0,24.758836806279895,1.0588235294117647,118.0,False,True,small,GF6_WFV_E132.4_N35.8_20200914_L1A1120035552-1,WFV,2020-09-14
GF6_WFV_E132.4_N35.8_20200914_L1A1120035552-1_7168_17285.png,3,4,0,0.61328125,0.763671875,0.0234375,0.0234375,308.0,385.0,12.0,12.0,320.0,397.0,144.0,16.97056274847714,1.0,115.0,False,True,small,GF6_WFV_E132.4_N35.8_20200914_L1A1120035552-1,WFV,2020-09-14
GF6_WFV_E132.4_N35.8_20200914_L1A1120035552-1_7168_17285.png,4,5,0,0.8046875,0.8828125,0.02734375,0.03515625,405.0,443.0,14.0,18.0,419.0,461.0,252.0,22.80350850198276,1.2857142857142858,51.0,False,True,small,GF6_WFV_E132.4_N35.8_20200914_L1A1120035552-1,WFV,2020-09-14
GF6_WFV_E132.4_N35.8_20200914_L1A1120035552-1_7168_17285.png,5,6,0,0.6435546875,0.3505859375,0.033203125,0.029296875,321.0,172.0,17.0,15.0,338.0,187.0,255.0,22.67156809750927,1.1333333333333333,172.0,False,True,small,GF6_WFV_E132.4_N35.8_20200914_L1A1120035552-1,WFV,2020-09-14
GF6_WFV_E132.4_N35.8_20200914_L1A1120035552-1_7168_17285.png,6,7,0,0.947265625,0.2783203125,0.0234375,0.029296875,479.0,135.0,12.0,15.0,491.0,150.0,180.0,19.209372712298546,1.25,21.0,False,True,small,GF6_WFV_E132.4_N35.8_20200914_L1A1120035552-1,WFV,2020-09-14
GF6_WFV_E132.4_N35.8_20200914_L1A1120035552-1_7168_512.png,0,1,0,0.984375,0.611328125,0.03125,0.02734375,496.0,306.0,16.0,14.0,512.0,320.0,224.0,21.2602916254693,1.1428571428571428,0.0,True,True,small,GF6_WFV_E132.4_N35.8_20200914_L1A1120035552-1,WFV,2020-09-14
GF6_WFV_E132.4_N35.8_20200914_L1A1120035552-1_7680_1024.png,0,1,0,0.6142578125,0.234375,0.021484375,0.03125,309.0,112.0,11.0,16.0,320.0,128.0,176.0,19.4164878389476,1.4545454545454546,112.0,False,True,small,GF6_WFV_E132.4_N35.8_20200914_L1A1120035552-1,WFV,2020-09-14
GF6_WFV_E132.4_N35.8_20200914_L1A1120035552-1_7680_16773.png,0,1,0,0.4560546875,0.9443359375,0.025390625,0.025390625,227.0,477.0,13.0,13.0,240.0,490.0,169.0,18.384776310850235,1.0,22.0,False,True,small,GF6_WFV_E132.4_N35.8_20200914_L1A1120035552-1,WFV,2020-09-14
GF6_WFV_E132.4_N35.8_20200914_L1A1120035552-1_7680_16773.png,1,2,0,0.6767578125,0.9697265625,0.025390625,0.033203125,340.0,488.0,13.0,17.0,353.0,505.0,221.0,21.400934559032695,1.3076923076923077,7.0,False,True,small,GF6_WFV_E132.4_N35.8_20200914_L1A1120035552-1,WFV,2020-09-14
GF6_WFV_E132.4_N35.8_20200914_L1A1120035552-1_7680_16773.png,2,3,0,0.5146484375,0.8828125,0.029296875,0.02734375,256.0,445.0,15.0,14.0,271.0,459.0,210.0,20.518284528683193,1.0714285714285714,53.0,False,True,small,GF6_WFV_E132.4_N35.8_20200914_L1A1120035552-1,WFV,2020-09-14
GF6_WFV_E132.4_N35.8_20200914_L1A1120035552-1_7680_16773.png,3,4,0,0.62109375,0.8720703125,0.03125,0.025390625,310.0,440.0,16.0,13.0,326.0,453.0,208.0,20.615528128088304,1.2307692307692308,59.0,False,True,small,GF6_WFV_E132.4_N35.8_20200914_L1A1120035552-1,WFV,2020-09-14
GF6_WFV_E132.4_N35.8_20200914_L1A1120035552-1_7680_16773.png,4,5,0,0.748046875,0.923828125,0.02734375,0.0390625,376.0,463.0,14.0,20.0,390.0,483.0,280.0,24.413111231467404,1.4285714285714286,29.0,False,True,small,GF6_WFV_E132.4_N35.8_20200914_L1A1120035552-1,WFV,2020-09-14
GF6_WFV_E132.4_N35.8_20200914_L1A1120035552-1_7680_16773.png,5,6,0,0.875,0.833984375,0.0234375,0.0234375,442.0,421.0,12.0,12.0,454.0,433.0,144.0,16.97056274847714,1.0,58.0,False,True,small,GF6_WFV_E132.4_N35.8_20200914_L1A1120035552-1,WFV,2020-09-14
GF6_WFV_E132.4_N35.8_20200914_L1A1120035552-1_7680_16773.png,6,7,0,0.72265625,0.8291015625,0.03515625,0.037109375,361.0,415.0,18.0,19.0,379.0,434.0,342.0,26.1725046566048,1.0555555555555556,78.0,False,True,small,GF6_WFV_E132.4_N35.8_20200914_L1A1120035552-1,WFV,2020-09-14
GF6_WFV_E132.4_N35.8_20200914_L1A1120035552-1_7680_16773.png,7,8,0,0.662109375,0.7373046875,0.02734375,0.033203125,332.0,369.0,14.0,17.0,346.0,386.0,238.0,22.02271554554524,1.2142857142857142,126.0,False,True,small,GF6_WFV_E132.4_N35.8_20200914_L1A1120035552-1,WFV,2020-09-14
GF6_WFV_E132.4_N35.8_20200914_L1A1120035552-1_7680_16773.png,8,9,0,0.5390625,0.7919921875,0.0234375,0.025390625,270.0,399.0,12.0,13.0,282.0,412.0,156.0,17.69180601295413,1.0833333333333333,100.0,False,True,small,GF6_WFV_E132.4_N35.8_20200914_L1A1120035552-1,WFV,2020-09-14
GF6_WFV_E132.4_N35.8_20200914_L1A1120035552-1_7680_16773.png,9,10,0,0.60546875,0.7763671875,0.02734375,0.029296875,303.0,390.0,14.0,15.0,317.0,405.0,210.0,20.518284528683193,1.0714285714285714,107.0,False,True,small,GF6_WFV_E132.4_N35.8_20200914_L1A1120035552-1,WFV,2020-09-14
GF6_WFV_E132.4_N35.8_20200914_L1A1120035552-1_7680_16773.png,10,11,0,0.5263671875,0.7021484375,0.017578125,0.029296875,265.0,352.0,9.0,15.0,274.0,367.0,135.0,17.4928556845359,1.6666666666666667,145.0,False,True,small,GF6_WFV_E132.4_N35.8_20200914_L1A1120035552-1,WFV,2020-09-14
GF6_WFV_E132.4_N35.8_20200914_L1A1120035552-1_7680_17285.png,0,1,0,0.0908203125,0.7490234375,0.025390625,0.029296875,40.0,376.0,13.0,15.0,53.0,391.0,195.0,19.849433241279208,1.1538461538461537,40.0,False,True,small,GF6_WFV_E132.4_N35.8_20200914_L1A1120035552-1,WFV,2020-09-14
GF6_WFV_E132.4_N35.8_20200914_L1A1120035552-1_7680_17285.png,1,2,0,0.3623046875,0.7216796875,0.029296875,0.029296875,178.0,362.0,15.0,15.0,193.0,377.0,225.0,21.213203435596427,1.0,135.0,False,True,small,GF6_WFV_E132.4_N35.8_20200914_L1A1120035552-1,WFV,2020-09-14
GF6_WFV_E132.4_N35.8_20200914_L1A1120035552-1_7680_17285.png,2,3,0,0.552734375,0.3232421875,0.0234375,0.037109375,277.0,156.0,12.0,19.0,289.0,175.0,228.0,22.47220505424423,1.5833333333333333,156.0,False,True,small,GF6_WFV_E132.4_N35.8_20200914_L1A1120035552-1,WFV,2020-09-14
GF6_WFV_E132.4_N35.8_20200914_L1A1120035552-1_7680_17285.png,3,4,0,0.8154296875,0.34375,0.025390625,0.04296875,411.0,165.0,13.0,22.0,424.0,187.0,286.0,25.553864678361276,1.6923076923076923,88.0,False,True,small,GF6_WFV_E132.4_N35.8_20200914_L1A1120035552-1,WFV,2020-09-14
GF6_WFV_E132.4_N35.8_20200914_L1A1120035552-1_7680_17285.png,4,5,0,0.84375,0.095703125,0.04296875,0.046875,421.0,37.0,22.0,24.0,443.0,61.0,528.0,32.55764119219941,1.0909090909090908,37.0,False,True,small,GF6_WFV_E132.4_N35.8_20200914_L1A1120035552-1,WFV,2020-09-14
GF6_WFV_E132.4_N35.8_20200914_L1A1120035552-1_7680_17285.png,5,6,0,0.7529296875,0.1904296875,0.029296875,0.041015625,378.0,87.0,15.0,21.0,393.0,108.0,315.0,25.80697580112788,1.4,87.0,False,True,small,GF6_WFV_E132.4_N35.8_20200914_L1A1120035552-1,WFV,2020-09-14
GF6_WFV_E132.4_N35.8_20200914_L1A1120035552-1_7680_17285.png,6,7,0,0.634765625,0.1142578125,0.03125,0.041015625,317.0,48.0,16.0,21.0,333.0,69.0,336.0,26.40075756488817,1.3125,48.0,False,True,small,GF6_WFV_E132.4_N35.8_20200914_L1A1120035552-1,WFV,2020-09-14
GF6_WFV_E132.4_N35.8_20200914_L1A1120035552-1_7680_17285.png,7,8,0,0.5048828125,0.177734375,0.029296875,0.0390625,251.0,81.0,15.0,20.0,266.0,101.0,300.0,25.0,1.3333333333333333,81.0,False,True,small,GF6_WFV_E132.4_N35.8_20200914_L1A1120035552-1,WFV,2020-09-14
GF6_WFV_E132.4_N35.8_20200914_L1A1120035552-1_7680_17285.png,8,9,0,0.19624573378839588,0.8637305699481865,0.023890784982935148,0.023834196891191706,94.36177474402729,436.1284974093264,12.232081911262796,12.203108808290153,106.59385665529008,448.3316062176166,149.2694265150577,17.278301203266807,1.0023742395014097,63.66839378238342,False,True,small,GF6_WFV_E132.4_N35.8_20200914_L1A1120035552-1,WFV,2020-09-14
GF6_WFV_E132.4_N35.8_20200914_L1A1120035552-1_7680_17285.png,9,10,0,0.8890784982935154,0.8243523316062176,0.023890784982935176,0.025906735751295318,449.09215017064844,415.43626943005177,12.23208191126281,13.264248704663203,461.32423208191125,428.70051813471497,162.24937664680192,18.04339551146076,1.0843819393042173,50.67576791808875,False,True,small,GF6_WFV_E132.4_N35.8_20200914_L1A1120035552-1,WFV,2020-09-14
GF6_WFV_E132.4_N35.8_20200914_L1A1120035552-1_7680_3584.png,0,1,0,0.8974609375,0.9443359375,0.033203125,0.037109375,451.0,474.0,17.0,19.0,468.0,493.0,323.0,25.495097567963924,1.1176470588235294,19.0,False,True,small,GF6_WFV_E132.4_N35.8_20200914_L1A1120035552-1,WFV,2020-09-14
GF6_WFV_E132.4_N35.8_20200914_L1A1120035552-1_7680_5120.png,0,1,0,0.7099609375,0.5517578125,0.029296875,0.029296875,356.0,275.0,15.0,15.0,371.0,290.0,225.0,21.213203435596427,1.0,141.0,False,True,small,GF6_WFV_E132.4_N35.8_20200914_L1A1120035552-1,WFV,2020-09-14
GF6_WFV_E132.4_N35.8_20200914_L1A1120035552-1_7680_5120.png,1,2,0,0.7607421875,0.7724609375,0.029296875,0.037109375,382.0,386.0,15.0,19.0,397.0,405.0,285.0,24.20743687382041,1.2666666666666666,107.0,False,True,small,GF6_WFV_E132.4_N35.8_20200914_L1A1120035552-1,WFV,2020-09-14
GF6_WFV_E132.4_N35.8_20200914_L1A1120035552-1_7680_5120.png,2,3,0,0.798828125,0.7099609375,0.01953125,0.025390625,404.0,357.0,10.0,13.0,414.0,370.0,130.0,16.401219466856727,1.3,98.0,False,True,small,GF6_WFV_E132.4_N35.8_20200914_L1A1120035552-1,WFV,2020-09-14
GF6_WFV_E132.4_N35.8_20200914_L1A1120035552-1_7680_5120.png,3,4,0,0.9150390625,0.84765625,0.025390625,0.02734375,462.0,427.0,13.0,14.0,475.0,441.0,182.0,19.1049731745428,1.0769230769230769,37.0,False,True,small,GF6_WFV_E132.4_N35.8_20200914_L1A1120035552-1,WFV,2020-09-14
GF6_WFV_E132.4_N35.8_20200914_L1A1120035552-1_7680_5120.png,4,5,0,0.5673828125,0.4189453125,0.025390625,0.025390625,284.0,208.0,13.0,13.0,297.0,221.0,169.0,18.384776310850235,1.0,208.0,False,True,small,GF6_WFV_E132.4_N35.8_20200914_L1A1120035552-1,WFV,2020-09-14
GF6_WFV_E132.4_N35.8_20200914_L1A1120035552-1_7680_5632.png,0,1,0,0.556640625,0.1123046875,0.01953125,0.029296875,280.0,50.0,10.0,15.0,290.0,65.0,150.0,18.027756377319946,1.5,50.0,False,True,small,GF6_WFV_E132.4_N35.8_20200914_L1A1120035552-1,WFV,2020-09-14
GF6_WFV_E132.4_N35.8_20200914_L1A1120035552-1_8192_16384.png,0,1,0,0.8427734375,0.1611328125,0.029296875,0.033203125,424.0,74.0,15.0,17.0,439.0,91.0,255.0,22.67156809750927,1.1333333333333333,73.0,False,True,small,GF6_WFV_E132.4_N35.8_20200914_L1A1120035552-1,WFV,2020-09-14
GF6_WFV_E132.4_N35.8_20200914_L1A1120035552-1_8192_16384.png,1,2,0,0.640625,0.509765625,0.03125,0.02734375,320.0,254.0,16.0,14.0,336.0,268.0,224.0,21.2602916254693,1.1428571428571428,176.0,False,True,small,GF6_WFV_E132.4_N35.8_20200914_L1A1120035552-1,WFV,2020-09-14
GF6_WFV_E132.4_N35.8_20200914_L1A1120035552-1_8192_16384.png,2,3,0,0.01171875,0.9013671875,0.01953125,0.033203125,1.0,453.0,10.0,17.0,11.0,470.0,170.0,19.72308292331602,1.7,1.0,False,True,small,GF6_WFV_E132.4_N35.8_20200914_L1A1120035552-1,WFV,2020-09-14
GF6_WFV_E132.4_N35.8_20200914_L1A1120035552-1_8192_16773.png,0,1,0,0.91796875,0.6669921875,0.03515625,0.033203125,461.0,333.0,18.0,17.0,479.0,350.0,306.0,24.758836806279895,1.0588235294117647,33.0,False,True,small,GF6_WFV_E132.4_N35.8_20200914_L1A1120035552-1,WFV,2020-09-14
GF6_WFV_E132.4_N35.8_20200914_L1A1120035552-1_8192_16773.png,1,2,0,0.8603515625,0.5322265625,0.037109375,0.033203125,431.0,264.0,19.0,17.0,450.0,281.0,323.0,25.495097567963924,1.1176470588235294,62.0,False,True,small,GF6_WFV_E132.4_N35.8_20200914_L1A1120035552-1,WFV,2020-09-14
GF6_WFV_E132.4_N35.8_20200914_L1A1120035552-1_8192_16773.png,2,3,0,0.1162109375,0.5576171875,0.025390625,0.029296875,53.0,278.0,13.0,15.0,66.0,293.0,195.0,19.849433241279208,1.1538461538461537,53.0,False,True,small,GF6_WFV_E132.4_N35.8_20200914_L1A1120035552-1,WFV,2020-09-14
GF6_WFV_E132.4_N35.8_20200914_L1A1120035552-1_8192_16773.png,3,4,0,0.255859375,0.517578125,0.02734375,0.0234375,124.0,259.0,14.0,12.0,138.0,271.0,168.0,18.439088914585774,1.1666666666666667,124.0,False,True,small,GF6_WFV_E132.4_N35.8_20200914_L1A1120035552-1,WFV,2020-09-14
GF6_WFV_E132.4_N35.8_20200914_L1A1120035552-1_8192_16773.png,4,5,0,0.009765625,0.1376953125,0.015625,0.041015625,1.0,60.0,8.0,21.0,9.0,81.0,168.0,22.47220505424423,2.625,1.0,False,True,small,GF6_WFV_E132.4_N35.8_20200914_L1A1120035552-1,WFV,2020-09-14
GF6_WFV_E132.4_N35.8_20200914_L1A1120035552-1_8192_16896.png,0,1,0,0.9140625,0.4287109375,0.0390625,0.044921875,458.0,208.0,20.0,23.0,478.0,231.0,460.0,30.479501308256342,1.15,34.0,False,True,small,GF6_WFV_E132.4_N35.8_20200914_L1A1120035552-1,WFV,2020-09-14
GF6_WFV_E132.4_N35.8_20200914_L1A1120035552-1_8192_16896.png,1,2,0,0.857421875,0.2900390625,0.03515625,0.033203125,430.0,140.0,18.0,17.0,448.0,157.0,306.0,24.758836806279895,1.0588235294117647,64.0,False,True,small,GF6_WFV_E132.4_N35.8_20200914_L1A1120035552-1,WFV,2020-09-14
GF6_WFV_E132.4_N35.8_20200914_L1A1120035552-1_8192_16896.png,2,3,0,0.1171875,0.3212890625,0.0234375,0.029296875,54.0,157.0,12.0,15.0,66.0,172.0,180.0,19.209372712298546,1.25,54.0,False,True,small,GF6_WFV_E132.4_N35.8_20200914_L1A1120035552-1,WFV,2020-09-14
GF6_WFV_E132.4_N35.8_20200914_L1A1120035552-1_8192_16896.png,3,4,0,0.25853242320819114,0.27875647668393777,0.022184300341296953,0.0227979274611399,126.68941979522185,136.88704663212434,11.35836177474404,11.672538860103629,138.04778156996588,148.55958549222797,132.58091920281544,16.28682122596659,1.0276604224790744,126.68941979522185,False,True,small,GF6_WFV_E132.4_N35.8_20200914_L1A1120035552-1,WFV,2020-09-14
GF6_WFV_E132.4_N35.8_20200914_L1A1120035552-1_8192_17285.png,0,1,0,0.1884765625,0.2998046875,0.029296875,0.037109375,89.0,144.0,15.0,19.0,104.0,163.0,285.0,24.20743687382041,1.2666666666666666,89.0,False,True,small,GF6_WFV_E132.4_N35.8_20200914_L1A1120035552-1,WFV,2020-09-14
GF6_WFV_E132.4_N35.8_20200914_L1A1120035552-1_8192_17285.png,1,2,0,0.162109375,0.6630859375,0.03515625,0.029296875,74.0,332.0,18.0,15.0,92.0,347.0,270.0,23.430749027719962,1.2,74.0,False,True,small,GF6_WFV_E132.4_N35.8_20200914_L1A1120035552-1,WFV,2020-09-14
GF6_WFV_E132.4_N35.8_20200914_L1A1120035552-1_8192_17285.png,2,3,0,0.29296875,0.7822265625,0.03125,0.029296875,142.0,393.0,16.0,15.0,158.0,408.0,240.0,21.93171219946131,1.0666666666666667,104.0,False,True,small,GF6_WFV_E132.4_N35.8_20200914_L1A1120035552-1,WFV,2020-09-14
GF6_WFV_E132.4_N35.8_20200914_L1A1120035552-1_8192_17285.png,3,4,0,0.4814453125,0.4267578125,0.029296875,0.033203125,239.0,210.0,15.0,17.0,254.0,227.0,255.0,22.67156809750927,1.1333333333333333,210.0,False,True,small,GF6_WFV_E132.4_N35.8_20200914_L1A1120035552-1,WFV,2020-09-14
GF6_WFV_E132.4_N35.8_20200914_L1A1120035552-1_8192_2048.png,0,1,0,0.6728515625,0.9677734375,0.037109375,0.029296875,335.0,488.0,19.0,15.0,354.0,503.0,285.0,24.20743687382041,1.2666666666666666,9.0,False,True,small,GF6_WFV_E132.4_N35.8_20200914_L1A1120035552-1,WFV,2020-09-14
GF6_WFV_E132.4_N35.8_20200914_L1A1120035552-1_8192_4096.png,0,1,0,0.0302734375,0.615234375,0.025390625,0.03125,9.0,307.0,13.0,16.0,22.0,323.0,208.0,20.615528128088304,1.2307692307692308,9.0,False,True,small,GF6_WFV_E132.4_N35.8_20200914_L1A1120035552-1,WFV,2020-09-14
GF6_WFV_E132.4_N35.8_20200914_L1A1120035552-1_8192_5120.png,0,1,0,0.28515625,0.4384765625,0.03515625,0.025390625,137.0,218.0,18.0,13.0,155.0,231.0,234.0,22.20360331117452,1.3846153846153846,137.0,False,True,small,GF6_WFV_E132.4_N35.8_20200914_L1A1120035552-1,WFV,2020-09-14
GF6_WFV_E132.4_N35.8_20200914_L1A1120035552-1_8192_5120.png,1,2,0,0.6220703125,0.6376953125,0.021484375,0.025390625,313.0,320.0,11.0,13.0,324.0,333.0,143.0,17.029386365926403,1.1818181818181819,179.0,False,True,small,GF6_WFV_E132.4_N35.8_20200914_L1A1120035552-1,WFV,2020-09-14
GF6_WFV_E132.4_N35.8_20200914_L1A1120035552-1_8192_5120.png,2,3,0,0.86328125,0.4892578125,0.02734375,0.025390625,435.0,244.0,14.0,13.0,449.0,257.0,182.0,19.1049731745428,1.0769230769230769,63.0,False,True,small,GF6_WFV_E132.4_N35.8_20200914_L1A1120035552-1,WFV,2020-09-14
GF6_WFV_E132.4_N35.8_20200914_L1A1120035552-1_8192_5632.png,0,1,0,0.490234375,0.5537109375,0.03125,0.037109375,243.0,274.0,16.0,19.0,259.0,293.0,304.0,24.839484696748443,1.1875,219.0,False,True,small,GF6_WFV_E132.4_N35.8_20200914_L1A1120035552-1,WFV,2020-09-14
GF6_WFV_E132.4_N35.8_20200914_L1A1120035552-1_8704_13312.png,0,1,0,0.9453125,0.9365234375,0.0234375,0.029296875,478.0,472.0,12.0,15.0,490.0,487.0,180.0,19.209372712298546,1.25,22.0,False,True,small,GF6_WFV_E132.4_N35.8_20200914_L1A1120035552-1,WFV,2020-09-14
GF6_WFV_E132.4_N35.8_20200914_L1A1120035552-1_8704_13312.png,1,2,0,0.8740234375,0.6455078125,0.029296875,0.048828125,440.0,318.0,15.0,25.0,455.0,343.0,375.0,29.154759474226502,1.6666666666666667,57.0,False,True,small,GF6_WFV_E132.4_N35.8_20200914_L1A1120035552-1,WFV,2020-09-14
GF6_WFV_E132.4_N35.8_20200914_L1A1120035552-1_8704_13312.png,2,3,0,0.9931640625,0.9306640625,0.013671875,0.025390625,505.0,470.0,7.0,13.0,512.0,483.0,91.0,14.7648230602334,1.8571428571428572,0.0,True,True,small,GF6_WFV_E132.4_N35.8_20200914_L1A1120035552-1,WFV,2020-09-14
GF6_WFV_E132.4_N35.8_20200914_L1A1120035552-1_8704_13312.png,3,4,0,0.9658203125,0.8623046875,0.021484375,0.025390625,489.0,435.0,11.0,13.0,500.0,448.0,143.0,17.029386365926403,1.1818181818181819,12.0,False,True,small,GF6_WFV_E132.4_N35.8_20200914_L1A1120035552-1,WFV,2020-09-14
GF6_WFV_E132.4_N35.8_20200914_L1A1120035552-1_8704_13312.png,4,5,0,0.9912109375,0.8330078125,0.017578125,0.025390625,503.0,420.0,9.0,13.0,512.0,433.0,117.0,15.811388300841896,1.4444444444444444,0.0,True,True,small,GF6_WFV_E132.4_N35.8_20200914_L1A1120035552-1,WFV,2020-09-14
GF6_WFV_E132.4_N35.8_20200914_L1A1120035552-1_8704_13312.png,5,6,0,0.9921875,0.859375,0.015625,0.0234375,504.0,434.0,8.0,12.0,512.0,446.0,96.0,14.422205101855956,1.5,0.0,True,True,small,GF6_WFV_E132.4_N35.8_20200914_L1A1120035552-1,WFV,2020-09-14
GF6_WFV_E132.4_N35.8_20200914_L1A1120035552-1_8704_13312.png,6,7,0,0.888671875,0.740234375,0.01953125,0.02734375,450.0,372.0,10.0,14.0,460.0,386.0,140.0,17.204650534085253,1.4,52.0,False,True,small,GF6_WFV_E132.4_N35.8_20200914_L1A1120035552-1,WFV,2020-09-14
GF6_WFV_E132.4_N35.8_20200914_L1A1120035552-1_8704_13312.png,7,8,0,0.9375,0.806640625,0.0234375,0.02734375,474.0,406.0,12.0,14.0,486.0,420.0,168.0,18.439088914585774,1.1666666666666667,26.0,False,True,small,GF6_WFV_E132.4_N35.8_20200914_L1A1120035552-1,WFV,2020-09-14
GF6_WFV_E132.4_N35.8_20200914_L1A1120035552-1_8704_13312.png,8,9,0,0.9240614334470989,0.7093264248704663,0.020477815699658675,0.02797927461139904,467.87713310580205,356.01243523316055,10.484641638225241,14.325388601036309,478.3617747440273,370.33782383419685,150.19656581018253,17.75230883160575,1.3663212435233216,33.63822525597271,False,True,small,GF6_WFV_E132.4_N35.8_20200914_L1A1120035552-1,WFV,2020-09-14
GF6_WFV_E132.4_N35.8_20200914_L1A1120035552-1_8704_13824.png,0,1,0,0.984375,0.662109375,0.01953125,0.0234375,499.0,333.0,10.0,12.0,509.0,345.0,120.0,15.620499351813308,1.2,3.0,False,True,small,GF6_WFV_E132.4_N35.8_20200914_L1A1120035552-1,WFV,2020-09-14
GF6_WFV_E132.4_N35.8_20200914_L1A1120035552-1_8704_13824.png,1,2,0,0.9736328125,0.107421875,0.017578125,0.03125,494.0,47.0,9.0,16.0,503.0,63.0,144.0,18.35755975068582,1.7777777777777777,9.0,False,True,small,GF6_WFV_E132.4_N35.8_20200914_L1A1120035552-1,WFV,2020-09-14
GF6_WFV_E132.4_N35.8_20200914_L1A1120035552-1_8704_13824.png,2,3,0,0.9892578125,0.021484375,0.021484375,0.0234375,501.0,5.0,11.0,12.0,512.0,17.0,132.0,16.278820596099706,1.0909090909090908,0.0,True,True,small,GF6_WFV_E132.4_N35.8_20200914_L1A1120035552-1,WFV,2020-09-14
GF6_WFV_E132.4_N35.8_20200914_L1A1120035552-1_8704_13824.png,3,4,0,0.9496587030716723,0.050259067357512954,0.013651877133105783,0.030051813471502598,482.73037542662115,18.039378238341968,6.989761092150161,15.38652849740933,489.7201365187713,33.4259067357513,107.5481582344514,16.899763883762567,2.2012953367875685,18.039378238341968,False,True,small,GF6_WFV_E132.4_N35.8_20200914_L1A1120035552-1,WFV,2020-09-14
GF6_WFV_E132.4_N35.8_20200914_L1A1120035552-1_8704_13824.png,4,5,0,0.9594709897610922,0.10466321243523316,0.017918088737201354,0.04145077720207253,486.66211604095565,42.97616580310881,9.174061433447093,21.222797927461137,495.83617747440275,64.19896373056994,194.69925197616212,23.12078188674661,2.3133481371823352,16.163822525597254,False,True,small,GF6_WFV_E132.4_N35.8_20200914_L1A1120035552-1,WFV,2020-09-14
GF6_WFV_E132.4_N35.8_20200914_L1A1120035552-1_8704_13824.png,5,6,0,0.94240614334471,0.012435233160621761,0.014505119453924853,0.02072538860103627,478.79863481228676,1.0611398963730565,7.426621160409525,10.61139896373057,486.2252559726963,11.672538860103627,78.80684008558916,12.952084381585257,1.4288326729655654,1.0611398963730565,False,True,small,GF6_WFV_E132.4_N35.8_20200914_L1A1120035552-1,WFV,2020-09-14
GF6_WFV_E132.4_N35.8_20200914_L1A1120035552-1_8704_14848.png,0,1,0,0.69921875,0.927734375,0.0234375,0.03125,352.0,467.0,12.0,16.0,364.0,483.0,192.0,20.0,1.3333333333333333,29.0,False,True,small,GF6_WFV_E132.4_N35.8_20200914_L1A1120035552-1,WFV,2020-09-14
GF6_WFV_E132.4_N35.8_20200914_L1A1120035552-1_8704_14848.png,1,2,0,0.80078125,0.8125,0.01953125,0.01953125,405.0,411.0,10.0,10.0,415.0,421.0,100.0,14.142135623730951,1.0,91.0,False,True,small,GF6_WFV_E132.4_N35.8_20200914_L1A1120035552-1,WFV,2020-09-14
GF6_WFV_E132.4_N35.8_20200914_L1A1120035552-1_8704_14848.png,2,3,0,0.8095703125,0.7861328125,0.021484375,0.029296875,409.0,395.0,11.0,15.0,420.0,410.0,165.0,18.601075237738275,1.3636363636363635,92.0,False,True,small,GF6_WFV_E132.4_N35.8_20200914_L1A1120035552-1,WFV,2020-09-14
GF6_WFV_E132.4_N35.8_20200914_L1A1120035552-1_8704_14848.png,3,4,0,0.8916015625,0.6650390625,0.021484375,0.025390625,451.0,334.0,11.0,13.0,462.0,347.0,143.0,17.029386365926403,1.1818181818181819,50.0,False,True,small,GF6_WFV_E132.4_N35.8_20200914_L1A1120035552-1,WFV,2020-09-14
GF6_WFV_E132.4_N35.8_20200914_L1A1120035552-1_8704_14848.png,4,5,0,0.900390625,0.6376953125,0.01953125,0.025390625,456.0,320.0,10.0,13.0,466.0,333.0,130.0,16.401219466856727,1.3,46.0,False,True,small,GF6_WFV_E132.4_N35.8_20200914_L1A1120035552-1,WFV,2020-09-14
GF6_WFV_E132.4_N35.8_20200914_L1A1120035552-1_8704_15360.png,0,1,0,0.5,0.1865234375,0.02734375,0.029296875,249.0,88.0,14.0,15.0,263.0,103.0,210.0,20.518284528683193,1.0714285714285714,88.0,False,True,small,GF6_WFV_E132.4_N35.8_20200914_L1A1120035552-1,WFV,2020-09-14
GF6_WFV_E132.4_N35.8_20200914_L1A1120035552-1_8704_15360.png,1,2,0,0.345703125,0.4169921875,0.02734375,0.025390625,170.0,207.0,14.0,13.0,184.0,220.0,182.0,19.1049731745428,1.0769230769230769,170.0,False,True,small,GF6_WFV_E132.4_N35.8_20200914_L1A1120035552-1,WFV,2020-09-14
GF6_WFV_E132.4_N35.8_20200914_L1A1120035552-1_8704_15360.png,2,3,0,0.3583984375,0.564453125,0.021484375,0.0234375,178.0,283.0,11.0,12.0,189.0,295.0,132.0,16.278820596099706,1.0909090909090908,178.0,False,True,small,GF6_WFV_E132.4_N35.8_20200914_L1A1120035552-1,WFV,2020-09-14
GF6_WFV_E132.4_N35.8_20200914_L1A1120035552-1_8704_15360.png,3,4,0,0.34375,0.599609375,0.015625,0.015625,172.0,303.0,8.0,8.0,180.0,311.0,64.0,11.313708498984761,1.0,172.0,False,True,small,GF6_WFV_E132.4_N35.8_20200914_L1A1120035552-1,WFV,2020-09-14
GF6_WFV_E132.4_N35.8_20200914_L1A1120035552-1_8704_15360.png,4,5,0,0.55078125,0.587890625,0.01953125,0.03125,277.0,293.0,10.0,16.0,287.0,309.0,160.0,18.867962264113206,1.6,203.0,False,True,small,GF6_WFV_E132.4_N35.8_20200914_L1A1120035552-1,WFV,2020-09-14
GF6_WFV_E132.4_N35.8_20200914_L1A1120035552-1_8704_15360.png,5,6,0,0.6142578125,0.5595703125,0.025390625,0.029296875,308.0,279.0,13.0,15.0,321.0,294.0,195.0,19.849433241279208,1.1538461538461537,191.0,False,True,small,GF6_WFV_E132.4_N35.8_20200914_L1A1120035552-1,WFV,2020-09-14
GF6_WFV_E132.4_N35.8_20200914_L1A1120035552-1_8704_15360.png,6,7,0,0.625,0.5283203125,0.02734375,0.029296875,313.0,263.0,14.0,15.0,327.0,278.0,210.0,20.518284528683193,1.0714285714285714,185.0,False,True,small,GF6_WFV_E132.4_N35.8_20200914_L1A1120035552-1,WFV,2020-09-14
GF6_WFV_E132.4_N35.8_20200914_L1A1120035552-1_8704_15872.png,0,1,0,0.34765625,0.7978515625,0.02734375,0.025390625,171.0,402.0,14.0,13.0,185.0,415.0,182.0,19.1049731745428,1.0769230769230769,97.0,False,True,small,GF6_WFV_E132.4_N35.8_20200914_L1A1120035552-1,WFV,2020-09-14
GF6_WFV_E132.4_N35.8_20200914_L1A1120035552-1_8704_15872.png,1,2,0,0.064453125,0.9384765625,0.01953125,0.017578125,28.0,476.0,10.0,9.0,38.0,485.0,90.0,13.45362404707371,1.1111111111111112,27.0,False,True,small,GF6_WFV_E132.4_N35.8_20200914_L1A1120035552-1,WFV,2020-09-14
GF6_WFV_E132.4_N35.8_20200914_L1A1120035552-1_8704_16384.png,0,1,0,0.1279296875,0.193359375,0.033203125,0.01953125,57.0,94.0,17.0,10.0,74.0,104.0,170.0,19.72308292331602,1.7,57.0,False,True,small,GF6_WFV_E132.4_N35.8_20200914_L1A1120035552-1,WFV,2020-09-14
GF6_WFV_E132.4_N35.8_20200914_L1A1120035552-1_8704_16384.png,1,2,0,0.1943359375,0.30078125,0.033203125,0.0234375,91.0,148.0,17.0,12.0,108.0,160.0,204.0,20.808652046684813,1.4166666666666667,91.0,False,True,small,GF6_WFV_E132.4_N35.8_20200914_L1A1120035552-1,WFV,2020-09-14
GF6_WFV_E132.4_N35.8_20200914_L1A1120035552-1_8704_16384.png,2,3,0,0.515625,0.240234375,0.03125,0.02734375,256.0,116.0,16.0,14.0,272.0,130.0,224.0,21.2602916254693,1.1428571428571428,116.0,False,True,small,GF6_WFV_E132.4_N35.8_20200914_L1A1120035552-1,WFV,2020-09-14
GF6_WFV_E132.4_N35.8_20200914_L1A1120035552-1_8704_16384.png,3,4,0,0.94921875,0.337890625,0.03125,0.03515625,478.0,164.0,16.0,18.0,494.0,182.0,288.0,24.08318915758459,1.125,18.0,False,True,small,GF6_WFV_E132.4_N35.8_20200914_L1A1120035552-1,WFV,2020-09-14
GF6_WFV_E132.4_N35.8_20200914_L1A1120035552-1_8704_16896.png,0,1,0,0.7939453125,0.8603515625,0.044921875,0.029296875,395.0,433.0,23.0,15.0,418.0,448.0,345.0,27.459060435491963,1.5333333333333334,64.0,False,True,small,GF6_WFV_E132.4_N35.8_20200914_L1A1120035552-1,WFV,2020-09-14
GF6_WFV_E132.4_N35.8_20200914_L1A1120035552-1_8704_17285.png,0,1,0,0.7373046875,0.7939453125,0.025390625,0.033203125,371.0,398.0,13.0,17.0,384.0,415.0,221.0,21.400934559032695,1.3076923076923077,97.0,False,True,small,GF6_WFV_E132.4_N35.8_20200914_L1A1120035552-1,WFV,2020-09-14
GF6_WFV_E132.4_N35.8_20200914_L1A1120035552-1_8704_17285.png,1,2,0,0.1611328125,0.8818359375,0.033203125,0.029296875,74.0,444.0,17.0,15.0,91.0,459.0,255.0,22.67156809750927,1.1333333333333333,53.0,False,True,small,GF6_WFV_E132.4_N35.8_20200914_L1A1120035552-1,WFV,2020-09-14
GF6_WFV_E132.4_N35.8_20200914_L1A1120035552-1_8704_17285.png,2,3,0,0.162109375,0.3330078125,0.03125,0.029296875,75.0,163.0,16.0,15.0,91.0,178.0,240.0,21.93171219946131,1.0666666666666667,75.0,False,True,small,GF6_WFV_E132.4_N35.8_20200914_L1A1120035552-1,WFV,2020-09-14
GF6_WFV_E132.4_N35.8_20200914_L1A1120035552-1_8704_17285.png,3,4,0,0.791015625,0.0966796875,0.03515625,0.033203125,396.0,41.0,18.0,17.0,414.0,58.0,306.0,24.758836806279895,1.0588235294117647,41.0,False,True,small,GF6_WFV_E132.4_N35.8_20200914_L1A1120035552-1,WFV,2020-09-14
GF6_WFV_E132.4_N35.8_20200914_L1A1120035552-1_8704_4096.png,0,1,0,0.4423828125,0.7607421875,0.025390625,0.033203125,220.0,381.0,13.0,17.0,233.0,398.0,221.0,21.400934559032695,1.3076923076923077,114.0,False,True,small,GF6_WFV_E132.4_N35.8_20200914_L1A1120035552-1,WFV,2020-09-14
GF6_WFV_E132.4_N35.8_20200914_L1A1120035552-1_8704_5120.png,0,1,0,0.69921875,0.1337890625,0.03125,0.037109375,350.0,59.0,16.0,19.0,366.0,78.0,304.0,24.839484696748443,1.1875,59.0,False,True,small,GF6_WFV_E132.4_N35.8_20200914_L1A1120035552-1,WFV,2020-09-14
GF6_WFV_E132.4_N35.8_20200914_L1A1120035552-1_8704_5632.png,0,1,0,0.095703125,0.552734375,0.03125,0.03515625,41.0,274.0,16.0,18.0,57.0,292.0,288.0,24.08318915758459,1.125,41.0,False,True,small,GF6_WFV_E132.4_N35.8_20200914_L1A1120035552-1,WFV,2020-09-14
GF6_WFV_E132.4_N35.8_20200914_L1A1120035552-1_8704_5632.png,1,2,0,0.10546875,0.2255859375,0.03515625,0.041015625,45.0,105.0,18.0,21.0,63.0,126.0,378.0,27.65863337187866,1.1666666666666667,45.0,False,True,small,GF6_WFV_E132.4_N35.8_20200914_L1A1120035552-1,WFV,2020-09-14
GF6_WFV_E132.4_N35.8_20200914_L1A1120035552-1_8704_6144.png,0,1,0,0.2109375,0.529296875,0.046875,0.03125,96.0,263.0,24.0,16.0,120.0,279.0,384.0,28.844410203711913,1.5,96.0,False,True,small,GF6_WFV_E132.4_N35.8_20200914_L1A1120035552-1,WFV,2020-09-14
GF6_WFV_E132.4_N35.8_20200914_L1A1120035552-1_8704_6144.png,1,2,0,0.2646484375,0.5849609375,0.029296875,0.021484375,128.0,294.0,15.0,11.0,143.0,305.0,165.0,18.601075237738275,1.3636363636363635,128.0,False,True,small,GF6_WFV_E132.4_N35.8_20200914_L1A1120035552-1,WFV,2020-09-14
GF6_WFV_E132.4_N35.8_20200914_L1A1120035552-1_8704_6144.png,2,3,0,0.2255859375,0.6455078125,0.029296875,0.021484375,108.0,325.0,15.0,11.0,123.0,336.0,165.0,18.601075237738275,1.3636363636363635,108.0,False,True,small,GF6_WFV_E132.4_N35.8_20200914_L1A1120035552-1,WFV,2020-09-14
GF6_WFV_E132.4_N35.8_20200914_L1A1120035552-1_8704_6144.png,3,4,0,0.974609375,0.421875,0.02734375,0.02734375,492.0,209.0,14.0,14.0,506.0,223.0,196.0,19.79898987322333,1.0,6.0,False,True,small,GF6_WFV_E132.4_N35.8_20200914_L1A1120035552-1,WFV,2020-09-14
GF6_WFV_E132.4_N35.8_20200914_L1A1120035552-1_8704_6656.png,0,1,0,0.767578125,0.328125,0.03515625,0.03125,384.0,160.0,18.0,16.0,402.0,176.0,288.0,24.08318915758459,1.125,110.0,False,True,small,GF6_WFV_E132.4_N35.8_20200914_L1A1120035552-1,WFV,2020-09-14
GF6_WFV_E132.4_N35.8_20200914_L1A1120035552-1_8704_7168.png,0,1,0,0.1357421875,0.58984375,0.029296875,0.0390625,62.0,292.0,15.0,20.0,77.0,312.0,300.0,25.0,1.3333333333333333,62.0,False,True,small,GF6_WFV_E132.4_N35.8_20200914_L1A1120035552-1,WFV,2020-09-14
GF6_WFV_E132.4_N35.8_20200914_L1A1120035552-1_8704_8192.png,0,1,0,0.7099609375,0.62890625,0.029296875,0.03515625,356.0,313.0,15.0,18.0,371.0,331.0,270.0,23.430749027719962,1.2,141.0,False,True,small,GF6_WFV_E132.4_N35.8_20200914_L1A1120035552-1,WFV,2020-09-14
GF6_WFV_E132.4_N35.8_20200914_L1A1120035552-1_8704_8192.png,1,2,0,0.8671875,0.28515625,0.03515625,0.0390625,435.0,136.0,18.0,20.0,453.0,156.0,360.0,26.90724809414742,1.1111111111111112,59.0,False,True,small,GF6_WFV_E132.4_N35.8_20200914_L1A1120035552-1,WFV,2020-09-14
GF6_WFV_E132.4_N35.8_20200914_L1A1120035552-1_8704_8192.png,2,3,0,0.1064453125,0.2177734375,0.025390625,0.029296875,48.0,104.0,13.0,15.0,61.0,119.0,195.0,19.849433241279208,1.1538461538461537,48.0,False,True,small,GF6_WFV_E132.4_N35.8_20200914_L1A1120035552-1,WFV,2020-09-14
GF6_WFV_E132.4_N35.8_20200914_L1A1120035552-1_8704_8192.png,3,4,0,0.41015625,0.2724609375,0.0234375,0.021484375,204.0,134.0,12.0,11.0,216.0,145.0,132.0,16.278820596099706,1.0909090909090908,134.0,False,True,small,GF6_WFV_E132.4_N35.8_20200914_L1A1120035552-1,WFV,2020-09-14
GF6_WFV_E132.4_N35.8_20200914_L1A1120035552-1_8704_8192.png,4,5,0,0.6923828125,0.3515625,0.029296875,0.0234375,347.0,174.0,15.0,12.0,362.0,186.0,180.0,19.209372712298546,1.25,150.0,False,True,small,GF6_WFV_E132.4_N35.8_20200914_L1A1120035552-1,WFV,2020-09-14
GF6_WFV_E132.4_N35.8_20200914_L1A1120035552-1_9216_10752.png,0,1,0,0.8515625,0.724609375,0.03125,0.0390625,428.0,361.0,16.0,20.0,444.0,381.0,320.0,25.612496949731394,1.25,68.0,False,True,small,GF6_WFV_E132.4_N35.8_20200914_L1A1120035552-1,WFV,2020-09-14
GF6_WFV_E132.4_N35.8_20200914_L1A1120035552-1_9216_12288.png,0,1,0,0.69140625,0.9765625,0.02734375,0.03125,347.0,492.0,14.0,16.0,361.0,508.0,224.0,21.2602916254693,1.1428571428571428,4.0,False,True,small,GF6_WFV_E132.4_N35.8_20200914_L1A1120035552-1,WFV,2020-09-14
GF6_WFV_E132.4_N35.8_20200914_L1A1120035552-1_9216_12288.png,1,2,0,0.677734375,0.1279296875,0.03515625,0.025390625,338.0,59.0,18.0,13.0,356.0,72.0,234.0,22.20360331117452,1.3846153846153846,59.0,False,True,small,GF6_WFV_E132.4_N35.8_20200914_L1A1120035552-1,WFV,2020-09-14
GF6_WFV_E132.4_N35.8_20200914_L1A1120035552-1_9216_13312.png,0,1,0,0.671875,0.2568359375,0.03515625,0.052734375,335.0,118.0,18.0,27.0,353.0,145.0,486.0,32.449961479175904,1.5,118.0,False,True,small,GF6_WFV_E132.4_N35.8_20200914_L1A1120035552-1,WFV,2020-09-14
GF6_WFV_E132.4_N35.8_20200914_L1A1120035552-1_9216_13312.png,1,2,0,0.6162109375,0.2763671875,0.029296875,0.033203125,308.0,133.0,15.0,17.0,323.0,150.0,255.0,22.67156809750927,1.1333333333333333,133.0,False,True,small,GF6_WFV_E132.4_N35.8_20200914_L1A1120035552-1,WFV,2020-09-14
GF6_WFV_E132.4_N35.8_20200914_L1A1120035552-1_9216_13312.png,2,3,0,0.951171875,0.505859375,0.02734375,0.0390625,480.0,249.0,14.0,20.0,494.0,269.0,280.0,24.413111231467404,1.4285714285714286,18.0,False,True,small,GF6_WFV_E132.4_N35.8_20200914_L1A1120035552-1,WFV,2020-09-14
GF6_WFV_E132.4_N35.8_20200914_L1A1120035552-1_9216_13312.png,3,4,0,0.0234375,0.8447265625,0.01953125,0.017578125,7.0,428.0,10.0,9.0,17.0,437.0,90.0,13.45362404707371,1.1111111111111112,7.0,False,True,small,GF6_WFV_E132.4_N35.8_20200914_L1A1120035552-1,WFV,2020-09-14
GF6_WFV_E132.4_N35.8_20200914_L1A1120035552-1_9216_13312.png,4,5,0,0.0390625,0.87890625,0.0234375,0.0234375,14.0,444.0,12.0,12.0,26.0,456.0,144.0,16.97056274847714,1.0,14.0,False,True,small,GF6_WFV_E132.4_N35.8_20200914_L1A1120035552-1,WFV,2020-09-14
GF6_WFV_E132.4_N35.8_20200914_L1A1120035552-1_9216_13312.png,5,6,0,0.0263671875,0.98046875,0.021484375,0.01953125,8.0,497.0,11.0,10.0,19.0,507.0,110.0,14.866068747318506,1.1,5.0,False,True,small,GF6_WFV_E132.4_N35.8_20200914_L1A1120035552-1,WFV,2020-09-14
GF6_WFV_E132.4_N35.8_20200914_L1A1120035552-1_9216_13312.png,6,7,0,0.03515625,0.9296875,0.0234375,0.0234375,12.0,470.0,12.0,12.0,24.0,482.0,144.0,16.97056274847714,1.0,12.0,False,True,small,GF6_WFV_E132.4_N35.8_20200914_L1A1120035552-1,WFV,2020-09-14
GF6_WFV_E132.4_N35.8_20200914_L1A1120035552-1_9216_13824.png,0,1,0,0.8544921875,0.974609375,0.025390625,0.04296875,431.0,488.0,13.0,22.0,444.0,510.0,286.0,25.553864678361276,1.6923076923076923,2.0,False,True,small,GF6_WFV_E132.4_N35.8_20200914_L1A1120035552-1,WFV,2020-09-14
GF6_WFV_E132.4_N35.8_20200914_L1A1120035552-1_9216_13824.png,1,2,0,0.8427734375,0.5068359375,0.044921875,0.029296875,420.0,252.0,23.0,15.0,443.0,267.0,345.0,27.459060435491963,1.5333333333333334,69.0,False,True,small,GF6_WFV_E132.4_N35.8_20200914_L1A1120035552-1,WFV,2020-09-14
GF6_WFV_E132.4_N35.8_20200914_L1A1120035552-1_9216_13824.png,2,3,0,0.9775390625,0.59765625,0.029296875,0.0234375,493.0,300.0,15.0,12.0,508.0,312.0,180.0,19.209372712298546,1.25,4.0,False,True,small,GF6_WFV_E132.4_N35.8_20200914_L1A1120035552-1,WFV,2020-09-14
GF6_WFV_E132.4_N35.8_20200914_L1A1120035552-1_9216_13824.png,3,4,0,0.7822265625,0.701171875,0.041015625,0.02734375,390.0,352.0,21.0,14.0,411.0,366.0,294.0,25.238858928247925,1.5,101.0,False,True,small,GF6_WFV_E132.4_N35.8_20200914_L1A1120035552-1,WFV,2020-09-14
GF6_WFV_E132.4_N35.8_20200914_L1A1120035552-1_9216_13824.png,4,5,0,0.6640625,0.8388671875,0.04296875,0.037109375,329.0,420.0,22.0,19.0,351.0,439.0,418.0,29.068883707497267,1.1578947368421053,73.0,False,True,small,GF6_WFV_E132.4_N35.8_20200914_L1A1120035552-1,WFV,2020-09-14
GF6_WFV_E132.4_N35.8_20200914_L1A1120035552-1_9216_13824.png,5,6,0,0.587890625,0.7509765625,0.046875,0.029296875,289.0,377.0,24.0,15.0,313.0,392.0,360.0,28.30194339616981,1.6,120.0,False,True,small,GF6_WFV_E132.4_N35.8_20200914_L1A1120035552-1,WFV,2020-09-14
GF6_WFV_E132.4_N35.8_20200914_L1A1120035552-1_9216_13824.png,6,7,0,0.646484375,0.6669921875,0.03125,0.041015625,323.0,331.0,16.0,21.0,339.0,352.0,336.0,26.40075756488817,1.3125,160.0,False,True,small,GF6_WFV_E132.4_N35.8_20200914_L1A1120035552-1,WFV,2020-09-14
GF6_WFV_E132.4_N35.8_20200914_L1A1120035552-1_9216_13824.png,7,8,0,0.4599609375,0.7412109375,0.037109375,0.029296875,226.0,372.0,19.0,15.0,245.0,387.0,285.0,24.20743687382041,1.2666666666666666,125.0,False,True,small,GF6_WFV_E132.4_N35.8_20200914_L1A1120035552-1,WFV,2020-09-14
GF6_WFV_E132.4_N35.8_20200914_L1A1120035552-1_9216_13824.png,8,9,0,0.2998046875,0.76171875,0.037109375,0.0390625,144.0,380.0,19.0,20.0,163.0,400.0,380.0,27.586228448267445,1.0526315789473684,112.0,False,True,small,GF6_WFV_E132.4_N35.8_20200914_L1A1120035552-1,WFV,2020-09-14
GF6_WFV_E132.4_N35.8_20200914_L1A1120035552-1_9216_13824.png,9,10,0,0.087890625,0.80078125,0.046875,0.046875,33.0,398.0,24.0,24.0,57.0,422.0,576.0,33.94112549695428,1.0,33.0,False,True,small,GF6_WFV_E132.4_N35.8_20200914_L1A1120035552-1,WFV,2020-09-14
GF6_WFV_E132.4_N35.8_20200914_L1A1120035552-1_9216_13824.png,10,11,0,0.2841796875,0.62890625,0.048828125,0.03125,133.0,314.0,25.0,16.0,158.0,330.0,400.0,29.68164415931166,1.5625,133.0,False,True,small,GF6_WFV_E132.4_N35.8_20200914_L1A1120035552-1,WFV,2020-09-14
GF6_WFV_E132.4_N35.8_20200914_L1A1120035552-1_9216_13824.png,11,12,0,0.4609375,0.6474609375,0.0390625,0.025390625,226.0,325.0,20.0,13.0,246.0,338.0,260.0,23.853720883753127,1.5384615384615385,174.0,False,True,small,GF6_WFV_E132.4_N35.8_20200914_L1A1120035552-1,WFV,2020-09-14
GF6_WFV_E132.4_N35.8_20200914_L1A1120035552-1_9216_13824.png,12,13,0,0.54296875,0.6416015625,0.03515625,0.029296875,269.0,321.0,18.0,15.0,287.0,336.0,270.0,23.430749027719962,1.2,176.0,False,True,small,GF6_WFV_E132.4_N35.8_20200914_L1A1120035552-1,WFV,2020-09-14
GF6_WFV_E132.4_N35.8_20200914_L1A1120035552-1_9216_13824.png,13,14,0,0.7080078125,0.53515625,0.041015625,0.03515625,352.0,265.0,21.0,18.0,373.0,283.0,378.0,27.65863337187866,1.1666666666666667,139.0,False,True,small,GF6_WFV_E132.4_N35.8_20200914_L1A1120035552-1,WFV,2020-09-14
GF6_WFV_E132.4_N35.8_20200914_L1A1120035552-1_9216_13824.png,14,15,0,0.6005859375,0.5107421875,0.044921875,0.029296875,296.0,254.0,23.0,15.0,319.0,269.0,345.0,27.459060435491963,1.5333333333333334,193.0,False,True,small,GF6_WFV_E132.4_N35.8_20200914_L1A1120035552-1,WFV,2020-09-14
GF6_WFV_E132.4_N35.8_20200914_L1A1120035552-1_9216_13824.png,15,16,0,0.6943359375,0.435546875,0.033203125,0.02734375,347.0,216.0,17.0,14.0,364.0,230.0,238.0,22.02271554554524,1.2142857142857142,148.0,False,True,small,GF6_WFV_E132.4_N35.8_20200914_L1A1120035552-1,WFV,2020-09-14
GF6_WFV_E132.4_N35.8_20200914_L1A1120035552-1_9216_13824.png,16,17,0,0.548828125,0.3818359375,0.03515625,0.029296875,272.0,188.0,18.0,15.0,290.0,203.0,270.0,23.430749027719962,1.2,188.0,False,True,small,GF6_WFV_E132.4_N35.8_20200914_L1A1120035552-1,WFV,2020-09-14
GF6_WFV_E132.4_N35.8_20200914_L1A1120035552-1_9216_13824.png,17,18,0,0.5400390625,0.298828125,0.033203125,0.03515625,268.0,144.0,17.0,18.0,285.0,162.0,306.0,24.758836806279895,1.0588235294117647,144.0,False,True,small,GF6_WFV_E132.4_N35.8_20200914_L1A1120035552-1,WFV,2020-09-14
GF6_WFV_E132.4_N35.8_20200914_L1A1120035552-1_9216_13824.png,18,19,0,0.4609375,0.283203125,0.03515625,0.03125,227.0,137.0,18.0,16.0,245.0,153.0,288.0,24.08318915758459,1.125,137.0,False,True,small,GF6_WFV_E132.4_N35.8_20200914_L1A1120035552-1,WFV,2020-09-14
GF6_WFV_E132.4_N35.8_20200914_L1A1120035552-1_9216_13824.png,19,20,0,0.46484375,0.3603515625,0.02734375,0.033203125,231.0,176.0,14.0,17.0,245.0,193.0,238.0,22.02271554554524,1.2142857142857142,176.0,False,True,small,GF6_WFV_E132.4_N35.8_20200914_L1A1120035552-1,WFV,2020-09-14
GF6_WFV_E132.4_N35.8_20200914_L1A1120035552-1_9216_13824.png,20,21,0,0.4638671875,0.4638671875,0.029296875,0.033203125,230.0,229.0,15.0,17.0,245.0,246.0,255.0,22.67156809750927,1.1333333333333333,229.0,False,True,small,GF6_WFV_E132.4_N35.8_20200914_L1A1120035552-1,WFV,2020-09-14
GF6_WFV_E132.4_N35.8_20200914_L1A1120035552-1_9216_13824.png,21,22,0,0.39453125,0.47265625,0.03125,0.03125,194.0,234.0,16.0,16.0,210.0,250.0,256.0,22.627416997969522,1.0,194.0,False,True,small,GF6_WFV_E132.4_N35.8_20200914_L1A1120035552-1,WFV,2020-09-14
GF6_WFV_E132.4_N35.8_20200914_L1A1120035552-1_9216_13824.png,22,23,0,0.2998046875,0.4814453125,0.033203125,0.037109375,145.0,237.0,17.0,19.0,162.0,256.0,323.0,25.495097567963924,1.1176470588235294,145.0,False,True,small,GF6_WFV_E132.4_N35.8_20200914_L1A1120035552-1,WFV,2020-09-14
GF6_WFV_E132.4_N35.8_20200914_L1A1120035552-1_9216_13824.png,23,24,0,0.3837890625,0.3798828125,0.025390625,0.029296875,190.0,187.0,13.0,15.0,203.0,202.0,195.0,19.849433241279208,1.1538461538461537,187.0,False,True,small,GF6_WFV_E132.4_N35.8_20200914_L1A1120035552-1,WFV,2020-09-14
GF6_WFV_E132.4_N35.8_20200914_L1A1120035552-1_9216_13824.png,24,25,0,0.3505859375,0.2978515625,0.033203125,0.033203125,171.0,144.0,17.0,17.0,188.0,161.0,289.0,24.041630560342615,1.0,144.0,False,True,small,GF6_WFV_E132.4_N35.8_20200914_L1A1120035552-1,WFV,2020-09-14
GF6_WFV_E132.4_N35.8_20200914_L1A1120035552-1_9216_13824.png,25,26,0,0.3837890625,0.248046875,0.025390625,0.03515625,190.0,118.0,13.0,18.0,203.0,136.0,234.0,22.20360331117452,1.3846153846153846,118.0,False,True,small,GF6_WFV_E132.4_N35.8_20200914_L1A1120035552-1,WFV,2020-09-14
GF6_WFV_E132.4_N35.8_20200914_L1A1120035552-1_9216_13824.png,26,27,0,0.5146484375,0.0126953125,0.029296875,0.025390625,256.0,0.0,15.0,13.0,271.0,13.0,195.0,19.849433241279208,1.1538461538461537,0.0,True,True,small,GF6_WFV_E132.4_N35.8_20200914_L1A1120035552-1,WFV,2020-09-14
GF6_WFV_E132.4_N35.8_20200914_L1A1120035552-1_9216_13824.png,27,28,0,0.0625,0.6357421875,0.0390625,0.041015625,22.0,315.0,20.0,21.0,42.0,336.0,420.0,29.0,1.05,22.0,False,True,small,GF6_WFV_E132.4_N35.8_20200914_L1A1120035552-1,WFV,2020-09-14
GF6_WFV_E132.4_N35.8_20200914_L1A1120035552-1_9216_13824.png,28,29,0,0.390625,0.5771484375,0.0234375,0.029296875,194.0,288.0,12.0,15.0,206.0,303.0,180.0,19.209372712298546,1.25,194.0,False,True,small,GF6_WFV_E132.4_N35.8_20200914_L1A1120035552-1,WFV,2020-09-14
GF6_WFV_E132.4_N35.8_20200914_L1A1120035552-1_9216_13824.png,29,30,0,0.3046875,0.310546875,0.01953125,0.02734375,151.0,152.0,10.0,14.0,161.0,166.0,140.0,17.204650534085253,1.4,151.0,False,True,small,GF6_WFV_E132.4_N35.8_20200914_L1A1120035552-1,WFV,2020-09-14
GF6_WFV_E132.4_N35.8_20200914_L1A1120035552-1_9216_13824.png,30,31,0,0.177734375,0.2470703125,0.02734375,0.025390625,84.0,120.0,14.0,13.0,98.0,133.0,182.0,19.1049731745428,1.0769230769230769,84.0,False,True,small,GF6_WFV_E132.4_N35.8_20200914_L1A1120035552-1,WFV,2020-09-14
GF6_WFV_E132.4_N35.8_20200914_L1A1120035552-1_9216_13824.png,31,32,0,0.2138671875,0.259765625,0.021484375,0.03125,104.0,125.0,11.0,16.0,115.0,141.0,176.0,19.4164878389476,1.4545454545454546,104.0,False,True,small,GF6_WFV_E132.4_N35.8_20200914_L1A1120035552-1,WFV,2020-09-14
GF6_WFV_E132.4_N35.8_20200914_L1A1120035552-1_9216_13824.png,32,33,0,0.25,0.25,0.0234375,0.02734375,122.0,121.0,12.0,14.0,134.0,135.0,168.0,18.439088914585774,1.1666666666666667,121.0,False,True,small,GF6_WFV_E132.4_N35.8_20200914_L1A1120035552-1,WFV,2020-09-14
GF6_WFV_E132.4_N35.8_20200914_L1A1120035552-1_9216_13824.png,33,34,0,0.22265625,0.2255859375,0.02734375,0.025390625,107.0,109.0,14.0,13.0,121.0,122.0,182.0,19.1049731745428,1.0769230769230769,107.0,False,True,small,GF6_WFV_E132.4_N35.8_20200914_L1A1120035552-1,WFV,2020-09-14
GF6_WFV_E132.4_N35.8_20200914_L1A1120035552-1_9216_13824.png,34,35,0,0.267578125,0.2216796875,0.0234375,0.025390625,131.0,107.0,12.0,13.0,143.0,120.0,156.0,17.69180601295413,1.0833333333333333,107.0,False,True,small,GF6_WFV_E132.4_N35.8_20200914_L1A1120035552-1,WFV,2020-09-14
GF6_WFV_E132.4_N35.8_20200914_L1A1120035552-1_9216_13824.png,35,36,0,0.2939453125,0.22265625,0.017578125,0.02734375,146.0,107.0,9.0,14.0,155.0,121.0,126.0,16.64331697709324,1.5555555555555556,107.0,False,True,small,GF6_WFV_E132.4_N35.8_20200914_L1A1120035552-1,WFV,2020-09-14
GF6_WFV_E132.4_N35.8_20200914_L1A1120035552-1_9216_13824.png,36,37,0,0.25390625,0.271484375,0.01953125,0.0234375,125.0,133.0,10.0,12.0,135.0,145.0,120.0,15.620499351813308,1.2,125.0,False,True,small,GF6_WFV_E132.4_N35.8_20200914_L1A1120035552-1,WFV,2020-09-14
GF6_WFV_E132.4_N35.8_20200914_L1A1120035552-1_9216_13824.png,37,38,0,0.0185546875,0.1796875,0.025390625,0.0234375,3.0,86.0,13.0,12.0,16.0,98.0,156.0,17.69180601295413,1.0833333333333333,3.0,False,True,small,GF6_WFV_E132.4_N35.8_20200914_L1A1120035552-1,WFV,2020-09-14
GF6_WFV_E132.4_N35.8_20200914_L1A1120035552-1_9216_13824.png,38,39,0,0.048828125,0.0244140625,0.01953125,0.025390625,20.0,6.0,10.0,13.0,30.0,19.0,130.0,16.401219466856727,1.3,6.0,False,True,small,GF6_WFV_E132.4_N35.8_20200914_L1A1120035552-1,WFV,2020-09-14
GF6_WFV_E132.4_N35.8_20200914_L1A1120035552-1_9216_13824.png,39,40,0,0.0400390625,0.064453125,0.025390625,0.0234375,14.0,27.0,13.0,12.0,27.0,39.0,156.0,17.69180601295413,1.0833333333333333,14.0,False,True,small,GF6_WFV_E132.4_N35.8_20200914_L1A1120035552-1,WFV,2020-09-14
GF6_WFV_E132.4_N35.8_20200914_L1A1120035552-1_9216_13824.png,40,41,0,0.306740614334471,0.39689119170984455,0.019624573378839605,0.0227979274611399,152.0273037542662,197.3720207253886,10.047781569965878,11.672538860103629,162.07508532423208,209.04455958549224,117.28312083325976,15.40149596365156,1.1617030862806932,152.0273037542662,False,True,small,GF6_WFV_E132.4_N35.8_20200914_L1A1120035552-1,WFV,2020-09-14
GF6_WFV_E132.4_N35.8_20200914_L1A1120035552-1_9216_13824.png,41,42,0,0.2363481228668942,0.3870466321243523,0.01877133105802048,0.023834196891191706,116.20477815699658,192.0663212435233,9.610921501706486,12.203108808290153,125.81569965870307,204.26943005181346,117.28312083325964,15.533372998126735,1.26971267074894,116.20477815699658,False,True,small,GF6_WFV_E132.4_N35.8_20200914_L1A1120035552-1,WFV,2020-09-14
GF6_WFV_E132.4_N35.8_20200914_L1A1120035552-1_9216_13824.png,42,43,0,0.017064846416382253,0.45388601036269427,0.01706484641638225,0.020725388601036288,4.368600682593858,227.08393782383416,8.737201365187712,10.61139896373058,13.10580204778157,237.69533678756474,92.7139295124583,13.745562035191591,1.2145077720207267,4.368600682593858,False,True,small,GF6_WFV_E132.4_N35.8_20200914_L1A1120035552-1,WFV,2020-09-14
GF6_WFV_E132.4_N35.8_20200914_L1A1120035552-1_9216_14336.png,0,1,0,0.88671875,0.9541015625,0.03125,0.037109375,446.0,479.0,16.0,19.0,462.0,498.0,304.0,24.839484696748443,1.1875,14.0,False,True,small,GF6_WFV_E132.4_N35.8_20200914_L1A1120035552-1,WFV,2020-09-14
GF6_WFV_E132.4_N35.8_20200914_L1A1120035552-1_9216_14336.png,1,2,0,0.07421875,0.947265625,0.0234375,0.02734375,32.0,478.0,12.0,14.0,44.0,492.0,168.0,18.439088914585774,1.1666666666666667,20.0,False,True,small,GF6_WFV_E132.4_N35.8_20200914_L1A1120035552-1,WFV,2020-09-14
GF6_WFV_E132.4_N35.8_20200914_L1A1120035552-1_9216_14336.png,2,3,0,0.08984375,0.9228515625,0.0234375,0.029296875,40.0,465.0,12.0,15.0,52.0,480.0,180.0,19.209372712298546,1.25,32.0,False,True,small,GF6_WFV_E132.4_N35.8_20200914_L1A1120035552-1,WFV,2020-09-14
GF6_WFV_E132.4_N35.8_20200914_L1A1120035552-1_9216_14336.png,3,4,0,0.140625,0.9033203125,0.02734375,0.029296875,65.0,455.0,14.0,15.0,79.0,470.0,210.0,20.518284528683193,1.0714285714285714,42.0,False,True,small,GF6_WFV_E132.4_N35.8_20200914_L1A1120035552-1,WFV,2020-09-14
GF6_WFV_E132.4_N35.8_20200914_L1A1120035552-1_9216_14336.png,4,5,0,0.4833984375,0.703125,0.029296875,0.03125,240.0,352.0,15.0,16.0,255.0,368.0,240.0,21.93171219946131,1.0666666666666667,144.0,False,True,small,GF6_WFV_E132.4_N35.8_20200914_L1A1120035552-1,WFV,2020-09-14
GF6_WFV_E132.4_N35.8_20200914_L1A1120035552-1_9216_14336.png,5,6,0,0.4423828125,0.2197265625,0.021484375,0.029296875,221.0,105.0,11.0,15.0,232.0,120.0,165.0,18.601075237738275,1.3636363636363635,105.0,False,True,small,GF6_WFV_E132.4_N35.8_20200914_L1A1120035552-1,WFV,2020-09-14
GF6_WFV_E132.4_N35.8_20200914_L1A1120035552-1_9216_14336.png,6,7,0,0.5888671875,0.09375,0.044921875,0.0390625,290.0,38.0,23.0,20.0,313.0,58.0,460.0,30.479501308256342,1.15,38.0,False,True,small,GF6_WFV_E132.4_N35.8_20200914_L1A1120035552-1,WFV,2020-09-14
GF6_WFV_E132.4_N35.8_20200914_L1A1120035552-1_9216_14336.png,7,8,0,0.7275390625,0.0654296875,0.029296875,0.029296875,365.0,26.0,15.0,15.0,380.0,41.0,225.0,21.213203435596427,1.0,26.0,False,True,small,GF6_WFV_E132.4_N35.8_20200914_L1A1120035552-1,WFV,2020-09-14
GF6_WFV_E132.4_N35.8_20200914_L1A1120035552-1_9216_14336.png,8,9,0,0.27559726962457337,0.6994818652849741,0.020477815699658675,0.022797927461139955,135.86348122866895,352.2984455958549,10.484641638225241,11.672538860103657,146.3481228668942,363.97098445595856,122.382386956445,15.689992789119964,1.1132987910190026,135.86348122866895,False,True,small,GF6_WFV_E132.4_N35.8_20200914_L1A1120035552-1,WFV,2020-09-14
GF6_WFV_E132.4_N35.8_20200914_L1A1120035552-1_9216_14848.png,0,1,0,0.7744140625,0.9228515625,0.037109375,0.029296875,387.0,465.0,19.0,15.0,406.0,480.0,285.0,24.20743687382041,1.2666666666666666,32.0,False,True,small,GF6_WFV_E132.4_N35.8_20200914_L1A1120035552-1,WFV,2020-09-14
GF6_WFV_E132.4_N35.8_20200914_L1A1120035552-1_9216_14848.png,1,2,0,0.068359375,0.7958984375,0.03515625,0.041015625,26.0,397.0,18.0,21.0,44.0,418.0,378.0,27.65863337187866,1.1666666666666667,26.0,False,True,small,GF6_WFV_E132.4_N35.8_20200914_L1A1120035552-1,WFV,2020-09-14
GF6_WFV_E132.4_N35.8_20200914_L1A1120035552-1_9216_14848.png,2,3,0,0.0380859375,0.548828125,0.029296875,0.03125,12.0,273.0,15.0,16.0,27.0,289.0,240.0,21.93171219946131,1.0666666666666667,12.0,False,True,small,GF6_WFV_E132.4_N35.8_20200914_L1A1120035552-1,WFV,2020-09-14
GF6_WFV_E132.4_N35.8_20200914_L1A1120035552-1_9216_15360.png,0,1,0,0.4677734375,0.4931640625,0.029296875,0.041015625,232.0,242.0,15.0,21.0,247.0,263.0,315.0,25.80697580112788,1.4,232.0,False,True,small,GF6_WFV_E132.4_N35.8_20200914_L1A1120035552-1,WFV,2020-09-14
GF6_WFV_E132.4_N35.8_20200914_L1A1120035552-1_9216_15360.png,1,2,0,0.9228515625,0.888671875,0.029296875,0.0390625,465.0,445.0,15.0,20.0,480.0,465.0,300.0,25.0,1.3333333333333333,32.0,False,True,small,GF6_WFV_E132.4_N35.8_20200914_L1A1120035552-1,WFV,2020-09-14
GF6_WFV_E132.4_N35.8_20200914_L1A1120035552-1_9216_15360.png,2,3,0,0.21875,0.24609375,0.0234375,0.02734375,106.0,119.0,12.0,14.0,118.0,133.0,168.0,18.439088914585774,1.1666666666666667,106.0,False,True,small,GF6_WFV_E132.4_N35.8_20200914_L1A1120035552-1,WFV,2020-09-14
GF6_WFV_E132.4_N35.8_20200914_L1A1120035552-1_9216_15360.png,3,4,0,0.2578125,0.376953125,0.02734375,0.01953125,125.0,188.0,14.0,10.0,139.0,198.0,140.0,17.204650534085253,1.4,125.0,False,True,small,GF6_WFV_E132.4_N35.8_20200914_L1A1120035552-1,WFV,2020-09-14
GF6_WFV_E132.4_N35.8_20200914_L1A1120035552-1_9216_15872.png,0,1,0,0.634765625,0.0166015625,0.02734375,0.033203125,318.0,0.0,14.0,17.0,332.0,17.0,238.0,22.02271554554524,1.2142857142857142,0.0,True,True,small,GF6_WFV_E132.4_N35.8_20200914_L1A1120035552-1,WFV,2020-09-14
GF6_WFV_E132.4_N35.8_20200914_L1A1120035552-1_9216_16384.png,0,1,0,0.8349609375,0.6572265625,0.029296875,0.033203125,420.0,328.0,15.0,17.0,435.0,345.0,255.0,22.67156809750927,1.1333333333333333,77.0,False,True,small,GF6_WFV_E132.4_N35.8_20200914_L1A1120035552-1,WFV,2020-09-14
GF6_WFV_E132.4_N35.8_20200914_L1A1120035552-1_9216_16384.png,1,2,0,0.9228515625,0.8603515625,0.041015625,0.037109375,462.0,431.0,21.0,19.0,483.0,450.0,399.0,28.319604517012593,1.105263157894737,29.0,False,True,small,GF6_WFV_E132.4_N35.8_20200914_L1A1120035552-1,WFV,2020-09-14
GF6_WFV_E132.4_N35.8_20200914_L1A1120035552-1_9216_16773.png,0,1,0,0.921875,0.09765625,0.03515625,0.03515625,463.0,41.0,18.0,18.0,481.0,59.0,324.0,25.45584412271571,1.0,31.0,False,True,small,GF6_WFV_E132.4_N35.8_20200914_L1A1120035552-1,WFV,2020-09-14
GF6_WFV_E132.4_N35.8_20200914_L1A1120035552-1_9216_17285.png,0,1,0,0.126953125,0.783203125,0.0390625,0.046875,55.0,389.0,20.0,24.0,75.0,413.0,480.0,31.240998703626616,1.2,55.0,False,True,small,GF6_WFV_E132.4_N35.8_20200914_L1A1120035552-1,WFV,2020-09-14
GF6_WFV_E132.4_N35.8_20200914_L1A1120035552-1_9216_17285.png,1,2,0,0.521484375,0.7080078125,0.03125,0.029296875,259.0,355.0,16.0,15.0,275.0,370.0,240.0,21.93171219946131,1.0666666666666667,142.0,False,True,small,GF6_WFV_E132.4_N35.8_20200914_L1A1120035552-1,WFV,2020-09-14
GF6_WFV_E132.4_N35.8_20200914_L1A1120035552-1_9216_7680.png,0,1,0,0.3505859375,0.5986328125,0.044921875,0.048828125,168.0,294.0,23.0,25.0,191.0,319.0,575.0,33.97057550292606,1.0869565217391304,168.0,False,True,small,GF6_WFV_E132.4_N35.8_20200914_L1A1120035552-1,WFV,2020-09-14
GF6_WFV_E132.4_N35.8_20200914_L1A1120035552-1_9216_7680.png,1,2,0,0.6259765625,0.4296875,0.029296875,0.03515625,313.0,211.0,15.0,18.0,328.0,229.0,270.0,23.430749027719962,1.2,184.0,False,True,small,GF6_WFV_E132.4_N35.8_20200914_L1A1120035552-1,WFV,2020-09-14
GF6_WFV_E132.4_N35.8_20200914_L1A1120035552-1_9216_8192.png,0,1,0,0.556640625,0.6953125,0.03515625,0.03125,276.0,348.0,18.0,16.0,294.0,364.0,288.0,24.08318915758459,1.125,148.0,False,True,small,GF6_WFV_E132.4_N35.8_20200914_L1A1120035552-1,WFV,2020-09-14
GF6_WFV_E132.4_N35.8_20200914_L1A1120035552-1_9216_8704.png,0,1,0,0.9892578125,0.45703125,0.021484375,0.02734375,501.0,227.0,11.0,14.0,512.0,241.0,154.0,17.804493814764857,1.2727272727272727,0.0,True,True,small,GF6_WFV_E132.4_N35.8_20200914_L1A1120035552-1,WFV,2020-09-14
GF6_WFV_E132.4_N35.8_20200914_L1A1120035552-1_9216_8704.png,1,2,0,0.5166015625,0.439453125,0.029296875,0.03125,257.0,217.0,15.0,16.0,272.0,233.0,240.0,21.93171219946131,1.0666666666666667,217.0,False,True,small,GF6_WFV_E132.4_N35.8_20200914_L1A1120035552-1,WFV,2020-09-14
GF6_WFV_E132.4_N35.8_20200914_L1A1120035552-1_9216_8704.png,2,3,0,0.2626953125,0.5537109375,0.029296875,0.025390625,127.0,277.0,15.0,13.0,142.0,290.0,195.0,19.849433241279208,1.1538461538461537,127.0,False,True,small,GF6_WFV_E132.4_N35.8_20200914_L1A1120035552-1,WFV,2020-09-14
GF6_WFV_E132.4_N35.8_20200914_L1A1120035552-1_9728_10240.png,0,1,0,0.7421875,0.216796875,0.03125,0.03125,372.0,103.0,16.0,16.0,388.0,119.0,256.0,22.627416997969522,1.0,103.0,False,True,small,GF6_WFV_E132.4_N35.8_20200914_L1A1120035552-1,WFV,2020-09-14
GF6_WFV_E132.4_N35.8_20200914_L1A1120035552-1_9728_10752.png,0,1,0,0.0859375,0.7431640625,0.03125,0.033203125,36.0,372.0,16.0,17.0,52.0,389.0,272.0,23.345235059857504,1.0625,36.0,False,True,small,GF6_WFV_E132.4_N35.8_20200914_L1A1120035552-1,WFV,2020-09-14
GF6_WFV_E132.4_N35.8_20200914_L1A1120035552-1_9728_10752.png,1,2,0,0.94140625,0.21484375,0.02734375,0.03515625,475.0,101.0,14.0,18.0,489.0,119.0,252.0,22.80350850198276,1.2857142857142858,23.0,False,True,small,GF6_WFV_E132.4_N35.8_20200914_L1A1120035552-1,WFV,2020-09-14
GF6_WFV_E132.4_N35.8_20200914_L1A1120035552-1_9728_11264.png,0,1,0,0.3642578125,0.8984375,0.029296875,0.0390625,179.0,450.0,15.0,20.0,194.0,470.0,300.0,25.0,1.3333333333333333,42.0,False,True,small,GF6_WFV_E132.4_N35.8_20200914_L1A1120035552-1,WFV,2020-09-14
GF6_WFV_E132.4_N35.8_20200914_L1A1120035552-1_9728_11776.png,0,1,0,0.1044921875,0.15625,0.025390625,0.03125,47.0,72.0,13.0,16.0,60.0,88.0,208.0,20.615528128088304,1.2307692307692308,47.0,False,True,small,GF6_WFV_E132.4_N35.8_20200914_L1A1120035552-1,WFV,2020-09-14
GF6_WFV_E132.4_N35.8_20200914_L1A1120035552-1_9728_11776.png,1,2,0,0.1787109375,0.072265625,0.029296875,0.03125,84.0,29.0,15.0,16.0,99.0,45.0,240.0,21.93171219946131,1.0666666666666667,29.0,False,True,small,GF6_WFV_E132.4_N35.8_20200914_L1A1120035552-1,WFV,2020-09-14
GF6_WFV_E132.4_N35.8_20200914_L1A1120035552-1_9728_12288.png,0,1,0,0.533203125,0.6796875,0.02734375,0.03125,266.0,340.0,14.0,16.0,280.0,356.0,224.0,21.2602916254693,1.1428571428571428,156.0,False,True,small,GF6_WFV_E132.4_N35.8_20200914_L1A1120035552-1,WFV,2020-09-14
GF6_WFV_E132.4_N35.8_20200914_L1A1120035552-1_9728_12800.png,0,1,0,0.666015625,0.2861328125,0.02734375,0.025390625,334.0,140.0,14.0,13.0,348.0,153.0,182.0,19.1049731745428,1.0769230769230769,140.0,False,True,small,GF6_WFV_E132.4_N35.8_20200914_L1A1120035552-1,WFV,2020-09-14
GF6_WFV_E132.4_N35.8_20200914_L1A1120035552-1_9728_12800.png,1,2,0,0.6865234375,0.2109375,0.021484375,0.0234375,346.0,102.0,11.0,12.0,357.0,114.0,132.0,16.278820596099706,1.0909090909090908,102.0,False,True,small,GF6_WFV_E132.4_N35.8_20200914_L1A1120035552-1,WFV,2020-09-14
GF6_WFV_E132.4_N35.8_20200914_L1A1120035552-1_9728_12800.png,2,3,0,0.306640625,0.373046875,0.03515625,0.02734375,148.0,184.0,18.0,14.0,166.0,198.0,252.0,22.80350850198276,1.2857142857142858,148.0,False,True,small,GF6_WFV_E132.4_N35.8_20200914_L1A1120035552-1,WFV,2020-09-14
GF6_WFV_E132.4_N35.8_20200914_L1A1120035552-1_9728_13824.png,0,1,0,0.705078125,0.025390625,0.0390625,0.05078125,351.0,0.0,20.0,26.0,371.0,26.0,520.0,32.802438933713454,1.3,0.0,True,True,small,GF6_WFV_E132.4_N35.8_20200914_L1A1120035552-1,WFV,2020-09-14
GF6_WFV_E132.4_N35.8_20200914_L1A1120035552-1_9728_13824.png,1,2,0,0.0810546875,0.544921875,0.033203125,0.046875,33.0,267.0,17.0,24.0,50.0,291.0,408.0,29.410882339705484,1.411764705882353,33.0,False,True,small,GF6_WFV_E132.4_N35.8_20200914_L1A1120035552-1,WFV,2020-09-14
GF6_WFV_E132.4_N35.8_20200914_L1A1120035552-1_9728_14336.png,0,1,0,0.384765625,0.6123046875,0.04296875,0.048828125,186.0,301.0,22.0,25.0,208.0,326.0,550.0,33.301651610693426,1.1363636363636365,186.0,False,True,small,GF6_WFV_E132.4_N35.8_20200914_L1A1120035552-1,WFV,2020-09-14
GF6_WFV_E132.4_N35.8_20200914_L1A1120035552-1_9728_14336.png,1,2,0,0.166015625,0.2412109375,0.0390625,0.033203125,75.0,115.0,20.0,17.0,95.0,132.0,340.0,26.248809496813376,1.1764705882352942,75.0,False,True,small,GF6_WFV_E132.4_N35.8_20200914_L1A1120035552-1,WFV,2020-09-14
GF6_WFV_E132.4_N35.8_20200914_L1A1120035552-1_9728_14848.png,0,1,0,0.63671875,0.255859375,0.03125,0.0390625,318.0,121.0,16.0,20.0,334.0,141.0,320.0,25.612496949731394,1.25,121.0,False,True,small,GF6_WFV_E132.4_N35.8_20200914_L1A1120035552-1,WFV,2020-09-14
GF6_WFV_E132.4_N35.8_20200914_L1A1120035552-1_9728_14848.png,1,2,0,0.0234375,0.9892578125,0.03515625,0.017578125,3.0,502.0,18.0,9.0,21.0,511.0,162.0,20.12461179749811,2.0,1.0,False,True,small,GF6_WFV_E132.4_N35.8_20200914_L1A1120035552-1,WFV,2020-09-14
GF6_WFV_E132.4_N35.8_20200914_L1A1120035552-1_9728_14848.png,2,3,0,0.1103515625,0.94140625,0.029296875,0.0234375,49.0,476.0,15.0,12.0,64.0,488.0,180.0,19.209372712298546,1.25,24.0,False,True,small,GF6_WFV_E132.4_N35.8_20200914_L1A1120035552-1,WFV,2020-09-14
GF6_WFV_E132.4_N35.8_20200914_L1A1120035552-1_9728_15360.png,0,1,0,0.6689453125,0.89453125,0.033203125,0.02734375,334.0,451.0,17.0,14.0,351.0,465.0,238.0,22.02271554554524,1.2142857142857142,47.0,False,True,small,GF6_WFV_E132.4_N35.8_20200914_L1A1120035552-1,WFV,2020-09-14
GF6_WFV_E132.4_N35.8_20200914_L1A1120035552-1_9728_15360.png,1,2,0,0.55859375,0.2666015625,0.03515625,0.048828125,277.0,124.0,18.0,25.0,295.0,149.0,450.0,30.805843601498726,1.3888888888888888,124.0,False,True,small,GF6_WFV_E132.4_N35.8_20200914_L1A1120035552-1,WFV,2020-09-14
GF6_WFV_E132.4_N35.8_20200914_L1A1120035552-1_9728_15360.png,2,3,0,0.1953125,0.6298828125,0.03125,0.029296875,92.0,315.0,16.0,15.0,108.0,330.0,240.0,21.93171219946131,1.0666666666666667,92.0,False,True,small,GF6_WFV_E132.4_N35.8_20200914_L1A1120035552-1,WFV,2020-09-14
GF6_WFV_E132.4_N35.8_20200914_L1A1120035552-1_9728_15360.png,3,4,0,0.3603515625,0.3466796875,0.033203125,0.033203125,176.0,169.0,17.0,17.0,193.0,186.0,289.0,24.041630560342615,1.0,169.0,False,True,small,GF6_WFV_E132.4_N35.8_20200914_L1A1120035552-1,WFV,2020-09-14
GF6_WFV_E132.4_N35.8_20200914_L1A1120035552-1_9728_15360.png,4,5,0,0.220703125,0.1103515625,0.02734375,0.025390625,106.0,50.0,14.0,13.0,120.0,63.0,182.0,19.1049731745428,1.0769230769230769,50.0,False,True,small,GF6_WFV_E132.4_N35.8_20200914_L1A1120035552-1,WFV,2020-09-14
GF6_WFV_E132.4_N35.8_20200914_L1A1120035552-1_9728_15872.png,0,1,0,0.89453125,0.7490234375,0.03125,0.033203125,450.0,375.0,16.0,17.0,466.0,392.0,272.0,23.345235059857504,1.0625,46.0,False,True,small,GF6_WFV_E132.4_N35.8_20200914_L1A1120035552-1,WFV,2020-09-14
GF6_WFV_E132.4_N35.8_20200914_L1A1120035552-1_9728_15872.png,1,2,0,0.1279296875,0.36328125,0.025390625,0.0234375,59.0,180.0,13.0,12.0,72.0,192.0,156.0,17.69180601295413,1.0833333333333333,59.0,False,True,small,GF6_WFV_E132.4_N35.8_20200914_L1A1120035552-1,WFV,2020-09-14
GF6_WFV_E132.4_N35.8_20200914_L1A1120035552-1_9728_16384.png,0,1,0,0.1748046875,0.8369140625,0.037109375,0.033203125,80.0,420.0,19.0,17.0,99.0,437.0,323.0,25.495097567963924,1.1176470588235294,75.0,False,True,small,GF6_WFV_E132.4_N35.8_20200914_L1A1120035552-1,WFV,2020-09-14
GF6_WFV_E132.4_N35.8_20200914_L1A1120035552-1_9728_16384.png,1,2,0,0.6689453125,0.4970703125,0.041015625,0.025390625,332.0,248.0,21.0,13.0,353.0,261.0,273.0,24.698178070456937,1.6153846153846154,159.0,False,True,small,GF6_WFV_E132.4_N35.8_20200914_L1A1120035552-1,WFV,2020-09-14
GF6_WFV_E132.4_N35.8_20200914_L1A1120035552-1_9728_16384.png,2,3,0,0.8828125,0.7431640625,0.02734375,0.033203125,445.0,372.0,14.0,17.0,459.0,389.0,238.0,22.02271554554524,1.2142857142857142,53.0,False,True,small,GF6_WFV_E132.4_N35.8_20200914_L1A1120035552-1,WFV,2020-09-14
GF6_WFV_E132.4_N35.8_20200914_L1A1120035552-1_9728_16384.png,3,4,0,0.859375,0.79296875,0.03515625,0.03125,431.0,398.0,18.0,16.0,449.0,414.0,288.0,24.08318915758459,1.125,63.0,False,True,small,GF6_WFV_E132.4_N35.8_20200914_L1A1120035552-1,WFV,2020-09-14
GF6_WFV_E132.4_N35.8_20200914_L1A1120035552-1_9728_16384.png,4,5,0,0.81640625,0.9501953125,0.03515625,0.021484375,409.0,481.0,18.0,11.0,427.0,492.0,198.0,21.095023109728988,1.6363636363636365,20.0,False,True,small,GF6_WFV_E132.4_N35.8_20200914_L1A1120035552-1,WFV,2020-09-14
GF6_WFV_E132.4_N35.8_20200914_L1A1120035552-1_9728_16773.png,0,1,0,0.8525390625,0.0322265625,0.037109375,0.033203125,427.0,8.0,19.0,17.0,446.0,25.0,323.0,25.495097567963924,1.1176470588235294,8.0,False,True,small,GF6_WFV_E132.4_N35.8_20200914_L1A1120035552-1,WFV,2020-09-14
GF6_WFV_E132.4_N35.8_20200914_L1A1120035552-1_9728_16773.png,1,2,0,0.818359375,0.189453125,0.03125,0.0234375,411.0,91.0,16.0,12.0,427.0,103.0,192.0,20.0,1.3333333333333333,85.0,False,True,small,GF6_WFV_E132.4_N35.8_20200914_L1A1120035552-1,WFV,2020-09-14
GF6_WFV_E132.4_N35.8_20200914_L1A1120035552-1_9728_16773.png,2,3,0,0.1748046875,0.0771484375,0.037109375,0.029296875,80.0,32.0,19.0,15.0,99.0,47.0,285.0,24.20743687382041,1.2666666666666666,32.0,False,True,small,GF6_WFV_E132.4_N35.8_20200914_L1A1120035552-1,WFV,2020-09-14
GF6_WFV_E132.4_N35.8_20200914_L1A1120035552-1_9728_17285.png,0,1,0,0.2294921875,0.4033203125,0.029296875,0.037109375,110.0,197.0,15.0,19.0,125.0,216.0,285.0,24.20743687382041,1.2666666666666666,110.0,False,True,small,GF6_WFV_E132.4_N35.8_20200914_L1A1120035552-1,WFV,2020-09-14
GF6_WFV_E132.4_N35.8_20200914_L1A1120035552-1_9728_4608.png,0,1,0,0.896484375,0.919921875,0.03515625,0.0546875,450.0,457.0,18.0,28.0,468.0,485.0,504.0,33.28663395418648,1.5555555555555556,27.0,False,True,small,GF6_WFV_E132.4_N35.8_20200914_L1A1120035552-1,WFV,2020-09-14
GF6_WFV_E132.4_N35.8_20200914_L1A1120035552-1_9728_5120.png,0,1,0,0.267578125,0.3115234375,0.02734375,0.025390625,130.0,153.0,14.0,13.0,144.0,166.0,182.0,19.1049731745428,1.0769230769230769,130.0,False,True,small,GF6_WFV_E132.4_N35.8_20200914_L1A1120035552-1,WFV,2020-09-14
GF6_WFV_E132.4_N35.8_20200914_L1A1120035552-1_9728_5120.png,1,2,0,0.5048828125,0.2880859375,0.033203125,0.029296875,250.0,140.0,17.0,15.0,267.0,155.0,255.0,22.67156809750927,1.1333333333333333,140.0,False,True,small,GF6_WFV_E132.4_N35.8_20200914_L1A1120035552-1,WFV,2020-09-14
GF6_WFV_E132.4_N35.8_20200914_L1A1120035552-1_9728_5120.png,2,3,0,0.5791015625,0.3955078125,0.029296875,0.025390625,289.0,196.0,15.0,13.0,304.0,209.0,195.0,19.849433241279208,1.1538461538461537,196.0,False,True,small,GF6_WFV_E132.4_N35.8_20200914_L1A1120035552-1,WFV,2020-09-14
GF6_WFV_E132.4_N35.8_20200914_L1A1120035552-1_9728_5632.png,0,1,0,0.55078125,0.8857421875,0.03125,0.037109375,274.0,444.0,16.0,19.0,290.0,463.0,304.0,24.839484696748443,1.1875,49.0,False,True,small,GF6_WFV_E132.4_N35.8_20200914_L1A1120035552-1,WFV,2020-09-14
GF6_WFV_E132.4_N35.8_20200914_L1A1120035552-1_9728_6656.png,0,1,0,0.6494140625,0.4130859375,0.037109375,0.037109375,323.0,202.0,19.0,19.0,342.0,221.0,361.0,26.870057685088806,1.0,170.0,False,True,small,GF6_WFV_E132.4_N35.8_20200914_L1A1120035552-1,WFV,2020-09-14
GF6_WFV_E132.4_N35.8_20200914_L1A1120035552-1_9728_6656.png,1,2,0,0.9130859375,0.2685546875,0.033203125,0.037109375,459.0,128.0,17.0,19.0,476.0,147.0,323.0,25.495097567963924,1.1176470588235294,36.0,False,True,small,GF6_WFV_E132.4_N35.8_20200914_L1A1120035552-1,WFV,2020-09-14
GF6_WFV_E132.4_N35.8_20200914_L1A1120035552-1_9728_7168.png,0,1,0,0.453125,0.4990234375,0.03515625,0.044921875,223.0,244.0,18.0,23.0,241.0,267.0,414.0,29.206163733020468,1.2777777777777777,223.0,False,True,small,GF6_WFV_E132.4_N35.8_20200914_L1A1120035552-1,WFV,2020-09-14
GF6_WFV_E132.4_N35.8_20200914_L1A1120035552-1_9728_7168.png,1,2,0,0.220703125,0.251953125,0.0234375,0.03125,107.0,121.0,12.0,16.0,119.0,137.0,192.0,20.0,1.3333333333333333,107.0,False,True,small,GF6_WFV_E132.4_N35.8_20200914_L1A1120035552-1,WFV,2020-09-14
GF6_WFV_E132.4_N35.8_20200914_L1A1120035552-1_9728_8192.png,0,1,0,0.8671875,0.474609375,0.03125,0.04296875,436.0,232.0,16.0,22.0,452.0,254.0,352.0,27.202941017470888,1.375,60.0,False,True,small,GF6_WFV_E132.4_N35.8_20200914_L1A1120035552-1,WFV,2020-09-14
GF6_WFV_E132.4_N35.8_20200914_L1A1120035552-1_9728_8192.png,1,2,0,0.4912109375,0.6845703125,0.033203125,0.041015625,243.0,340.0,17.0,21.0,260.0,361.0,357.0,27.018512172212592,1.2352941176470589,151.0,False,True,small,GF6_WFV_E132.4_N35.8_20200914_L1A1120035552-1,WFV,2020-09-14
GF6_WFV_E132.4_N35.8_20200914_L1A1120035552-1_9728_8704.png,0,1,0,0.4677734375,0.1005859375,0.025390625,0.029296875,233.0,44.0,13.0,15.0,246.0,59.0,195.0,19.849433241279208,1.1538461538461537,44.0,False,True,small,GF6_WFV_E132.4_N35.8_20200914_L1A1120035552-1,WFV,2020-09-14
GF6_WFV_E132.4_N35.8_20200914_L1A1120035552-1_9728_8704.png,1,2,0,0.7919921875,0.5634765625,0.056640625,0.044921875,391.0,277.0,29.0,23.0,420.0,300.0,667.0,37.013511046643494,1.2608695652173914,92.0,False,True,small,GF6_WFV_E132.4_N35.8_20200914_L1A1120035552-1,WFV,2020-09-14
GF6_WFV_E132.4_N35.8_20200914_L1A1120035552-1_9728_8704.png,2,3,0,0.447265625,0.8330078125,0.01953125,0.029296875,224.0,419.0,10.0,15.0,234.0,434.0,150.0,18.027756377319946,1.5,78.0,False,True,small,GF6_WFV_E132.4_N35.8_20200914_L1A1120035552-1,WFV,2020-09-14
GF6_WFV_E132.4_N35.8_20200914_L1A1120035552-2_0_10752.png,0,1,0,0.71484375,0.431640625,0.0390625,0.02734375,356.0,214.0,20.0,14.0,376.0,228.0,280.0,24.413111231467404,1.4285714285714286,136.0,False,True,small,GF6_WFV_E132.4_N35.8_20200914_L1A1120035552-2,WFV,2020-09-14
GF6_WFV_E132.4_N35.8_20200914_L1A1120035552-2_1024_10752.png,0,1,0,0.73828125,0.578125,0.05078125,0.05078125,365.0,283.0,26.0,26.0,391.0,309.0,676.0,36.76955262170047,1.0,121.0,False,True,small,GF6_WFV_E132.4_N35.8_20200914_L1A1120035552-2,WFV,2020-09-14
GF6_WFV_E132.4_N35.8_20200914_L1A1120035552-2_1024_13824.png,0,1,0,0.6806640625,0.326171875,0.076171875,0.0546875,329.0,153.0,39.0,28.0,368.0,181.0,1092.0,48.010415536631214,1.3928571428571428,144.0,False,True,medium,GF6_WFV_E132.4_N35.8_20200914_L1A1120035552-2,WFV,2020-09-14
GF6_WFV_E132.4_N35.8_20200914_L1A1120035552-2_11264_512.png,0,1,0,0.1025390625,0.53515625,0.044921875,0.04296875,41.0,263.0,23.0,22.0,64.0,285.0,506.0,31.827660925679098,1.0454545454545454,41.0,False,True,small,GF6_WFV_E132.4_N35.8_20200914_L1A1120035552-2,WFV,2020-09-14
GF6_WFV_E132.4_N35.8_20200914_L1A1120035552-2_11776_11776.png,0,1,0,0.6015625,0.17578125,0.03515625,0.0390625,299.0,80.0,18.0,20.0,317.0,100.0,360.0,26.90724809414742,1.1111111111111112,80.0,False,True,small,GF6_WFV_E132.4_N35.8_20200914_L1A1120035552-2,WFV,2020-09-14
GF6_WFV_E132.4_N35.8_20200914_L1A1120035552-2_11776_11776.png,1,2,0,0.9140625,0.193359375,0.02734375,0.03125,461.0,91.0,14.0,16.0,475.0,107.0,224.0,21.2602916254693,1.1428571428571428,37.0,False,True,small,GF6_WFV_E132.4_N35.8_20200914_L1A1120035552-2,WFV,2020-09-14
GF6_WFV_E132.4_N35.8_20200914_L1A1120035552-2_12288_5120.png,0,1,0,0.6787109375,0.271484375,0.052734375,0.0625,334.0,123.0,27.0,32.0,361.0,155.0,864.0,41.86884283091664,1.1851851851851851,123.0,False,True,small,GF6_WFV_E132.4_N35.8_20200914_L1A1120035552-2,WFV,2020-09-14
GF6_WFV_E132.4_N35.8_20200914_L1A1120035552-2_14848_6656.png,0,1,0,0.9736328125,0.0244140625,0.041015625,0.044921875,488.0,1.0,21.0,23.0,509.0,24.0,483.0,31.144823004794873,1.0952380952380953,1.0,False,True,small,GF6_WFV_E132.4_N35.8_20200914_L1A1120035552-2,WFV,2020-09-14
GF6_WFV_E132.4_N35.8_20200914_L1A1120035552-2_15872_8704.png,0,1,0,0.484375,0.154296875,0.0390625,0.03515625,238.0,70.0,20.0,18.0,258.0,88.0,360.0,26.90724809414742,1.1111111111111112,70.0,False,True,small,GF6_WFV_E132.4_N35.8_20200914_L1A1120035552-2,WFV,2020-09-14
GF6_WFV_E132.4_N35.8_20200914_L1A1120035552-2_16896_8192.png,0,1,0,0.083984375,0.015625,0.02734375,0.02734375,36.0,1.0,14.0,14.0,50.0,15.0,196.0,19.79898987322333,1.0,1.0,False,True,small,GF6_WFV_E132.4_N35.8_20200914_L1A1120035552-2,WFV,2020-09-14
GF6_WFV_E132.4_N35.8_20200914_L1A1120035552-2_17408_6656.png,0,1,0,0.15625,0.0869140625,0.0390625,0.044921875,70.0,33.0,20.0,23.0,90.0,56.0,460.0,30.479501308256342,1.15,33.0,False,True,small,GF6_WFV_E132.4_N35.8_20200914_L1A1120035552-2,WFV,2020-09-14
GF6_WFV_E132.4_N35.8_20200914_L1A1120035552-2_3072_11264.png,0,1,0,0.5224609375,0.615234375,0.091796875,0.07421875,244.0,296.0,47.0,38.0,291.0,334.0,1786.0,60.440052945046304,1.236842105263158,178.0,False,True,medium,GF6_WFV_E132.4_N35.8_20200914_L1A1120035552-2,WFV,2020-09-14
GF6_WFV_E132.4_N35.8_20200914_L1A1120035552-2_3072_2048.png,0,1,0,0.3056640625,0.7646484375,0.033203125,0.056640625,148.0,377.0,17.0,29.0,165.0,406.0,493.0,33.61547262794322,1.7058823529411764,106.0,False,True,small,GF6_WFV_E132.4_N35.8_20200914_L1A1120035552-2,WFV,2020-09-14
GF6_WFV_E132.4_N35.8_20200914_L1A1120035552-2_4608_13824.png,0,1,0,0.3251953125,0.1240234375,0.033203125,0.033203125,158.0,55.0,17.0,17.0,175.0,72.0,289.0,24.041630560342615,1.0,55.0,False,True,small,GF6_WFV_E132.4_N35.8_20200914_L1A1120035552-2,WFV,2020-09-14
GF6_WFV_E132.4_N35.8_20200914_L1A1120035552-2_512_13824.png,0,1,0,0.642578125,0.1513671875,0.0546875,0.033203125,315.0,69.0,28.0,17.0,343.0,86.0,476.0,32.7566787083184,1.6470588235294117,69.0,False,True,small,GF6_WFV_E132.4_N35.8_20200914_L1A1120035552-2,WFV,2020-09-14
GF6_WFV_E132.4_N35.8_20200914_L1A1120035552-2_512_15872.png,0,1,0,0.611328125,0.568359375,0.04296875,0.04296875,302.0,280.0,22.0,22.0,324.0,302.0,484.0,31.11269837220809,1.0,188.0,False,True,small,GF6_WFV_E132.4_N35.8_20200914_L1A1120035552-2,WFV,2020-09-14
GF6_WFV_E132.4_N35.8_20200914_L1A1120035552-2_6144_8192.png,0,1,0,0.5380859375,0.671875,0.052734375,0.03515625,262.0,335.0,27.0,18.0,289.0,353.0,486.0,32.449961479175904,1.5,159.0,False,True,small,GF6_WFV_E132.4_N35.8_20200914_L1A1120035552-2,WFV,2020-09-14
GF6_WFV_E132.4_N35.8_20200914_L1A1120035552-2_8704_16384.png,0,1,0,0.634765625,0.03125,0.03125,0.03125,317.0,8.0,16.0,16.0,333.0,24.0,256.0,22.627416997969522,1.0,8.0,False,True,small,GF6_WFV_E132.4_N35.8_20200914_L1A1120035552-2,WFV,2020-09-14
GF6_WFV_E132.4_N35.8_20200914_L1A1120035552-3_10240_14848.png,0,1,0,0.9453125,0.2705078125,0.02734375,0.029296875,477.0,131.0,14.0,15.0,491.0,146.0,210.0,20.518284528683193,1.0714285714285714,21.0,False,True,small,GF6_WFV_E132.4_N35.8_20200914_L1A1120035552-3,WFV,2020-09-14
GF6_WFV_E132.4_N35.8_20200914_L1A1120035552-3_10752_14336.png,0,1,0,0.1259765625,0.220703125,0.025390625,0.0234375,58.0,107.0,13.0,12.0,71.0,119.0,156.0,17.69180601295413,1.0833333333333333,58.0,False,True,small,GF6_WFV_E132.4_N35.8_20200914_L1A1120035552-3,WFV,2020-09-14
GF6_WFV_E132.4_N35.8_20200914_L1A1120035552-3_10752_14848.png,0,1,0,0.6650390625,0.740234375,0.025390625,0.03125,334.0,371.0,13.0,16.0,347.0,387.0,208.0,20.615528128088304,1.2307692307692308,125.0,False,True,small,GF6_WFV_E132.4_N35.8_20200914_L1A1120035552-3,WFV,2020-09-14
GF6_WFV_E132.4_N35.8_20200914_L1A1120035552-3_10752_15360.png,0,1,0,0.59765625,0.6953125,0.02734375,0.03125,299.0,348.0,14.0,16.0,313.0,364.0,224.0,21.2602916254693,1.1428571428571428,148.0,False,True,small,GF6_WFV_E132.4_N35.8_20200914_L1A1120035552-3,WFV,2020-09-14
GF6_WFV_E132.4_N35.8_20200914_L1A1120035552-3_10752_7168.png,0,1,0,0.986328125,0.6396484375,0.02734375,0.064453125,498.0,311.0,14.0,33.0,512.0,344.0,462.0,35.84689665786984,2.357142857142857,0.0,True,True,small,GF6_WFV_E132.4_N35.8_20200914_L1A1120035552-3,WFV,2020-09-14
GF6_WFV_E132.4_N35.8_20200914_L1A1120035552-3_10752_7168.png,1,2,0,0.7216796875,0.7353515625,0.025390625,0.037109375,363.0,367.0,13.0,19.0,376.0,386.0,247.0,23.021728866442675,1.4615384615384615,126.0,False,True,small,GF6_WFV_E132.4_N35.8_20200914_L1A1120035552-3,WFV,2020-09-14
GF6_WFV_E132.4_N35.8_20200914_L1A1120035552-3_10752_7168.png,2,3,0,0.3251953125,0.1474609375,0.029296875,0.029296875,159.0,68.0,15.0,15.0,174.0,83.0,225.0,21.213203435596427,1.0,68.0,False,True,small,GF6_WFV_E132.4_N35.8_20200914_L1A1120035552-3,WFV,2020-09-14
GF6_WFV_E132.4_N35.8_20200914_L1A1120035552-3_10769_12800.png,0,1,0,0.1220703125,0.1416015625,0.029296875,0.029296875,55.0,65.0,15.0,15.0,70.0,80.0,225.0,21.213203435596427,1.0,55.0,False,True,small,GF6_WFV_E132.4_N35.8_20200914_L1A1120035552-3,WFV,2020-09-14
GF6_WFV_E132.4_N35.8_20200914_L1A1120035552-3_10769_14336.png,0,1,0,0.091796875,0.2197265625,0.02734375,0.025390625,40.0,106.0,14.0,13.0,54.0,119.0,182.0,19.1049731745428,1.0769230769230769,40.0,False,True,small,GF6_WFV_E132.4_N35.8_20200914_L1A1120035552-3,WFV,2020-09-14
GF6_WFV_E132.4_N35.8_20200914_L1A1120035552-3_10769_14848.png,0,1,0,0.62890625,0.7431640625,0.0234375,0.033203125,316.0,372.0,12.0,17.0,328.0,389.0,204.0,20.808652046684813,1.4166666666666667,123.0,False,True,small,GF6_WFV_E132.4_N35.8_20200914_L1A1120035552-3,WFV,2020-09-14
GF6_WFV_E132.4_N35.8_20200914_L1A1120035552-3_10769_15360.png,0,1,0,0.5654296875,0.6953125,0.029296875,0.0234375,282.0,350.0,15.0,12.0,297.0,362.0,180.0,19.209372712298546,1.25,150.0,False,True,small,GF6_WFV_E132.4_N35.8_20200914_L1A1120035552-3,WFV,2020-09-14
GF6_WFV_E132.4_N35.8_20200914_L1A1120035552-3_10769_15872.png,0,1,0,0.2822265625,0.1953125,0.025390625,0.0234375,138.0,94.0,13.0,12.0,151.0,106.0,156.0,17.69180601295413,1.0833333333333333,94.0,False,True,small,GF6_WFV_E132.4_N35.8_20200914_L1A1120035552-3,WFV,2020-09-14
GF6_WFV_E132.4_N35.8_20200914_L1A1120035552-3_10769_7168.png,0,1,0,0.6884765625,0.7333984375,0.033203125,0.037109375,344.0,366.0,17.0,19.0,361.0,385.0,323.0,25.495097567963924,1.1176470588235294,127.0,False,True,small,GF6_WFV_E132.4_N35.8_20200914_L1A1120035552-3,WFV,2020-09-14
GF6_WFV_E132.4_N35.8_20200914_L1A1120035552-3_10769_7168.png,1,2,0,0.9580078125,0.6337890625,0.037109375,0.060546875,481.0,309.0,19.0,31.0,500.0,340.0,589.0,36.359317925395686,1.631578947368421,12.0,False,True,small,GF6_WFV_E132.4_N35.8_20200914_L1A1120035552-3,WFV,2020-09-14
GF6_WFV_E132.4_N35.8_20200914_L1A1120035552-3_10769_8192.png,0,1,0,0.3681640625,0.4375,0.029296875,0.02734375,181.0,217.0,15.0,14.0,196.0,231.0,210.0,20.518284528683193,1.0714285714285714,181.0,False,True,small,GF6_WFV_E132.4_N35.8_20200914_L1A1120035552-3,WFV,2020-09-14
GF6_WFV_E132.4_N35.8_20200914_L1A1120035552-3_10769_8192.png,1,2,0,0.5634765625,0.287109375,0.037109375,0.0234375,279.0,141.0,19.0,12.0,298.0,153.0,228.0,22.47220505424423,1.5833333333333333,141.0,False,True,small,GF6_WFV_E132.4_N35.8_20200914_L1A1120035552-3,WFV,2020-09-14
GF6_WFV_E132.4_N35.8_20200914_L1A1120035552-3_10769_8192.png,2,3,0,0.96484375,0.97265625,0.02734375,0.0234375,487.0,492.0,14.0,12.0,501.0,504.0,168.0,18.439088914585774,1.1666666666666667,8.0,False,True,small,GF6_WFV_E132.4_N35.8_20200914_L1A1120035552-3,WFV,2020-09-14
GF6_WFV_E132.4_N35.8_20200914_L1A1120035552-3_10769_8704.png,0,1,0,0.1318359375,0.943359375,0.052734375,0.03515625,54.0,474.0,27.0,18.0,81.0,492.0,486.0,32.449961479175904,1.5,20.0,False,True,small,GF6_WFV_E132.4_N35.8_20200914_L1A1120035552-3,WFV,2020-09-14
GF6_WFV_E132.4_N35.8_20200914_L1A1120035552-3_11264_14848.png,0,1,0,0.1923828125,0.5322265625,0.033203125,0.041015625,90.0,262.0,17.0,21.0,107.0,283.0,357.0,27.018512172212592,1.2352941176470589,90.0,False,True,small,GF6_WFV_E132.4_N35.8_20200914_L1A1120035552-3,WFV,2020-09-14
GF6_WFV_E132.4_N35.8_20200914_L1A1120035552-3_11264_7168.png,0,1,0,0.2939453125,0.12109375,0.021484375,0.02734375,145.0,55.0,11.0,14.0,156.0,69.0,154.0,17.804493814764857,1.2727272727272727,55.0,False,True,small,GF6_WFV_E132.4_N35.8_20200914_L1A1120035552-3,WFV,2020-09-14
GF6_WFV_E132.4_N35.8_20200914_L1A1120035552-3_11264_7680.png,0,1,0,0.6572265625,0.1142578125,0.029296875,0.033203125,329.0,50.0,15.0,17.0,344.0,67.0,255.0,22.67156809750927,1.1333333333333333,50.0,False,True,small,GF6_WFV_E132.4_N35.8_20200914_L1A1120035552-3,WFV,2020-09-14
GF6_WFV_E132.4_N35.8_20200914_L1A1120035552-3_11264_7680.png,1,2,0,0.7763671875,0.01171875,0.025390625,0.0234375,391.0,0.0,13.0,12.0,404.0,12.0,156.0,17.69180601295413,1.0833333333333333,0.0,True,True,small,GF6_WFV_E132.4_N35.8_20200914_L1A1120035552-3,WFV,2020-09-14
GF6_WFV_E132.4_N35.8_20200914_L1A1120035552-3_11264_7680.png,2,3,0,0.943359375,0.0712890625,0.02734375,0.041015625,476.0,26.0,14.0,21.0,490.0,47.0,294.0,25.238858928247925,1.5,22.0,False,True,small,GF6_WFV_E132.4_N35.8_20200914_L1A1120035552-3,WFV,2020-09-14
GF6_WFV_E132.4_N35.8_20200914_L1A1120035552-3_11264_7680.png,3,4,0,0.7373046875,0.4306640625,0.029296875,0.041015625,370.0,210.0,15.0,21.0,385.0,231.0,315.0,25.80697580112788,1.4,127.0,False,True,small,GF6_WFV_E132.4_N35.8_20200914_L1A1120035552-3,WFV,2020-09-14
GF6_WFV_E132.4_N35.8_20200914_L1A1120035552-3_11264_7680.png,4,5,0,0.9638671875,0.76953125,0.029296875,0.0234375,486.0,388.0,15.0,12.0,501.0,400.0,180.0,19.209372712298546,1.25,11.0,False,True,small,GF6_WFV_E132.4_N35.8_20200914_L1A1120035552-3,WFV,2020-09-14
GF6_WFV_E132.4_N35.8_20200914_L1A1120035552-3_11281_12800.png,0,1,0,0.990234375,0.748046875,0.01953125,0.03125,502.0,375.0,10.0,16.0,512.0,391.0,160.0,18.867962264113206,1.6,0.0,True,True,small,GF6_WFV_E132.4_N35.8_20200914_L1A1120035552-3,WFV,2020-09-14
GF6_WFV_E132.4_N35.8_20200914_L1A1120035552-3_11281_14336.png,0,1,0,0.98046875,0.5078125,0.02734375,0.0390625,495.0,250.0,14.0,20.0,509.0,270.0,280.0,24.413111231467404,1.4285714285714286,3.0,False,True,small,GF6_WFV_E132.4_N35.8_20200914_L1A1120035552-3,WFV,2020-09-14
GF6_WFV_E132.4_N35.8_20200914_L1A1120035552-3_11281_14848.png,0,1,0,0.1591796875,0.53515625,0.041015625,0.03515625,71.0,265.0,21.0,18.0,92.0,283.0,378.0,27.65863337187866,1.1666666666666667,71.0,False,True,small,GF6_WFV_E132.4_N35.8_20200914_L1A1120035552-3,WFV,2020-09-14
GF6_WFV_E132.4_N35.8_20200914_L1A1120035552-3_11281_7168.png,0,1,0,0.259765625,0.12109375,0.0234375,0.02734375,127.0,55.0,12.0,14.0,139.0,69.0,168.0,18.439088914585774,1.1666666666666667,55.0,False,True,small,GF6_WFV_E132.4_N35.8_20200914_L1A1120035552-3,WFV,2020-09-14
GF6_WFV_E132.4_N35.8_20200914_L1A1120035552-3_11281_7680.png,0,1,0,0.744140625,0.0087890625,0.03125,0.017578125,373.0,0.0,16.0,9.0,389.0,9.0,144.0,18.35755975068582,1.7777777777777777,0.0,True,True,small,GF6_WFV_E132.4_N35.8_20200914_L1A1120035552-3,WFV,2020-09-14
GF6_WFV_E132.4_N35.8_20200914_L1A1120035552-3_11281_7680.png,1,2,0,0.908203125,0.068359375,0.0234375,0.0390625,459.0,25.0,12.0,20.0,471.0,45.0,240.0,23.323807579381203,1.6666666666666667,25.0,False,True,small,GF6_WFV_E132.4_N35.8_20200914_L1A1120035552-3,WFV,2020-09-14
GF6_WFV_E132.4_N35.8_20200914_L1A1120035552-3_11281_7680.png,2,3,0,0.6240234375,0.115234375,0.029296875,0.03125,312.0,51.0,15.0,16.0,327.0,67.0,240.0,21.93171219946131,1.0666666666666667,51.0,False,True,small,GF6_WFV_E132.4_N35.8_20200914_L1A1120035552-3,WFV,2020-09-14
GF6_WFV_E132.4_N35.8_20200914_L1A1120035552-3_11281_7680.png,3,4,0,0.7060546875,0.4296875,0.025390625,0.03515625,355.0,211.0,13.0,18.0,368.0,229.0,234.0,22.20360331117452,1.3846153846153846,144.0,False,True,small,GF6_WFV_E132.4_N35.8_20200914_L1A1120035552-3,WFV,2020-09-14
GF6_WFV_E132.4_N35.8_20200914_L1A1120035552-3_11281_7680.png,4,5,0,0.93359375,0.7734375,0.03125,0.02734375,470.0,389.0,16.0,14.0,486.0,403.0,224.0,21.2602916254693,1.1428571428571428,26.0,False,True,small,GF6_WFV_E132.4_N35.8_20200914_L1A1120035552-3,WFV,2020-09-14
GF6_WFV_E132.4_N35.8_20200914_L1A1120035552-3_11281_7680.png,5,6,0,0.6064453125,0.3056640625,0.029296875,0.025390625,303.0,150.0,15.0,13.0,318.0,163.0,195.0,19.849433241279208,1.1538461538461537,150.0,False,True,small,GF6_WFV_E132.4_N35.8_20200914_L1A1120035552-3,WFV,2020-09-14
GF6_WFV_E132.4_N35.8_20200914_L1A1120035552-3_11281_7680.png,6,7,0,0.8229522184300342,0.6683937823834196,0.023037542662115995,0.024870466321243456,415.4539249146758,335.85077720207255,11.79522184300339,12.73367875647665,427.24914675767917,348.5844559585492,150.19656581018162,17.35724151467649,1.0795624640184218,84.75085324232083,False,True,small,GF6_WFV_E132.4_N35.8_20200914_L1A1120035552-3,WFV,2020-09-14
GF6_WFV_E132.4_N35.8_20200914_L1A1120035552-3_11281_7680.png,7,8,0,0.4513651877133106,0.949740932642487,0.01877133105802048,0.023834196891191706,226.2935153583618,480.1658031088083,9.610921501706486,12.203108808290153,235.90443686006827,492.36891191709844,117.28312083325964,15.533372998126735,1.26971267074894,19.631088082901556,False,True,small,GF6_WFV_E132.4_N35.8_20200914_L1A1120035552-3,WFV,2020-09-14
GF6_WFV_E132.4_N35.8_20200914_L1A1120035552-3_11281_7680.png,8,9,0,0.4978668941979522,0.766839378238342,0.012798634812286713,0.020725388601036232,251.63139931740614,387.3160621761658,6.552901023890797,10.61139896373055,258.18430034129693,397.92746113989637,69.53544713434367,12.471659865325499,1.619343696027628,114.07253886010363,False,True,small,GF6_WFV_E132.4_N35.8_20200914_L1A1120035552-3,WFV,2020-09-14
GF6_WFV_E132.4_N35.8_20200914_L1A1120035552-3_11281_7680.png,9,10,0,0.5149317406143346,0.7010362694300518,0.023037542662115995,0.01968911917098448,257.74744027303757,353.8901554404145,11.79522184300339,10.080829015544055,269.54266211604096,363.97098445595856,118.90561459972758,15.516132635624741,1.170064666786416,148.02901554404144,False,True,small,GF6_WFV_E132.4_N35.8_20200914_L1A1120035552-3,WFV,2020-09-14
GF6_WFV_E132.4_N35.8_20200914_L1A1120035552-3_11281_7680.png,10,11,0,0.613481228668942,0.5253886010362694,0.015358361774744034,0.020725388601036232,310.17064846416383,263.6932642487046,7.863481228668945,10.61139896373055,318.0341296928328,274.3046632124352,83.44253656121228,13.207426887970673,1.349453080023025,193.96587030716722,False,True,small,GF6_WFV_E132.4_N35.8_20200914_L1A1120035552-3,WFV,2020-09-14
GF6_WFV_E132.4_N35.8_20200914_L1A1120035552-3_11281_7680.png,11,12,0,0.5878839590443685,0.5036269430051814,0.015358361774744034,0.022797927461139955,297.06484641638224,252.02072538860105,7.863481228668945,11.672538860103657,304.9283276450512,263.69326424870474,91.78679021733392,14.074178500866715,1.4843983880253342,207.07167235494882,False,True,small,GF6_WFV_E132.4_N35.8_20200914_L1A1120035552-3,WFV,2020-09-14
GF6_WFV_E132.4_N35.8_20200914_L1A1120035552-3_11281_7680.png,12,13,0,0.5648464163822525,0.5,0.017064846416382284,0.021761658031088038,284.8327645051194,250.42901554404148,8.73720136518773,11.141968911917076,293.56996587030716,261.5709844559585,97.34962598808112,14.159172254406855,1.2752331606217566,218.43003412969284,False,True,small,GF6_WFV_E132.4_N35.8_20200914_L1A1120035552-3,WFV,2020-09-14
GF6_WFV_E132.4_N35.8_20200914_L1A1120035552-3_11281_7680.png,13,14,0,0.5405290102389078,0.4595854922279793,0.012798634812286713,0.01968911917098448,273.47440273037535,230.26735751295337,6.552901023890797,10.080829015544055,280.02730375426614,240.34818652849742,66.05867477762669,12.023461459560801,1.5383765112262513,230.26735751295337,False,True,small,GF6_WFV_E132.4_N35.8_20200914_L1A1120035552-3,WFV,2020-09-14
GF6_WFV_E132.4_N35.8_20200914_L1A1120035552-3_11281_7680.png,14,15,0,0.5729522184300342,0.4492227979274611,0.021331058020477855,0.023834196891191706,287.8907849829352,223.900518134715,10.921501706484662,12.203108808290153,298.81228668941986,236.10362694300517,133.27627367415892,16.376662178591708,1.117347150259065,213.18771331058014,False,True,small,GF6_WFV_E132.4_N35.8_20200914_L1A1120035552-3,WFV,2020-09-14
GF6_WFV_E132.4_N35.8_20200914_L1A1120035552-3_11281_7680.png,15,16,0,0.5699658703071673,0.42642487046632127,0.018771331058020535,0.021761658031088038,287.01706484641636,212.75854922279797,9.610921501706514,11.141968911917076,296.6279863481229,223.90051813471504,107.08458858688935,14.714390349113726,1.1593028732925046,212.75854922279797,False,True,small,GF6_WFV_E132.4_N35.8_20200914_L1A1120035552-3,WFV,2020-09-14
GF6_WFV_E132.4_N35.8_20200914_L1A1120035552-3_11281_8192.png,0,1,0,0.904296875,0.0771484375,0.0234375,0.029296875,457.0,32.0,12.0,15.0,469.0,47.0,180.0,19.209372712298546,1.25,32.0,False,True,small,GF6_WFV_E132.4_N35.8_20200914_L1A1120035552-3,WFV,2020-09-14
GF6_WFV_E132.4_N35.8_20200914_L1A1120035552-3_11281_8192.png,1,2,0,0.7890625,0.392578125,0.01953125,0.03125,399.0,193.0,10.0,16.0,409.0,209.0,160.0,18.867962264113206,1.6,103.0,False,True,small,GF6_WFV_E132.4_N35.8_20200914_L1A1120035552-3,WFV,2020-09-14
GF6_WFV_E132.4_N35.8_20200914_L1A1120035552-3_11281_8192.png,2,3,0,0.966796875,0.4736328125,0.02734375,0.033203125,488.0,234.0,14.0,17.0,502.0,251.0,238.0,22.02271554554524,1.2142857142857142,10.0,False,True,small,GF6_WFV_E132.4_N35.8_20200914_L1A1120035552-3,WFV,2020-09-14
GF6_WFV_E132.4_N35.8_20200914_L1A1120035552-3_11281_8192.png,3,4,0,0.9521484375,0.7607421875,0.021484375,0.029296875,482.0,382.0,11.0,15.0,493.0,397.0,165.0,18.601075237738275,1.3636363636363635,19.0,False,True,small,GF6_WFV_E132.4_N35.8_20200914_L1A1120035552-3,WFV,2020-09-14
GF6_WFV_E132.4_N35.8_20200914_L1A1120035552-3_11281_8192.png,4,5,0,0.0107421875,0.8271484375,0.021484375,0.021484375,0.0,418.0,11.0,11.0,11.0,429.0,121.0,15.556349186104045,1.0,0.0,True,True,small,GF6_WFV_E132.4_N35.8_20200914_L1A1120035552-3,WFV,2020-09-14
GF6_WFV_E132.4_N35.8_20200914_L1A1120035552-3_11281_8704.png,0,1,0,0.8642578125,0.0498046875,0.025390625,0.025390625,436.0,19.0,13.0,13.0,449.0,32.0,169.0,18.384776310850235,1.0,19.0,False,True,small,GF6_WFV_E132.4_N35.8_20200914_L1A1120035552-3,WFV,2020-09-14
GF6_WFV_E132.4_N35.8_20200914_L1A1120035552-3_11776_14336.png,0,1,0,0.0146484375,0.51171875,0.029296875,0.04296875,0.0,251.0,15.0,22.0,15.0,273.0,330.0,26.627053911388696,1.4666666666666666,0.0,True,True,small,GF6_WFV_E132.4_N35.8_20200914_L1A1120035552-3,WFV,2020-09-14
GF6_WFV_E132.4_N35.8_20200914_L1A1120035552-3_11776_14848.png,0,1,0,0.40625,0.2705078125,0.02734375,0.041015625,201.0,128.0,14.0,21.0,215.0,149.0,294.0,25.238858928247925,1.5,128.0,False,True,small,GF6_WFV_E132.4_N35.8_20200914_L1A1120035552-3,WFV,2020-09-14
GF6_WFV_E132.4_N35.8_20200914_L1A1120035552-3_11776_17285.png,0,1,0,0.6945392491467577,0.41761658031088084,0.03242320819112621,0.04352331606217619,347.3037542662116,202.67772020725388,16.600682593856618,22.283937823834208,363.90443686006824,224.9616580310881,369.92857875470764,27.787704970336844,1.3423506953913318,148.09556313993176,False,True,small,GF6_WFV_E132.4_N35.8_20200914_L1A1120035552-3,WFV,2020-09-14
GF6_WFV_E132.4_N35.8_20200914_L1A1120035552-3_11776_7168.png,0,1,0,0.9415529010238908,0.017616580310880828,0.021331058020477744,0.02694300518134715,476.6143344709898,2.122279792746113,10.921501706484605,13.794818652849742,487.5358361774744,15.917098445595855,150.6601354577441,17.594778236447237,1.2630880829015587,2.122279792746113,False,True,small,GF6_WFV_E132.4_N35.8_20200914_L1A1120035552-3,WFV,2020-09-14
GF6_WFV_E132.4_N35.8_20200914_L1A1120035552-3_11776_7168.png,1,2,0,0.863481228668942,0.46321243523316064,0.022184300341296925,0.033160621761658016,436.42320819112626,228.6756476683938,11.358361774744026,16.978238341968904,447.7815699658703,245.6538860103627,192.844973385913,20.427260203039204,1.4947787963332,64.21843003412971,False,True,small,GF6_WFV_E132.4_N35.8_20200914_L1A1120035552-3,WFV,2020-09-14
GF6_WFV_E132.4_N35.8_20200914_L1A1120035552-3_11776_7168.png,2,3,0,0.8835324232081911,0.5430051813471503,0.023037542662116106,0.04352331606217619,446.47098976109214,266.8766839378238,11.795221843003446,22.283937823834208,458.2662116040956,289.16062176165804,262.8439901678199,25.213114509361482,1.889234312032235,53.73378839590441,False,True,small,GF6_WFV_E132.4_N35.8_20200914_L1A1120035552-3,WFV,2020-09-14
GF6_WFV_E132.4_N35.8_20200914_L1A1120035552-3_11793_14848.png,0,1,0,0.37109375,0.271484375,0.03515625,0.04296875,181.0,128.0,18.0,22.0,199.0,150.0,396.0,28.42534080710379,1.2222222222222223,128.0,False,True,small,GF6_WFV_E132.4_N35.8_20200914_L1A1120035552-3,WFV,2020-09-14
GF6_WFV_E132.4_N35.8_20200914_L1A1120035552-3_11793_17285.png,0,1,0,0.6552734375,0.4140625,0.044921875,0.04296875,324.0,201.0,23.0,22.0,347.0,223.0,506.0,31.827660925679098,1.0454545454545454,165.0,False,True,small,GF6_WFV_E132.4_N35.8_20200914_L1A1120035552-3,WFV,2020-09-14
GF6_WFV_E132.4_N35.8_20200914_L1A1120035552-3_11793_7168.png,0,1,0,0.8447265625,0.5419921875,0.021484375,0.025390625,427.0,271.0,11.0,13.0,438.0,284.0,143.0,17.029386365926403,1.1818181818181819,74.0,False,True,small,GF6_WFV_E132.4_N35.8_20200914_L1A1120035552-3,WFV,2020-09-14
GF6_WFV_E132.4_N35.8_20200914_L1A1120035552-3_11793_7168.png,1,2,0,0.8310546875,0.458984375,0.025390625,0.0234375,419.0,229.0,13.0,12.0,432.0,241.0,156.0,17.69180601295413,1.0833333333333333,80.0,False,True,small,GF6_WFV_E132.4_N35.8_20200914_L1A1120035552-3,WFV,2020-09-14
GF6_WFV_E132.4_N35.8_20200914_L1A1120035552-3_11793_7168.png,2,3,0,0.90625,0.0185546875,0.0234375,0.029296875,458.0,2.0,12.0,15.0,470.0,17.0,180.0,19.209372712298546,1.25,2.0,False,True,small,GF6_WFV_E132.4_N35.8_20200914_L1A1120035552-3,WFV,2020-09-14
GF6_WFV_E132.4_N35.8_20200914_L1A1120035552-3_11793_8192.png,0,1,0,0.173828125,0.0107421875,0.02734375,0.017578125,82.0,1.0,14.0,9.0,96.0,10.0,126.0,16.64331697709324,1.5555555555555556,1.0,False,True,small,GF6_WFV_E132.4_N35.8_20200914_L1A1120035552-3,WFV,2020-09-14
GF6_WFV_E132.4_N35.8_20200914_L1A1120035552-3_11793_8192.png,1,2,0,0.505859375,0.2919921875,0.03515625,0.029296875,250.0,142.0,18.0,15.0,268.0,157.0,270.0,23.430749027719962,1.2,142.0,False,True,small,GF6_WFV_E132.4_N35.8_20200914_L1A1120035552-3,WFV,2020-09-14
GF6_WFV_E132.4_N35.8_20200914_L1A1120035552-3_11793_8192.png,2,3,0,0.7314453125,0.341796875,0.025390625,0.03125,368.0,167.0,13.0,16.0,381.0,183.0,208.0,20.615528128088304,1.2307692307692308,131.0,False,True,small,GF6_WFV_E132.4_N35.8_20200914_L1A1120035552-3,WFV,2020-09-14
GF6_WFV_E132.4_N35.8_20200914_L1A1120035552-3_11793_8192.png,3,4,0,0.7509765625,0.451171875,0.029296875,0.03125,377.0,223.0,15.0,16.0,392.0,239.0,240.0,21.93171219946131,1.0666666666666667,120.0,False,True,small,GF6_WFV_E132.4_N35.8_20200914_L1A1120035552-3,WFV,2020-09-14
GF6_WFV_E132.4_N35.8_20200914_L1A1120035552-3_11793_8192.png,4,5,0,0.958984375,0.3642578125,0.0234375,0.021484375,485.0,181.0,12.0,11.0,497.0,192.0,132.0,16.278820596099706,1.0909090909090908,15.0,False,True,small,GF6_WFV_E132.4_N35.8_20200914_L1A1120035552-3,WFV,2020-09-14
GF6_WFV_E132.4_N35.8_20200914_L1A1120035552-3_11793_8192.png,5,6,0,0.9541015625,0.3837890625,0.033203125,0.017578125,480.0,192.0,17.0,9.0,497.0,201.0,153.0,19.235384061671343,1.8888888888888888,15.0,False,True,small,GF6_WFV_E132.4_N35.8_20200914_L1A1120035552-3,WFV,2020-09-14
GF6_WFV_E132.4_N35.8_20200914_L1A1120035552-3_11793_8192.png,6,7,0,0.013671875,0.13671875,0.01953125,0.02734375,2.0,63.0,10.0,14.0,12.0,77.0,140.0,17.204650534085253,1.4,2.0,False,True,small,GF6_WFV_E132.4_N35.8_20200914_L1A1120035552-3,WFV,2020-09-14
GF6_WFV_E132.4_N35.8_20200914_L1A1120035552-3_11793_8192.png,7,8,0,0.142578125,0.2978515625,0.02734375,0.029296875,66.0,145.0,14.0,15.0,80.0,160.0,210.0,20.518284528683193,1.0714285714285714,66.0,False,True,small,GF6_WFV_E132.4_N35.8_20200914_L1A1120035552-3,WFV,2020-09-14
GF6_WFV_E132.4_N35.8_20200914_L1A1120035552-3_11793_8192.png,8,9,0,0.2509765625,0.4638671875,0.021484375,0.021484375,123.0,232.0,11.0,11.0,134.0,243.0,121.0,15.556349186104045,1.0,123.0,False,True,small,GF6_WFV_E132.4_N35.8_20200914_L1A1120035552-3,WFV,2020-09-14
GF6_WFV_E132.4_N35.8_20200914_L1A1120035552-3_11793_8192.png,9,10,0,0.1650390625,0.685546875,0.017578125,0.02734375,80.0,344.0,9.0,14.0,89.0,358.0,126.0,16.64331697709324,1.5555555555555556,80.0,False,True,small,GF6_WFV_E132.4_N35.8_20200914_L1A1120035552-3,WFV,2020-09-14
GF6_WFV_E132.4_N35.8_20200914_L1A1120035552-3_11793_8192.png,10,11,0,0.3095703125,0.7763671875,0.021484375,0.021484375,153.0,392.0,11.0,11.0,164.0,403.0,121.0,15.556349186104045,1.0,109.0,False,True,small,GF6_WFV_E132.4_N35.8_20200914_L1A1120035552-3,WFV,2020-09-14
GF6_WFV_E132.4_N35.8_20200914_L1A1120035552-3_11793_8704.png,0,1,0,0.9736328125,0.822265625,0.033203125,0.04296875,490.0,410.0,17.0,22.0,507.0,432.0,374.0,27.80287754891569,1.2941176470588236,5.0,False,True,small,GF6_WFV_E132.4_N35.8_20200914_L1A1120035552-3,WFV,2020-09-14
GF6_WFV_E132.4_N35.8_20200914_L1A1120035552-3_11793_8704.png,1,2,0,0.8701171875,0.6982421875,0.025390625,0.021484375,439.0,352.0,13.0,11.0,452.0,363.0,143.0,17.029386365926403,1.1818181818181819,60.0,False,True,small,GF6_WFV_E132.4_N35.8_20200914_L1A1120035552-3,WFV,2020-09-14
GF6_WFV_E132.4_N35.8_20200914_L1A1120035552-3_11793_8704.png,2,3,0,0.2373046875,0.1337890625,0.021484375,0.025390625,116.0,62.0,11.0,13.0,127.0,75.0,143.0,17.029386365926403,1.1818181818181819,62.0,False,True,small,GF6_WFV_E132.4_N35.8_20200914_L1A1120035552-3,WFV,2020-09-14
GF6_WFV_E132.4_N35.8_20200914_L1A1120035552-3_11793_8704.png,3,4,0,0.3125,0.16796875,0.0234375,0.02734375,154.0,79.0,12.0,14.0,166.0,93.0,168.0,18.439088914585774,1.1666666666666667,79.0,False,True,small,GF6_WFV_E132.4_N35.8_20200914_L1A1120035552-3,WFV,2020-09-14
GF6_WFV_E132.4_N35.8_20200914_L1A1120035552-3_11793_8704.png,4,5,0,0.205078125,0.017578125,0.0234375,0.02734375,99.0,2.0,12.0,14.0,111.0,16.0,168.0,18.439088914585774,1.1666666666666667,2.0,False,True,small,GF6_WFV_E132.4_N35.8_20200914_L1A1120035552-3,WFV,2020-09-14
GF6_WFV_E132.4_N35.8_20200914_L1A1120035552-3_12305_12288.png,0,1,0,0.6015625,0.2822265625,0.0234375,0.021484375,302.0,139.0,12.0,11.0,314.0,150.0,132.0,16.278820596099706,1.0909090909090908,139.0,False,True,small,GF6_WFV_E132.4_N35.8_20200914_L1A1120035552-3,WFV,2020-09-14
GF6_WFV_E132.4_N35.8_20200914_L1A1120035552-3_12305_12288.png,1,2,0,0.3037109375,0.2998046875,0.021484375,0.025390625,150.0,147.0,11.0,13.0,161.0,160.0,143.0,17.029386365926403,1.1818181818181819,147.0,False,True,small,GF6_WFV_E132.4_N35.8_20200914_L1A1120035552-3,WFV,2020-09-14
GF6_WFV_E132.4_N35.8_20200914_L1A1120035552-3_12305_12288.png,2,3,0,0.3357508532423208,0.5134715025906735,0.01962457337883955,0.025906735751295318,166.8805460750853,256.2652849740932,10.04778156996585,13.264248704663203,176.92832764505116,269.5295336787564,133.27627367415832,16.64025865715148,1.3201171435007903,166.8805460750853,False,True,small,GF6_WFV_E132.4_N35.8_20200914_L1A1120035552-3,WFV,2020-09-14
GF6_WFV_E132.4_N35.8_20200914_L1A1120035552-3_12305_12288.png,3,4,0,0.3779863481228669,0.7606217616580311,0.02730375426621162,0.024870466321243567,186.5392491467577,383.07150259067356,13.97952218430035,12.733678756476706,200.51877133105805,395.80518134715027,178.0107446639202,18.909617002321642,1.0978384527872571,116.19481865284973,False,True,small,GF6_WFV_E132.4_N35.8_20200914_L1A1120035552-3,WFV,2020-09-14
GF6_WFV_E132.4_N35.8_20200914_L1A1120035552-3_12305_12800.png,0,1,0,0.353515625,0.501953125,0.03125,0.0390625,173.0,247.0,16.0,20.0,189.0,267.0,320.0,25.612496949731394,1.25,173.0,False,True,small,GF6_WFV_E132.4_N35.8_20200914_L1A1120035552-3,WFV,2020-09-14
GF6_WFV_E132.4_N35.8_20200914_L1A1120035552-3_12305_14336.png,0,1,0,0.8701171875,0.10546875,0.025390625,0.02734375,439.0,47.0,13.0,14.0,452.0,61.0,182.0,19.1049731745428,1.0769230769230769,47.0,False,True,small,GF6_WFV_E132.4_N35.8_20200914_L1A1120035552-3,WFV,2020-09-14
GF6_WFV_E132.4_N35.8_20200914_L1A1120035552-3_12305_7168.png,0,1,0,0.0517578125,0.9443359375,0.029296875,0.025390625,19.0,477.0,15.0,13.0,34.0,490.0,195.0,19.849433241279208,1.1538461538461537,19.0,False,True,small,GF6_WFV_E132.4_N35.8_20200914_L1A1120035552-3,WFV,2020-09-14
GF6_WFV_E132.4_N35.8_20200914_L1A1120035552-3_12305_7168.png,1,2,0,0.15234375,0.9033203125,0.01953125,0.033203125,73.0,454.0,10.0,17.0,83.0,471.0,170.0,19.72308292331602,1.7,41.0,False,True,small,GF6_WFV_E132.4_N35.8_20200914_L1A1120035552-3,WFV,2020-09-14
GF6_WFV_E132.4_N35.8_20200914_L1A1120035552-3_12305_7680.png,0,1,0,0.416015625,0.515625,0.0234375,0.02734375,207.0,257.0,12.0,14.0,219.0,271.0,168.0,18.439088914585774,1.1666666666666667,207.0,False,True,small,GF6_WFV_E132.4_N35.8_20200914_L1A1120035552-3,WFV,2020-09-14
GF6_WFV_E132.4_N35.8_20200914_L1A1120035552-3_12305_7680.png,1,2,0,0.16796875,0.18359375,0.02734375,0.02734375,79.0,87.0,14.0,14.0,93.0,101.0,196.0,19.79898987322333,1.0,79.0,False,True,small,GF6_WFV_E132.4_N35.8_20200914_L1A1120035552-3,WFV,2020-09-14
GF6_WFV_E132.4_N35.8_20200914_L1A1120035552-3_12305_7680.png,2,3,0,0.2529296875,0.1455078125,0.029296875,0.029296875,122.0,67.0,15.0,15.0,137.0,82.0,225.0,21.213203435596427,1.0,67.0,False,True,small,GF6_WFV_E132.4_N35.8_20200914_L1A1120035552-3,WFV,2020-09-14
GF6_WFV_E132.4_N35.8_20200914_L1A1120035552-3_12305_7680.png,3,4,0,0.5537109375,0.2705078125,0.017578125,0.025390625,279.0,132.0,9.0,13.0,288.0,145.0,117.0,15.811388300841896,1.4444444444444444,132.0,False,True,small,GF6_WFV_E132.4_N35.8_20200914_L1A1120035552-3,WFV,2020-09-14
GF6_WFV_E132.4_N35.8_20200914_L1A1120035552-3_12305_7680.png,4,5,0,0.865234375,0.37890625,0.0234375,0.03125,437.0,186.0,12.0,16.0,449.0,202.0,192.0,20.0,1.3333333333333333,63.0,False,True,small,GF6_WFV_E132.4_N35.8_20200914_L1A1120035552-3,WFV,2020-09-14
GF6_WFV_E132.4_N35.8_20200914_L1A1120035552-3_12305_7680.png,5,6,0,0.6904296875,0.2021484375,0.021484375,0.029296875,348.0,96.0,11.0,15.0,359.0,111.0,165.0,18.601075237738275,1.3636363636363635,96.0,False,True,small,GF6_WFV_E132.4_N35.8_20200914_L1A1120035552-3,WFV,2020-09-14
GF6_WFV_E132.4_N35.8_20200914_L1A1120035552-3_12305_7680.png,6,7,0,0.1787542662116041,0.2787564766839378,0.019624573378839605,0.024870466321243567,86.49829351535836,136.3564766839378,10.047781569965878,12.733678756476706,96.54607508532423,149.09015544041452,127.94522272719267,16.22049595884454,1.2673124577607582,86.49829351535836,False,True,small,GF6_WFV_E132.4_N35.8_20200914_L1A1120035552-3,WFV,2020-09-14
GF6_WFV_E132.4_N35.8_20200914_L1A1120035552-3_12305_8192.png,0,1,0,0.4794921875,0.8505859375,0.025390625,0.029296875,239.0,428.0,13.0,15.0,252.0,443.0,195.0,19.849433241279208,1.1538461538461537,69.0,False,True,small,GF6_WFV_E132.4_N35.8_20200914_L1A1120035552-3,WFV,2020-09-14
GF6_WFV_E132.4_N35.8_20200914_L1A1120035552-3_12305_8192.png,1,2,0,0.9296875,0.71875,0.0234375,0.02734375,470.0,361.0,12.0,14.0,482.0,375.0,168.0,18.439088914585774,1.1666666666666667,30.0,False,True,small,GF6_WFV_E132.4_N35.8_20200914_L1A1120035552-3,WFV,2020-09-14
GF6_WFV_E132.4_N35.8_20200914_L1A1120035552-3_12305_8192.png,2,3,0,0.9619140625,0.671875,0.025390625,0.02734375,486.0,337.0,13.0,14.0,499.0,351.0,182.0,19.1049731745428,1.0769230769230769,13.0,False,True,small,GF6_WFV_E132.4_N35.8_20200914_L1A1120035552-3,WFV,2020-09-14
GF6_WFV_E132.4_N35.8_20200914_L1A1120035552-3_12305_8192.png,3,4,0,0.3515625,0.30859375,0.03125,0.0234375,172.0,152.0,16.0,12.0,188.0,164.0,192.0,20.0,1.3333333333333333,152.0,False,True,small,GF6_WFV_E132.4_N35.8_20200914_L1A1120035552-3,WFV,2020-09-14
GF6_WFV_E132.4_N35.8_20200914_L1A1120035552-3_12305_8192.png,4,5,0,0.6005859375,0.392578125,0.025390625,0.01953125,301.0,196.0,13.0,10.0,314.0,206.0,130.0,16.401219466856727,1.3,196.0,False,True,small,GF6_WFV_E132.4_N35.8_20200914_L1A1120035552-3,WFV,2020-09-14
GF6_WFV_E132.4_N35.8_20200914_L1A1120035552-3_12305_8704.png,0,1,0,0.6455078125,0.0283203125,0.025390625,0.052734375,324.0,1.0,13.0,27.0,337.0,28.0,351.0,29.966648127543394,2.076923076923077,1.0,False,True,small,GF6_WFV_E132.4_N35.8_20200914_L1A1120035552-3,WFV,2020-09-14
GF6_WFV_E132.4_N35.8_20200914_L1A1120035552-3_12305_8704.png,1,2,0,0.515625,0.4091796875,0.02734375,0.033203125,257.0,201.0,14.0,17.0,271.0,218.0,238.0,22.02271554554524,1.2142857142857142,201.0,False,True,small,GF6_WFV_E132.4_N35.8_20200914_L1A1120035552-3,WFV,2020-09-14
GF6_WFV_E132.4_N35.8_20200914_L1A1120035552-3_12305_8704.png,2,3,0,0.875,0.599609375,0.04296875,0.02734375,437.0,300.0,22.0,14.0,459.0,314.0,308.0,26.076809620810597,1.5714285714285714,53.0,False,True,small,GF6_WFV_E132.4_N35.8_20200914_L1A1120035552-3,WFV,2020-09-14
GF6_WFV_E132.4_N35.8_20200914_L1A1120035552-3_12305_8704.png,3,4,0,0.916015625,0.8583984375,0.03125,0.037109375,461.0,430.0,16.0,19.0,477.0,449.0,304.0,24.839484696748443,1.1875,35.0,False,True,small,GF6_WFV_E132.4_N35.8_20200914_L1A1120035552-3,WFV,2020-09-14
GF6_WFV_E132.4_N35.8_20200914_L1A1120035552-3_12305_8704.png,4,5,0,0.9375,0.9404296875,0.02734375,0.025390625,473.0,475.0,14.0,13.0,487.0,488.0,182.0,19.1049731745428,1.0769230769230769,24.0,False,True,small,GF6_WFV_E132.4_N35.8_20200914_L1A1120035552-3,WFV,2020-09-14
GF6_WFV_E132.4_N35.8_20200914_L1A1120035552-3_12305_8704.png,5,6,0,0.3505859375,0.400390625,0.025390625,0.01953125,173.0,200.0,13.0,10.0,186.0,210.0,130.0,16.401219466856727,1.3,173.0,False,True,small,GF6_WFV_E132.4_N35.8_20200914_L1A1120035552-3,WFV,2020-09-14
GF6_WFV_E132.4_N35.8_20200914_L1A1120035552-3_12305_8704.png,6,7,0,0.1318359375,0.8740234375,0.025390625,0.021484375,61.0,442.0,13.0,11.0,74.0,453.0,143.0,17.029386365926403,1.1818181818181819,59.0,False,True,small,GF6_WFV_E132.4_N35.8_20200914_L1A1120035552-3,WFV,2020-09-14
GF6_WFV_E132.4_N35.8_20200914_L1A1120035552-3_9728_16896.png,0,1,0,0.1455078125,0.8642578125,0.033203125,0.037109375,66.0,433.0,17.0,19.0,83.0,452.0,323.0,25.495097567963924,1.1176470588235294,60.0,False,True,small,GF6_WFV_E132.4_N35.8_20200914_L1A1120035552-3,WFV,2020-09-14
GF6_WFV_E132.4_N35.8_20200914_L1A1120035552-3_9728_17285.png,0,1,0,0.14453125,0.10546875,0.0234375,0.03515625,68.0,45.0,12.0,18.0,80.0,63.0,216.0,21.633307652783937,1.5,45.0,False,True,small,GF6_WFV_E132.4_N35.8_20200914_L1A1120035552-3,WFV,2020-09-14
GF6_WFV_E132.4_N35.8_20200914_L1A1120035552-3_9728_17285.png,1,2,0,0.47265625,0.3291015625,0.02734375,0.037109375,235.0,159.0,14.0,19.0,249.0,178.0,266.0,23.600847442411894,1.3571428571428572,159.0,False,True,small,GF6_WFV_E132.4_N35.8_20200914_L1A1120035552-3,WFV,2020-09-14
GF6_WFV_E132.5_N26.9_20200530_L1A1120002375-3_1536_2048.png,0,1,0,0.7451171875,0.1484375,0.025390625,0.03125,375.0,68.0,13.0,16.0,388.0,84.0,208.0,20.615528128088304,1.2307692307692308,68.0,False,True,small,GF6_WFV_E132.5_N26.9_20200530_L1A1120002375-3,WFV,2020-05-30
GF6_WFV_E132.5_N26.9_20200530_L1A1120002375-3_7168_10752.png,0,1,0,0.8017578125,0.873046875,0.044921875,0.04296875,399.0,436.0,23.0,22.0,422.0,458.0,506.0,31.827660925679098,1.0454545454545454,54.0,False,True,small,GF6_WFV_E132.5_N26.9_20200530_L1A1120002375-3,WFV,2020-05-30
GF6_WFV_E132.5_N26.9_20200530_L1A1120002375-3_8704_14336.png,0,1,0,0.462890625,0.5166015625,0.03125,0.033203125,229.0,256.0,16.0,17.0,245.0,273.0,272.0,23.345235059857504,1.0625,229.0,False,True,small,GF6_WFV_E132.5_N26.9_20200530_L1A1120002375-3,WFV,2020-05-30
GF6_WFV_E133.0_N29.1_20200419_L1A1119988598-2_11776_512.png,0,1,0,0.2001953125,0.4833984375,0.048828125,0.052734375,90.0,234.0,25.0,27.0,115.0,261.0,675.0,36.796738985948195,1.08,90.0,False,True,small,GF6_WFV_E133.0_N29.1_20200419_L1A1119988598-2,WFV,2020-04-19
GF6_WFV_E133.0_N29.1_20200419_L1A1119988598-3_12305_16777.png,0,1,0,0.728515625,0.4541015625,0.0390625,0.037109375,363.0,223.0,20.0,19.0,383.0,242.0,380.0,27.586228448267445,1.0526315789473684,129.0,False,True,small,GF6_WFV_E133.0_N29.1_20200419_L1A1119988598-3,WFV,2020-04-19
GF6_WFV_E133.0_N29.1_20200419_L1A1119988598-3_12305_16896.png,0,1,0,0.7265625,0.220703125,0.046875,0.04296875,360.0,102.0,24.0,22.0,384.0,124.0,528.0,32.55764119219941,1.0909090909090908,102.0,False,True,small,GF6_WFV_E133.0_N29.1_20200419_L1A1119988598-3,WFV,2020-04-19
GF6_WFV_E133.0_N29.1_20200419_L1A1119988598-3_2560_7168.png,0,1,0,0.8622013651877133,0.6295336787564767,0.029863481228668887,0.04455958549222805,433.80204778156997,310.9139896373057,15.29010238907847,22.81450777202076,449.09215017064844,333.72849740932645,348.836159790624,27.464322237187993,1.4921095484826106,62.90784982935156,False,True,small,GF6_WFV_E133.0_N29.1_20200419_L1A1119988598-3,WFV,2020-04-19
GF6_WFV_E133.0_N29.1_20200419_L1A1119988598-3_5632_6656.png,0,1,0,0.34765625,0.6806640625,0.03125,0.041015625,170.0,338.0,16.0,21.0,186.0,359.0,336.0,26.40075756488817,1.3125,153.0,False,True,small,GF6_WFV_E133.0_N29.1_20200419_L1A1119988598-3,WFV,2020-04-19
GF6_WFV_E133.0_N29.1_20200530_L1A1120002372-2_16384_7168.png,0,1,0,0.0537109375,0.216796875,0.041015625,0.04296875,17.0,100.0,21.0,22.0,38.0,122.0,462.0,30.4138126514911,1.0476190476190477,17.0,False,True,small,GF6_WFV_E133.0_N29.1_20200530_L1A1120002372-2,WFV,2020-05-30
GF6_WFV_E133.0_N29.1_20200530_L1A1120002372-2_17920_8704.png,0,1,0,0.693359375,0.6923828125,0.0390625,0.037109375,345.0,345.0,20.0,19.0,365.0,364.0,380.0,27.586228448267445,1.0526315789473684,147.0,False,True,small,GF6_WFV_E133.0_N29.1_20200530_L1A1120002372-2,WFV,2020-05-30
GF6_WFV_E133.0_N29.1_20200530_L1A1120002372-2_19968_15360.png,0,1,0,0.4033203125,0.255859375,0.029296875,0.04296875,199.0,120.0,15.0,22.0,214.0,142.0,330.0,26.627053911388696,1.4666666666666666,120.0,False,True,small,GF6_WFV_E133.0_N29.1_20200530_L1A1120002372-2,WFV,2020-05-30
GF6_WFV_E133.0_N29.1_20200530_L1A1120002372-2_6656_6656.png,0,1,0,0.3408203125,0.7939453125,0.060546875,0.041015625,159.0,396.0,31.0,21.0,190.0,417.0,651.0,37.44329045369811,1.4761904761904763,95.0,False,True,small,GF6_WFV_E133.0_N29.1_20200530_L1A1120002372-2,WFV,2020-05-30
GF6_WFV_E133.0_N29.1_20200530_L1A1120002372-3_10240_5632.png,0,1,0,0.533203125,0.486328125,0.04296875,0.0546875,262.0,235.0,22.0,28.0,284.0,263.0,616.0,35.608987629529715,1.2727272727272727,228.0,False,True,small,GF6_WFV_E133.0_N29.1_20200530_L1A1120002372-3,WFV,2020-05-30
GF6_WFV_E133.0_N38.0_20200914_L1A1120035551-1_11264_16777.png,0,1,0,0.0263671875,0.4970703125,0.052734375,0.052734375,0.0,241.0,27.0,27.0,27.0,268.0,729.0,38.18376618407357,1.0,0.0,True,True,small,GF6_WFV_E133.0_N38.0_20200914_L1A1120035551-1,WFV,2020-09-14
GF6_WFV_E133.0_N38.0_20200914_L1A1120035551-1_11264_16896.png,0,1,0,0.0322265625,0.271484375,0.064453125,0.06640625,0.0,122.0,33.0,34.0,33.0,156.0,1122.0,47.38143096192854,1.0303030303030303,0.0,True,True,medium,GF6_WFV_E133.0_N38.0_20200914_L1A1120035551-1,WFV,2020-09-14
GF6_WFV_E133.0_N38.0_20200914_L1A1120035551-1_6144_16777.png,0,1,0,0.5285836177474403,0.6580310880829016,0.026450511945392496,0.03937823834196896,263.863481228669,326.83108808290154,13.542662116040958,20.16165803108811,277.40614334470996,346.99274611398965,273.0425224141899,24.287777826548698,1.48875146247702,165.00725388601035,False,True,small,GF6_WFV_E133.0_N38.0_20200914_L1A1120035551-1,WFV,2020-09-14
GF6_WFV_E133.0_N38.0_20200914_L1A1120035551-1_6656_16777.png,0,1,0,0.3203125,0.896484375,0.046875,0.04296875,152.0,448.0,24.0,22.0,176.0,470.0,528.0,32.55764119219941,1.0909090909090908,42.0,False,True,small,GF6_WFV_E133.0_N38.0_20200914_L1A1120035551-1,WFV,2020-09-14
GF6_WFV_E133.0_N38.0_20200914_L1A1120035551-1_7168_16777.png,0,1,0,0.98046875,0.564453125,0.0390625,0.03125,492.0,281.0,20.0,16.0,512.0,297.0,320.0,25.612496949731394,1.25,0.0,True,True,small,GF6_WFV_E133.0_N38.0_20200914_L1A1120035551-1,WFV,2020-09-14
GF6_WFV_E133.0_N38.0_20200914_L1A1120035551-1_7680_17289.png,0,1,0,0.6160409556313993,0.1917098445595855,0.03412969283276446,0.04352331606217616,306.6757679180887,87.01347150259068,17.474402730375402,22.283937823834194,324.1501706484641,109.29740932642487,389.39850395232395,28.31834450881371,1.2752331606217633,87.01347150259068,False,True,small,GF6_WFV_E133.0_N38.0_20200914_L1A1120035551-1,WFV,2020-09-14
GF6_WFV_E133.1_N26.9_20200603_L1A1120004043-1_12928_17920.png,0,1,0,0.7109375,0.126953125,0.046875,0.04296875,352.0,54.0,24.0,22.0,376.0,76.0,528.0,32.55764119219941,1.0909090909090908,54.0,False,True,small,GF6_WFV_E133.1_N26.9_20200603_L1A1120004043-1,WFV,2020-06-03
GF6_WFV_E133.1_N26.9_20200603_L1A1120004043-1_12928_17961.png,0,1,0,0.7119140625,0.044921875,0.048828125,0.04296875,352.0,12.0,25.0,22.0,377.0,34.0,550.0,33.301651610693426,1.1363636363636365,12.0,False,True,small,GF6_WFV_E133.1_N26.9_20200603_L1A1120004043-1,WFV,2020-06-03
GF6_WFV_E133.1_N26.9_20200603_L1A1120004043-1_2560_8704.png,0,1,0,0.17578125,0.5234375,0.03515625,0.03125,81.0,260.0,18.0,16.0,99.0,276.0,288.0,24.08318915758459,1.125,81.0,False,True,small,GF6_WFV_E133.1_N26.9_20200603_L1A1120004043-1,WFV,2020-06-03
GF6_WFV_E133.1_N26.9_20200603_L1A1120004043-1_3072_13824.png,0,1,0,0.7236328125,0.1396484375,0.044921875,0.056640625,359.0,57.0,23.0,29.0,382.0,86.0,667.0,37.013511046643494,1.2608695652173914,57.0,False,True,small,GF6_WFV_E133.1_N26.9_20200603_L1A1120004043-1,WFV,2020-06-03
GF6_WFV_E133.1_N26.9_20200603_L1A1120004043-1_3584_9728.png,0,1,0,0.4033203125,0.9189453125,0.048828125,0.041015625,194.0,460.0,25.0,21.0,219.0,481.0,525.0,32.64965543462902,1.1904761904761905,31.0,False,True,small,GF6_WFV_E133.1_N26.9_20200603_L1A1120004043-1,WFV,2020-06-03
GF6_WFV_E133.1_N26.9_20200603_L1A1120004043-1_4608_512.png,0,1,0,0.91015625,0.3505859375,0.03515625,0.044921875,457.0,168.0,18.0,23.0,475.0,191.0,414.0,29.206163733020468,1.2777777777777777,37.0,False,True,small,GF6_WFV_E133.1_N26.9_20200603_L1A1120004043-1,WFV,2020-06-03
GF6_WFV_E133.1_N26.9_20200603_L1A1120004043-1_5120_3584.png,0,1,0,0.814453125,0.24609375,0.02734375,0.03515625,410.0,117.0,14.0,18.0,424.0,135.0,252.0,22.80350850198276,1.2857142857142858,88.0,False,True,small,GF6_WFV_E133.1_N26.9_20200603_L1A1120004043-1,WFV,2020-06-03
GF6_WFV_E133.1_N26.9_20200603_L1A1120004043-1_6144_0.png,0,1,0,0.9150390625,0.1416015625,0.037109375,0.041015625,459.0,62.0,19.0,21.0,478.0,83.0,399.0,28.319604517012593,1.105263157894737,34.0,False,True,small,GF6_WFV_E133.1_N26.9_20200603_L1A1120004043-1,WFV,2020-06-03
GF6_WFV_E133.1_N26.9_20200603_L1A1120004043-1_6144_2048.png,0,1,0,0.4560546875,0.38671875,0.044921875,0.03515625,222.0,189.0,23.0,18.0,245.0,207.0,414.0,29.206163733020468,1.2777777777777777,189.0,False,True,small,GF6_WFV_E133.1_N26.9_20200603_L1A1120004043-1,WFV,2020-06-03
GF6_WFV_E133.1_N26.9_20200603_L1A1120004043-1_8704_7680.png,0,1,0,0.8623046875,0.826171875,0.041015625,0.04296875,431.0,412.0,21.0,22.0,452.0,434.0,462.0,30.4138126514911,1.0476190476190477,60.0,False,True,small,GF6_WFV_E133.1_N26.9_20200603_L1A1120004043-1,WFV,2020-06-03
GF6_WFV_E133.1_N26.9_20200603_L1A1120004043-2_13824_5120.png,0,1,0,0.2392578125,0.4931640625,0.044921875,0.037109375,111.0,243.0,23.0,19.0,134.0,262.0,437.0,29.832867780352597,1.2105263157894737,111.0,False,True,small,GF6_WFV_E133.1_N26.9_20200603_L1A1120004043-2,WFV,2020-06-03
GF6_WFV_E133.1_N26.9_20200603_L1A1120004043-2_4096_13312.png,0,1,0,0.71875,0.94140625,0.03515625,0.04296875,359.0,471.0,18.0,22.0,377.0,493.0,396.0,28.42534080710379,1.2222222222222223,19.0,False,True,small,GF6_WFV_E133.1_N26.9_20200603_L1A1120004043-2,WFV,2020-06-03
GF6_WFV_E133.1_N26.9_20200603_L1A1120004043-2_4096_15360.png,0,1,0,0.3525390625,0.1220703125,0.037109375,0.041015625,171.0,52.0,19.0,21.0,190.0,73.0,399.0,28.319604517012593,1.105263157894737,52.0,False,True,small,GF6_WFV_E133.1_N26.9_20200603_L1A1120004043-2,WFV,2020-06-03
GF6_WFV_E133.1_N26.9_20200603_L1A1120004043-2_6144_17408.png,0,1,0,0.115234375,0.29296875,0.0390625,0.0546875,49.0,136.0,20.0,28.0,69.0,164.0,560.0,34.40930106817051,1.4,49.0,False,True,small,GF6_WFV_E133.1_N26.9_20200603_L1A1120004043-2,WFV,2020-06-03
GF6_WFV_E133.1_N26.9_20200603_L1A1120004043-2_8704_3584.png,0,1,0,0.671875,0.162109375,0.03515625,0.04296875,335.0,72.0,18.0,22.0,353.0,94.0,396.0,28.42534080710379,1.2222222222222223,72.0,False,True,small,GF6_WFV_E133.1_N26.9_20200603_L1A1120004043-2,WFV,2020-06-03
GF6_WFV_E133.6_N31.4_20200530_L1A1120002371-3_6656_1536.png,0,1,0,0.3564453125,0.978515625,0.064453125,0.0390625,166.0,491.0,33.0,20.0,199.0,511.0,660.0,38.58756276314948,1.65,1.0,False,True,small,GF6_WFV_E133.6_N31.4_20200530_L1A1120002371-3,WFV,2020-05-30
GF6_WFV_E133.6_N33.6_20200305_L1A1119973496-1_0_0.png,0,1,0,0.6826171875,0.8046875,0.021484375,0.02734375,344.0,405.0,11.0,14.0,355.0,419.0,154.0,17.804493814764857,1.2727272727272727,93.0,False,True,small,GF6_WFV_E133.6_N33.6_20200305_L1A1119973496-1,WFV,2020-03-05
GF6_WFV_E133.6_N33.6_20200305_L1A1119973496-1_0_0.png,1,2,0,0.6484375,0.1953125,0.03125,0.0390625,324.0,90.0,16.0,20.0,340.0,110.0,320.0,25.612496949731394,1.25,90.0,False,True,small,GF6_WFV_E133.6_N33.6_20200305_L1A1119973496-1,WFV,2020-03-05
GF6_WFV_E133.6_N33.6_20200305_L1A1119973496-1_0_0.png,2,3,0,0.74609375,0.4833984375,0.02734375,0.033203125,375.0,239.0,14.0,17.0,389.0,256.0,238.0,22.02271554554524,1.2142857142857142,123.0,False,True,small,GF6_WFV_E133.6_N33.6_20200305_L1A1119973496-1,WFV,2020-03-05
GF6_WFV_E133.6_N33.6_20200305_L1A1119973496-1_0_0.png,3,4,0,0.7568359375,0.1376953125,0.029296875,0.021484375,380.0,65.0,15.0,11.0,395.0,76.0,165.0,18.601075237738275,1.3636363636363635,65.0,False,True,small,GF6_WFV_E133.6_N33.6_20200305_L1A1119973496-1,WFV,2020-03-05
GF6_WFV_E133.6_N33.6_20200305_L1A1119973496-1_0_0.png,4,5,0,0.6494140625,0.4482421875,0.029296875,0.017578125,325.0,225.0,15.0,9.0,340.0,234.0,135.0,17.4928556845359,1.6666666666666667,172.0,False,True,small,GF6_WFV_E133.6_N33.6_20200305_L1A1119973496-1,WFV,2020-03-05
GF6_WFV_E133.6_N33.6_20200305_L1A1119973496-1_0_1024.png,0,1,0,0.2412109375,0.052734375,0.033203125,0.03125,115.0,19.0,17.0,16.0,132.0,35.0,272.0,23.345235059857504,1.0625,19.0,False,True,small,GF6_WFV_E133.6_N33.6_20200305_L1A1119973496-1,WFV,2020-03-05
GF6_WFV_E133.6_N33.6_20200305_L1A1119973496-1_0_2560.png,0,1,0,0.0458984375,0.970703125,0.041015625,0.04296875,13.0,486.0,21.0,22.0,34.0,508.0,462.0,30.4138126514911,1.0476190476190477,4.0,False,True,small,GF6_WFV_E133.6_N33.6_20200305_L1A1119973496-1,WFV,2020-03-05
GF6_WFV_E133.6_N33.6_20200305_L1A1119973496-1_0_2560.png,1,2,0,0.41796875,0.7080078125,0.03125,0.041015625,206.0,352.0,16.0,21.0,222.0,373.0,336.0,26.40075756488817,1.3125,139.0,False,True,small,GF6_WFV_E133.6_N33.6_20200305_L1A1119973496-1,WFV,2020-03-05
GF6_WFV_E133.6_N33.6_20200305_L1A1119973496-1_0_2560.png,2,3,0,0.0810546875,0.685546875,0.033203125,0.03515625,33.0,342.0,17.0,18.0,50.0,360.0,306.0,24.758836806279895,1.0588235294117647,33.0,False,True,small,GF6_WFV_E133.6_N33.6_20200305_L1A1119973496-1,WFV,2020-03-05
GF6_WFV_E133.6_N33.6_20200305_L1A1119973496-1_0_3584.png,0,1,0,0.4072265625,0.1494140625,0.048828125,0.025390625,196.0,70.0,25.0,13.0,221.0,83.0,325.0,28.178005607210743,1.9230769230769231,70.0,False,True,small,GF6_WFV_E133.6_N33.6_20200305_L1A1119973496-1,WFV,2020-03-05
GF6_WFV_E133.6_N33.6_20200305_L1A1119973496-1_0_512.png,0,1,0,0.052734375,0.3525390625,0.03515625,0.021484375,18.0,175.0,18.0,11.0,36.0,186.0,198.0,21.095023109728988,1.6363636363636365,18.0,False,True,small,GF6_WFV_E133.6_N33.6_20200305_L1A1119973496-1,WFV,2020-03-05
GF6_WFV_E133.6_N33.6_20200305_L1A1119973496-1_0_512.png,1,2,0,0.1787109375,0.353515625,0.025390625,0.03125,85.0,173.0,13.0,16.0,98.0,189.0,208.0,20.615528128088304,1.2307692307692308,85.0,False,True,small,GF6_WFV_E133.6_N33.6_20200305_L1A1119973496-1,WFV,2020-03-05
GF6_WFV_E133.6_N33.6_20200305_L1A1119973496-1_0_512.png,2,3,0,0.759765625,0.2626953125,0.0390625,0.033203125,379.0,126.0,20.0,17.0,399.0,143.0,340.0,26.248809496813376,1.1764705882352942,113.0,False,True,small,GF6_WFV_E133.6_N33.6_20200305_L1A1119973496-1,WFV,2020-03-05
GF6_WFV_E133.6_N33.6_20200305_L1A1119973496-1_0_512.png,3,4,0,0.58984375,0.01171875,0.0390625,0.0234375,292.0,0.0,20.0,12.0,312.0,12.0,240.0,23.323807579381203,1.6666666666666667,0.0,True,True,small,GF6_WFV_E133.6_N33.6_20200305_L1A1119973496-1,WFV,2020-03-05
GF6_WFV_E133.6_N33.6_20200305_L1A1119973496-1_10240_8192.png,0,1,0,0.5029296875,0.7119140625,0.025390625,0.025390625,251.0,358.0,13.0,13.0,264.0,371.0,169.0,18.384776310850235,1.0,141.0,False,True,small,GF6_WFV_E133.6_N33.6_20200305_L1A1119973496-1,WFV,2020-03-05
GF6_WFV_E133.6_N33.6_20200305_L1A1119973496-1_10240_8192.png,1,2,0,0.6254266211604096,0.7538860103626943,0.027303754266211566,0.021761658031088094,313.22866894197955,380.41865284974097,13.979522184300322,11.141968911917104,327.20819112627987,391.56062176165807,155.75940158092968,17.876535227372,1.25467251747115,120.43937823834193,False,True,small,GF6_WFV_E133.6_N33.6_20200305_L1A1119973496-1,WFV,2020-03-05
GF6_WFV_E133.6_N33.6_20200305_L1A1119973496-1_10240_8192.png,2,3,0,0.8267918088737201,0.8378238341968912,0.020477815699658675,0.023834196891191706,418.0750853242321,422.8642487046632,10.484641638225241,12.203108808290153,428.5597269624573,435.0673575129534,127.94522272719215,16.088616313063568,1.1639032815198633,76.93264248704662,False,True,small,GF6_WFV_E133.6_N33.6_20200305_L1A1119973496-1,WFV,2020-03-05
GF6_WFV_E133.6_N33.6_20200305_L1A1119973496-1_10240_8192.png,3,4,0,0.4697098976109215,0.599481865284974,0.02815699658703069,0.021761658031088094,233.28327645051195,301.3637305699482,14.416382252559714,11.141968911917104,247.69965870307166,312.5056994818653,160.6268828803338,18.22019617035025,1.293881033642124,199.4943005181347,False,True,small,GF6_WFV_E133.6_N33.6_20200305_L1A1119973496-1,WFV,2020-03-05
GF6_WFV_E133.6_N33.6_20200305_L1A1119973496-1_10240_8192.png,4,5,0,0.6215870307167235,0.6694300518134715,0.023037542662115995,0.024870466321243567,312.3549488054607,336.38134715025905,11.79522184300339,12.733678756476706,324.1501706484641,349.11502590673575,150.19656581018228,17.35724151467653,1.0795624640184267,162.88497409326425,False,True,small,GF6_WFV_E133.6_N33.6_20200305_L1A1119973496-1,WFV,2020-03-05
GF6_WFV_E133.6_N33.6_20200305_L1A1119973496-1_10240_8192.png,5,6,0,0.6147610921501707,0.7715025906735751,0.017918088737201354,0.01968911917098437,310.17064846416383,389.96891191709847,9.174061433447093,10.080829015543998,319.3447098976109,400.04974093264246,92.48214468867661,13.630352776993526,1.0988403651616045,111.95025906735754,False,True,small,GF6_WFV_E133.6_N33.6_20200305_L1A1119973496-1,WFV,2020-03-05
GF6_WFV_E133.6_N33.6_20200305_L1A1119973496-1_1024_0.png,0,1,0,0.0498046875,0.2939453125,0.029296875,0.021484375,18.0,145.0,15.0,11.0,33.0,156.0,165.0,18.601075237738275,1.3636363636363635,18.0,False,True,small,GF6_WFV_E133.6_N33.6_20200305_L1A1119973496-1,WFV,2020-03-05
GF6_WFV_E133.6_N33.6_20200305_L1A1119973496-1_1024_13312.png,0,1,0,0.7109375,0.6552734375,0.0390625,0.037109375,354.0,326.0,20.0,19.0,374.0,345.0,380.0,27.586228448267445,1.0526315789473684,138.0,False,True,small,GF6_WFV_E133.6_N33.6_20200305_L1A1119973496-1,WFV,2020-03-05
GF6_WFV_E133.6_N33.6_20200305_L1A1119973496-1_1024_3072.png,0,1,0,0.810546875,0.65234375,0.03515625,0.03515625,406.0,325.0,18.0,18.0,424.0,343.0,324.0,25.45584412271571,1.0,88.0,False,True,small,GF6_WFV_E133.6_N33.6_20200305_L1A1119973496-1,WFV,2020-03-05
GF6_WFV_E133.6_N33.6_20200305_L1A1119973496-1_1024_512.png,0,1,0,0.75,0.296875,0.02734375,0.02734375,377.0,145.0,14.0,14.0,391.0,159.0,196.0,19.79898987322333,1.0,121.0,False,True,small,GF6_WFV_E133.6_N33.6_20200305_L1A1119973496-1,WFV,2020-03-05
GF6_WFV_E133.6_N33.6_20200305_L1A1119973496-1_1024_7680.png,0,1,0,0.3798828125,0.06640625,0.033203125,0.0234375,186.0,28.0,17.0,12.0,203.0,40.0,204.0,20.808652046684813,1.4166666666666667,28.0,False,True,small,GF6_WFV_E133.6_N33.6_20200305_L1A1119973496-1,WFV,2020-03-05
GF6_WFV_E133.6_N33.6_20200305_L1A1119973496-1_10752_8704.png,0,1,0,0.166015625,0.669921875,0.0390625,0.0390625,75.0,333.0,20.0,20.0,95.0,353.0,400.0,28.284271247461902,1.0,75.0,False,True,small,GF6_WFV_E133.6_N33.6_20200305_L1A1119973496-1,WFV,2020-03-05
GF6_WFV_E133.6_N33.6_20200305_L1A1119973496-1_10752_8704.png,1,2,0,0.505859375,0.5556640625,0.03125,0.025390625,251.0,278.0,16.0,13.0,267.0,291.0,208.0,20.615528128088304,1.2307692307692308,221.0,False,True,small,GF6_WFV_E133.6_N33.6_20200305_L1A1119973496-1,WFV,2020-03-05
GF6_WFV_E133.6_N33.6_20200305_L1A1119973496-1_10752_8704.png,2,3,0,0.31783276450511944,0.2616580310880829,0.026450511945392496,0.023834196891191706,155.95904436860067,127.86735751295336,13.542662116040958,12.203108808290153,169.50170648464163,140.07046632124352,165.26257935595677,18.229634164629296,1.1097714794479898,127.86735751295336,False,True,small,GF6_WFV_E133.6_N33.6_20200305_L1A1119973496-1,WFV,2020-03-05
GF6_WFV_E133.6_N33.6_20200305_L1A1119973496-1_10752_8704.png,3,4,0,0.4449658703071673,0.13419689119170986,0.02303754266211605,0.02590673575129533,221.92491467576792,62.076683937823844,11.795221843003418,13.26424870466321,233.72013651877134,75.34093264248705,156.4547560522733,17.750142309987957,1.1245442333525228,62.076683937823844,False,True,small,GF6_WFV_E133.6_N33.6_20200305_L1A1119973496-1,WFV,2020-03-05
GF6_WFV_E133.6_N33.6_20200305_L1A1119973496-1_10752_8704.png,4,5,0,0.5546075085324231,0.21036269430051813,0.020477815699658675,0.02072538860103626,278.71672354948805,102.4,10.484641638225241,10.611398963730565,289.2013651877133,113.01139896373057,111.25671541494967,14.917422640974834,1.0120898100172722,102.4,False,True,small,GF6_WFV_E133.6_N33.6_20200305_L1A1119973496-1,WFV,2020-03-05
GF6_WFV_E133.6_N33.6_20200305_L1A1119973496-1_11264_8704.png,0,1,0,0.3017578125,0.7958984375,0.025390625,0.025390625,148.0,401.0,13.0,13.0,161.0,414.0,169.0,18.384776310850235,1.0,98.0,False,True,small,GF6_WFV_E133.6_N33.6_20200305_L1A1119973496-1,WFV,2020-03-05
GF6_WFV_E133.6_N33.6_20200305_L1A1119973496-1_11264_8704.png,1,2,0,0.490234375,0.7998046875,0.0234375,0.021484375,245.0,404.0,12.0,11.0,257.0,415.0,132.0,16.278820596099706,1.0909090909090908,97.0,False,True,small,GF6_WFV_E133.6_N33.6_20200305_L1A1119973496-1,WFV,2020-03-05
GF6_WFV_E133.6_N33.6_20200305_L1A1119973496-1_11264_9216.png,0,1,0,0.533203125,0.2353515625,0.05078125,0.060546875,260.0,105.0,26.0,31.0,286.0,136.0,806.0,40.45985664828782,1.1923076923076923,105.0,False,True,small,GF6_WFV_E133.6_N33.6_20200305_L1A1119973496-1,WFV,2020-03-05
GF6_WFV_E133.6_N33.6_20200305_L1A1119973496-1_12416_9216.png,0,1,0,0.4453125,0.2529296875,0.04296875,0.025390625,217.0,123.0,22.0,13.0,239.0,136.0,286.0,25.553864678361276,1.6923076923076923,123.0,False,True,small,GF6_WFV_E133.6_N33.6_20200305_L1A1119973496-1,WFV,2020-03-05
GF6_WFV_E133.6_N33.6_20200305_L1A1119973496-1_12928_9216.png,0,1,0,0.9853515625,0.0869140625,0.029296875,0.029296875,497.0,37.0,15.0,15.0,512.0,52.0,225.0,21.213203435596427,1.0,0.0,True,True,small,GF6_WFV_E133.6_N33.6_20200305_L1A1119973496-1,WFV,2020-03-05
GF6_WFV_E133.6_N33.6_20200305_L1A1119973496-1_13440_9216.png,0,1,0,0.08984375,0.94921875,0.046875,0.04296875,34.0,475.0,24.0,22.0,58.0,497.0,528.0,32.55764119219941,1.0909090909090908,15.0,False,True,small,GF6_WFV_E133.6_N33.6_20200305_L1A1119973496-1,WFV,2020-03-05
GF6_WFV_E133.6_N33.6_20200305_L1A1119973496-1_1536_2560.png,0,1,0,0.83984375,0.58984375,0.0390625,0.02734375,420.0,295.0,20.0,14.0,440.0,309.0,280.0,24.413111231467404,1.4285714285714286,72.0,False,True,small,GF6_WFV_E133.6_N33.6_20200305_L1A1119973496-1,WFV,2020-03-05
GF6_WFV_E133.6_N33.6_20200305_L1A1119973496-1_1536_2560.png,1,2,0,0.7333984375,0.8486328125,0.029296875,0.037109375,368.0,425.0,15.0,19.0,383.0,444.0,285.0,24.20743687382041,1.2666666666666666,68.0,False,True,small,GF6_WFV_E133.6_N33.6_20200305_L1A1119973496-1,WFV,2020-03-05
GF6_WFV_E133.6_N33.6_20200305_L1A1119973496-1_1536_2560.png,2,3,0,0.943359375,0.96484375,0.03125,0.03125,475.0,486.0,16.0,16.0,491.0,502.0,256.0,22.627416997969522,1.0,10.0,False,True,small,GF6_WFV_E133.6_N33.6_20200305_L1A1119973496-1,WFV,2020-03-05
GF6_WFV_E133.6_N33.6_20200305_L1A1119973496-1_1536_512.png,0,1,0,0.1025390625,0.9248046875,0.037109375,0.025390625,43.0,467.0,19.0,13.0,62.0,480.0,247.0,23.021728866442675,1.4615384615384615,32.0,False,True,small,GF6_WFV_E133.6_N33.6_20200305_L1A1119973496-1,WFV,2020-03-05
GF6_WFV_E133.6_N33.6_20200305_L1A1119973496-1_1536_9216.png,0,1,0,0.2275390625,0.2734375,0.029296875,0.02734375,109.0,133.0,15.0,14.0,124.0,147.0,210.0,20.518284528683193,1.0714285714285714,109.0,False,True,small,GF6_WFV_E133.6_N33.6_20200305_L1A1119973496-1,WFV,2020-03-05
GF6_WFV_E133.6_N33.6_20200305_L1A1119973496-1_1536_9728.png,0,1,0,0.8515625,0.2666015625,0.0390625,0.044921875,426.0,125.0,20.0,23.0,446.0,148.0,460.0,30.479501308256342,1.15,66.0,False,True,small,GF6_WFV_E133.6_N33.6_20200305_L1A1119973496-1,WFV,2020-03-05
GF6_WFV_E133.6_N33.6_20200305_L1A1119973496-1_2048_0.png,0,1,0,0.599609375,0.8603515625,0.03515625,0.037109375,298.0,431.0,18.0,19.0,316.0,450.0,342.0,26.1725046566048,1.0555555555555556,62.0,False,True,small,GF6_WFV_E133.6_N33.6_20200305_L1A1119973496-1,WFV,2020-03-05
GF6_WFV_E133.6_N33.6_20200305_L1A1119973496-1_2048_2560.png,0,1,0,0.14974402730375425,0.9113989637305699,0.024744027303754274,0.030051813471502653,70.33447098976109,458.94300518134713,12.668941979522188,15.386528497409358,83.00341296928327,474.3295336787565,194.93103679994388,19.931064951027828,1.2145077720207276,37.67046632124351,False,True,small,GF6_WFV_E133.6_N33.6_20200305_L1A1119973496-1,WFV,2020-03-05
GF6_WFV_E133.6_N33.6_20200305_L1A1119973496-1_2048_3072.png,0,1,0,0.166015625,0.3095703125,0.0390625,0.033203125,75.0,150.0,20.0,17.0,95.0,167.0,340.0,26.248809496813376,1.1764705882352942,75.0,False,True,small,GF6_WFV_E133.6_N33.6_20200305_L1A1119973496-1,WFV,2020-03-05
GF6_WFV_E133.6_N33.6_20200305_L1A1119973496-1_2048_3072.png,1,2,0,0.3359375,0.55078125,0.03515625,0.03515625,163.0,273.0,18.0,18.0,181.0,291.0,324.0,25.45584412271571,1.0,163.0,False,True,small,GF6_WFV_E133.6_N33.6_20200305_L1A1119973496-1,WFV,2020-03-05
GF6_WFV_E133.6_N33.6_20200305_L1A1119973496-1_2048_3072.png,2,3,0,0.93359375,0.1337890625,0.03515625,0.037109375,469.0,59.0,18.0,19.0,487.0,78.0,342.0,26.1725046566048,1.0555555555555556,25.0,False,True,small,GF6_WFV_E133.6_N33.6_20200305_L1A1119973496-1,WFV,2020-03-05
GF6_WFV_E133.6_N33.6_20200305_L1A1119973496-1_2048_512.png,0,1,0,0.3408203125,0.390625,0.044921875,0.03125,163.0,192.0,23.0,16.0,186.0,208.0,368.0,28.0178514522438,1.4375,163.0,False,True,small,GF6_WFV_E133.6_N33.6_20200305_L1A1119973496-1,WFV,2020-03-05
GF6_WFV_E133.6_N33.6_20200305_L1A1119973496-1_2048_6144.png,0,1,0,0.6279296875,0.4140625,0.021484375,0.03515625,316.0,203.0,11.0,18.0,327.0,221.0,198.0,21.095023109728988,1.6363636363636365,185.0,False,True,small,GF6_WFV_E133.6_N33.6_20200305_L1A1119973496-1,WFV,2020-03-05
GF6_WFV_E133.6_N33.6_20200305_L1A1119973496-1_2048_8704.png,0,1,0,0.845703125,0.9599609375,0.046875,0.029296875,421.0,484.0,24.0,15.0,445.0,499.0,360.0,28.30194339616981,1.6,13.0,False,True,small,GF6_WFV_E133.6_N33.6_20200305_L1A1119973496-1,WFV,2020-03-05
GF6_WFV_E133.6_N33.6_20200305_L1A1119973496-1_2560_0.png,0,1,0,0.2802734375,0.390625,0.052734375,0.03515625,130.0,191.0,27.0,18.0,157.0,209.0,486.0,32.449961479175904,1.5,130.0,False,True,small,GF6_WFV_E133.6_N33.6_20200305_L1A1119973496-1,WFV,2020-03-05
GF6_WFV_E133.6_N33.6_20200305_L1A1119973496-1_2560_6144.png,0,1,0,0.306640625,0.1806640625,0.03515625,0.037109375,148.0,83.0,18.0,19.0,166.0,102.0,342.0,26.1725046566048,1.0555555555555556,83.0,False,True,small,GF6_WFV_E133.6_N33.6_20200305_L1A1119973496-1,WFV,2020-03-05
GF6_WFV_E133.6_N33.6_20200305_L1A1119973496-1_2560_8704.png,0,1,0,0.6455078125,0.4208984375,0.037109375,0.029296875,321.0,208.0,19.0,15.0,340.0,223.0,285.0,24.20743687382041,1.2666666666666666,172.0,False,True,small,GF6_WFV_E133.6_N33.6_20200305_L1A1119973496-1,WFV,2020-03-05
GF6_WFV_E133.6_N33.6_20200305_L1A1119973496-1_2560_8704.png,1,2,0,0.9091796875,0.1240234375,0.033203125,0.025390625,457.0,57.0,17.0,13.0,474.0,70.0,221.0,21.400934559032695,1.3076923076923077,38.0,False,True,small,GF6_WFV_E133.6_N33.6_20200305_L1A1119973496-1,WFV,2020-03-05
GF6_WFV_E133.6_N33.6_20200305_L1A1119973496-1_3072_10240.png,0,1,0,0.1005859375,0.673828125,0.021484375,0.02734375,46.0,338.0,11.0,14.0,57.0,352.0,154.0,17.804493814764857,1.2727272727272727,46.0,False,True,small,GF6_WFV_E133.6_N33.6_20200305_L1A1119973496-1,WFV,2020-03-05
GF6_WFV_E133.6_N33.6_20200305_L1A1119973496-1_3072_10240.png,1,2,0,0.1240234375,0.6171875,0.025390625,0.03515625,57.0,307.0,13.0,18.0,70.0,325.0,234.0,22.20360331117452,1.3846153846153846,57.0,False,True,small,GF6_WFV_E133.6_N33.6_20200305_L1A1119973496-1,WFV,2020-03-05
GF6_WFV_E133.6_N33.6_20200305_L1A1119973496-1_3072_10752.png,0,1,0,0.71875,0.787109375,0.01953125,0.03125,363.0,395.0,10.0,16.0,373.0,411.0,160.0,18.867962264113206,1.6,101.0,False,True,small,GF6_WFV_E133.6_N33.6_20200305_L1A1119973496-1,WFV,2020-03-05
GF6_WFV_E133.6_N33.6_20200305_L1A1119973496-1_3072_10752.png,1,2,0,0.212890625,0.185546875,0.0234375,0.02734375,103.0,88.0,12.0,14.0,115.0,102.0,168.0,18.439088914585774,1.1666666666666667,88.0,False,True,small,GF6_WFV_E133.6_N33.6_20200305_L1A1119973496-1,WFV,2020-03-05
GF6_WFV_E133.6_N33.6_20200305_L1A1119973496-1_3072_15872.png,0,1,0,0.35546875,0.9853515625,0.0390625,0.025390625,172.0,498.0,20.0,13.0,192.0,511.0,260.0,23.853720883753127,1.5384615384615385,1.0,False,True,small,GF6_WFV_E133.6_N33.6_20200305_L1A1119973496-1,WFV,2020-03-05
GF6_WFV_E133.6_N33.6_20200305_L1A1119973496-1_3072_2048.png,0,1,0,0.1181640625,0.984375,0.041015625,0.03125,50.0,496.0,21.0,16.0,71.0,512.0,336.0,26.40075756488817,1.3125,0.0,True,True,small,GF6_WFV_E133.6_N33.6_20200305_L1A1119973496-1,WFV,2020-03-05
GF6_WFV_E133.6_N33.6_20200305_L1A1119973496-1_3072_3072.png,0,1,0,0.037109375,0.859375,0.03125,0.03125,11.0,432.0,16.0,16.0,27.0,448.0,256.0,22.627416997969522,1.0,11.0,False,True,small,GF6_WFV_E133.6_N33.6_20200305_L1A1119973496-1,WFV,2020-03-05
GF6_WFV_E133.6_N33.6_20200305_L1A1119973496-1_3072_6144.png,0,1,0,0.564453125,0.93359375,0.03515625,0.04296875,280.0,467.0,18.0,22.0,298.0,489.0,396.0,28.42534080710379,1.2222222222222223,23.0,False,True,small,GF6_WFV_E133.6_N33.6_20200305_L1A1119973496-1,WFV,2020-03-05
GF6_WFV_E133.6_N33.6_20200305_L1A1119973496-1_3072_6144.png,1,2,0,0.6259765625,0.0810546875,0.044921875,0.048828125,309.0,29.0,23.0,25.0,332.0,54.0,575.0,33.97057550292606,1.0869565217391304,29.0,False,True,small,GF6_WFV_E133.6_N33.6_20200305_L1A1119973496-1,WFV,2020-03-05
GF6_WFV_E133.6_N33.6_20200305_L1A1119973496-1_3072_8192.png,0,1,0,0.2705078125,0.9482421875,0.037109375,0.033203125,129.0,477.0,19.0,17.0,148.0,494.0,323.0,25.495097567963924,1.1176470588235294,18.0,False,True,small,GF6_WFV_E133.6_N33.6_20200305_L1A1119973496-1,WFV,2020-03-05
GF6_WFV_E133.6_N33.6_20200305_L1A1119973496-1_3072_8704.png,0,1,0,0.951171875,0.3349609375,0.0390625,0.033203125,477.0,163.0,20.0,17.0,497.0,180.0,340.0,26.248809496813376,1.1764705882352942,15.0,False,True,small,GF6_WFV_E133.6_N33.6_20200305_L1A1119973496-1,WFV,2020-03-05
GF6_WFV_E133.6_N33.6_20200305_L1A1119973496-1_3072_8704.png,1,2,0,0.4091796875,0.8876953125,0.044921875,0.033203125,198.0,446.0,23.0,17.0,221.0,463.0,391.0,28.600699292150182,1.3529411764705883,49.0,False,True,small,GF6_WFV_E133.6_N33.6_20200305_L1A1119973496-1,WFV,2020-03-05
GF6_WFV_E133.6_N33.6_20200305_L1A1119973496-1_3072_9216.png,0,1,0,0.2978515625,0.4130859375,0.041015625,0.037109375,142.0,202.0,21.0,19.0,163.0,221.0,399.0,28.319604517012593,1.105263157894737,142.0,False,True,small,GF6_WFV_E133.6_N33.6_20200305_L1A1119973496-1,WFV,2020-03-05
GF6_WFV_E133.6_N33.6_20200305_L1A1119973496-1_3584_15360.png,0,1,0,0.271484375,0.078125,0.02734375,0.03125,132.0,32.0,14.0,16.0,146.0,48.0,224.0,21.2602916254693,1.1428571428571428,32.0,False,True,small,GF6_WFV_E133.6_N33.6_20200305_L1A1119973496-1,WFV,2020-03-05
GF6_WFV_E133.6_N33.6_20200305_L1A1119973496-1_4096_11264.png,0,1,0,0.796875,0.2431640625,0.03125,0.029296875,400.0,117.0,16.0,15.0,416.0,132.0,240.0,21.93171219946131,1.0666666666666667,96.0,False,True,small,GF6_WFV_E133.6_N33.6_20200305_L1A1119973496-1,WFV,2020-03-05
GF6_WFV_E133.6_N33.6_20200305_L1A1119973496-1_4096_11264.png,1,2,0,0.439453125,0.3564453125,0.03125,0.021484375,217.0,177.0,16.0,11.0,233.0,188.0,176.0,19.4164878389476,1.4545454545454546,177.0,False,True,small,GF6_WFV_E133.6_N33.6_20200305_L1A1119973496-1,WFV,2020-03-05
GF6_WFV_E133.6_N33.6_20200305_L1A1119973496-1_4096_13312.png,0,1,0,0.1767578125,0.37890625,0.029296875,0.02734375,83.0,187.0,15.0,14.0,98.0,201.0,210.0,20.518284528683193,1.0714285714285714,83.0,False,True,small,GF6_WFV_E133.6_N33.6_20200305_L1A1119973496-1,WFV,2020-03-05
GF6_WFV_E133.6_N33.6_20200305_L1A1119973496-1_4096_13312.png,1,2,0,0.76953125,0.4912109375,0.02734375,0.029296875,387.0,244.0,14.0,15.0,401.0,259.0,210.0,20.518284528683193,1.0714285714285714,111.0,False,True,small,GF6_WFV_E133.6_N33.6_20200305_L1A1119973496-1,WFV,2020-03-05
GF6_WFV_E133.6_N33.6_20200305_L1A1119973496-1_4608_8192.png,0,1,0,0.1748046875,0.8173828125,0.033203125,0.037109375,81.0,409.0,17.0,19.0,98.0,428.0,323.0,25.495097567963924,1.1176470588235294,81.0,False,True,small,GF6_WFV_E133.6_N33.6_20200305_L1A1119973496-1,WFV,2020-03-05
GF6_WFV_E133.6_N33.6_20200305_L1A1119973496-1_512_0.png,0,1,0,0.099609375,0.98046875,0.02734375,0.02734375,44.0,495.0,14.0,14.0,58.0,509.0,196.0,19.79898987322333,1.0,3.0,False,True,small,GF6_WFV_E133.6_N33.6_20200305_L1A1119973496-1,WFV,2020-03-05
GF6_WFV_E133.6_N33.6_20200305_L1A1119973496-1_512_0.png,1,2,0,0.642578125,0.6416015625,0.0234375,0.021484375,323.0,323.0,12.0,11.0,335.0,334.0,132.0,16.278820596099706,1.0909090909090908,177.0,False,True,small,GF6_WFV_E133.6_N33.6_20200305_L1A1119973496-1,WFV,2020-03-05
GF6_WFV_E133.6_N33.6_20200305_L1A1119973496-1_512_1024.png,0,1,0,0.5556640625,0.173828125,0.048828125,0.02734375,272.0,82.0,25.0,14.0,297.0,96.0,350.0,28.653097563788805,1.7857142857142858,82.0,False,True,small,GF6_WFV_E133.6_N33.6_20200305_L1A1119973496-1,WFV,2020-03-05
GF6_WFV_E133.6_N33.6_20200305_L1A1119973496-1_512_1536.png,0,1,0,0.328125,0.2646484375,0.02734375,0.041015625,161.0,125.0,14.0,21.0,175.0,146.0,294.0,25.238858928247925,1.5,125.0,False,True,small,GF6_WFV_E133.6_N33.6_20200305_L1A1119973496-1,WFV,2020-03-05
GF6_WFV_E133.6_N33.6_20200305_L1A1119973496-1_512_2560.png,0,1,0,0.763671875,0.0576171875,0.046875,0.029296875,379.0,22.0,24.0,15.0,403.0,37.0,360.0,28.30194339616981,1.6,22.0,False,True,small,GF6_WFV_E133.6_N33.6_20200305_L1A1119973496-1,WFV,2020-03-05
GF6_WFV_E133.6_N33.6_20200305_L1A1119973496-1_512_512.png,0,1,0,0.3564453125,0.4931640625,0.033203125,0.025390625,174.0,246.0,17.0,13.0,191.0,259.0,221.0,21.400934559032695,1.3076923076923077,174.0,False,True,small,GF6_WFV_E133.6_N33.6_20200305_L1A1119973496-1,WFV,2020-03-05
GF6_WFV_E133.6_N33.6_20200305_L1A1119973496-1_512_7168.png,0,1,0,0.3033276450511945,0.029533678756476684,0.03156996587030714,0.03419689119170984,147.22184300341297,6.366839378238343,16.163822525597254,17.50880829015544,163.38566552901023,23.875647668393782,283.00926983677846,23.82913188474186,1.0832096345049722,6.366839378238343,False,True,small,GF6_WFV_E133.6_N33.6_20200305_L1A1119973496-1,WFV,2020-03-05
GF6_WFV_E133.6_N33.6_20200305_L1A1119973496-1_6656_11264.png,0,1,0,0.615234375,0.201171875,0.03515625,0.0234375,306.0,97.0,18.0,12.0,324.0,109.0,216.0,21.633307652783937,1.5,97.0,False,True,small,GF6_WFV_E133.6_N33.6_20200305_L1A1119973496-1,WFV,2020-03-05
GF6_WFV_E133.6_N33.6_20200305_L1A1119973496-1_6656_14848.png,0,1,0,0.9189453125,0.0439453125,0.021484375,0.029296875,465.0,15.0,11.0,15.0,476.0,30.0,165.0,18.601075237738275,1.3636363636363635,15.0,False,True,small,GF6_WFV_E133.6_N33.6_20200305_L1A1119973496-1,WFV,2020-03-05
GF6_WFV_E133.6_N33.6_20200305_L1A1119973496-1_7168_14336.png,0,1,0,0.8447265625,0.9833984375,0.025390625,0.025390625,426.0,497.0,13.0,13.0,439.0,510.0,169.0,18.384776310850235,1.0,2.0,False,True,small,GF6_WFV_E133.6_N33.6_20200305_L1A1119973496-1,WFV,2020-03-05
GF6_WFV_E133.6_N33.6_20200305_L1A1119973496-1_7168_14336.png,1,2,0,0.919921875,0.87890625,0.02734375,0.03515625,464.0,441.0,14.0,18.0,478.0,459.0,252.0,22.80350850198276,1.2857142857142858,34.0,False,True,small,GF6_WFV_E133.6_N33.6_20200305_L1A1119973496-1,WFV,2020-03-05
GF6_WFV_E133.6_N33.6_20200305_L1A1119973496-1_7168_14336.png,2,3,0,0.6962890625,0.6552734375,0.017578125,0.025390625,352.0,329.0,9.0,13.0,361.0,342.0,117.0,15.811388300841896,1.4444444444444444,151.0,False,True,small,GF6_WFV_E133.6_N33.6_20200305_L1A1119973496-1,WFV,2020-03-05
GF6_WFV_E133.6_N33.6_20200305_L1A1119973496-1_7168_14336.png,3,4,0,0.7607421875,0.4716796875,0.052734375,0.029296875,376.0,234.0,27.0,15.0,403.0,249.0,405.0,30.886890422961002,1.8,109.0,False,True,small,GF6_WFV_E133.6_N33.6_20200305_L1A1119973496-1,WFV,2020-03-05
GF6_WFV_E133.6_N33.6_20200305_L1A1119973496-1_7168_8192.png,0,1,0,0.7646484375,0.4755859375,0.041015625,0.029296875,381.0,236.0,21.0,15.0,402.0,251.0,315.0,25.80697580112788,1.4,110.0,False,True,small,GF6_WFV_E133.6_N33.6_20200305_L1A1119973496-1,WFV,2020-03-05
GF6_WFV_E133.6_N33.6_20200305_L1A1119973496-1_7680_14336.png,0,1,0,0.044921875,0.6376953125,0.0234375,0.029296875,17.0,319.0,12.0,15.0,29.0,334.0,180.0,19.209372712298546,1.25,17.0,False,True,small,GF6_WFV_E133.6_N33.6_20200305_L1A1119973496-1,WFV,2020-03-05
GF6_WFV_E133.6_N33.6_20200305_L1A1119973496-1_7680_14848.png,0,1,0,0.2109375,0.361328125,0.03125,0.0390625,100.0,175.0,16.0,20.0,116.0,195.0,320.0,25.612496949731394,1.25,100.0,False,True,small,GF6_WFV_E133.6_N33.6_20200305_L1A1119973496-1,WFV,2020-03-05
GF6_WFV_E133.6_N33.6_20200305_L1A1119973496-1_7680_14848.png,1,2,0,0.53515625,0.896484375,0.02734375,0.03125,267.0,451.0,14.0,16.0,281.0,467.0,224.0,21.2602916254693,1.1428571428571428,45.0,False,True,small,GF6_WFV_E133.6_N33.6_20200305_L1A1119973496-1,WFV,2020-03-05
GF6_WFV_E133.6_N33.6_20200305_L1A1119973496-1_7680_15360.png,0,1,0,0.6728515625,0.5771484375,0.029296875,0.033203125,337.0,287.0,15.0,17.0,352.0,304.0,255.0,22.67156809750927,1.1333333333333333,160.0,False,True,small,GF6_WFV_E133.6_N33.6_20200305_L1A1119973496-1,WFV,2020-03-05
GF6_WFV_E133.6_N33.6_20200305_L1A1119973496-1_7680_15872.png,0,1,0,0.7926621160409556,0.043523316062176166,0.022184300341296925,0.03937823834196892,400.16382252559725,12.203108808290153,11.358361774744026,20.161658031088088,411.5221843003413,32.36476683937824,229.00340589577183,23.14097743762145,1.7750498206456762,12.203108808290153,False,True,small,GF6_WFV_E133.6_N33.6_20200305_L1A1119973496-1,WFV,2020-03-05
GF6_WFV_E133.6_N33.6_20200305_L1A1119973496-1_7680_16384.png,0,1,0,0.6083984375,0.333984375,0.033203125,0.03125,303.0,163.0,17.0,16.0,320.0,179.0,272.0,23.345235059857504,1.0625,163.0,False,True,small,GF6_WFV_E133.6_N33.6_20200305_L1A1119973496-1,WFV,2020-03-05
GF6_WFV_E133.6_N33.6_20200305_L1A1119973496-1_7680_8192.png,0,1,0,0.53515625,0.7255859375,0.03515625,0.037109375,265.0,362.0,18.0,19.0,283.0,381.0,342.0,26.1725046566048,1.0555555555555556,131.0,False,True,small,GF6_WFV_E133.6_N33.6_20200305_L1A1119973496-1,WFV,2020-03-05
GF6_WFV_E133.6_N33.6_20200305_L1A1119973496-1_7680_8704.png,0,1,0,0.0234375,0.0830078125,0.0390625,0.037109375,2.0,33.0,20.0,19.0,22.0,52.0,380.0,27.586228448267445,1.0526315789473684,2.0,False,True,small,GF6_WFV_E133.6_N33.6_20200305_L1A1119973496-1,WFV,2020-03-05
GF6_WFV_E133.6_N33.6_20200305_L1A1119973496-1_8192_16384.png,0,1,0,0.3193359375,0.1396484375,0.029296875,0.029296875,156.0,64.0,15.0,15.0,171.0,79.0,225.0,21.213203435596427,1.0,64.0,False,True,small,GF6_WFV_E133.6_N33.6_20200305_L1A1119973496-1,WFV,2020-03-05
GF6_WFV_E133.6_N33.6_20200305_L1A1119973496-1_8704_17285.png,0,1,0,0.7607421875,0.2529296875,0.048828125,0.029296875,377.0,122.0,25.0,15.0,402.0,137.0,375.0,29.154759474226502,1.6666666666666667,110.0,False,True,small,GF6_WFV_E133.6_N33.6_20200305_L1A1119973496-1,WFV,2020-03-05
GF6_WFV_E133.6_N33.6_20200305_L1A1119973496-2_1024_10240.png,0,1,0,0.9560546875,0.3525390625,0.048828125,0.048828125,477.0,168.0,25.0,25.0,502.0,193.0,625.0,35.35533905932738,1.0,10.0,False,True,small,GF6_WFV_E133.6_N33.6_20200305_L1A1119973496-2,WFV,2020-03-05
GF6_WFV_E133.6_N33.6_20200305_L1A1119973496-2_1024_10752.png,0,1,0,0.8232421875,0.072265625,0.033203125,0.03515625,413.0,28.0,17.0,18.0,430.0,46.0,306.0,24.758836806279895,1.0588235294117647,28.0,False,True,small,GF6_WFV_E133.6_N33.6_20200305_L1A1119973496-2,WFV,2020-03-05
GF6_WFV_E133.6_N33.6_20200305_L1A1119973496-2_1024_10752.png,1,2,0,0.08203125,0.0244140625,0.03125,0.029296875,34.0,5.0,16.0,15.0,50.0,20.0,240.0,21.93171219946131,1.0666666666666667,5.0,False,True,small,GF6_WFV_E133.6_N33.6_20200305_L1A1119973496-2,WFV,2020-03-05
GF6_WFV_E133.6_N33.6_20200305_L1A1119973496-2_1024_11264.png,0,1,0,0.2158203125,0.16015625,0.025390625,0.03515625,104.0,73.0,13.0,18.0,117.0,91.0,234.0,22.20360331117452,1.3846153846153846,73.0,False,True,small,GF6_WFV_E133.6_N33.6_20200305_L1A1119973496-2,WFV,2020-03-05
GF6_WFV_E133.6_N33.6_20200305_L1A1119973496-2_10752_3072.png,0,1,0,0.2763671875,0.130859375,0.052734375,0.03515625,128.0,58.0,27.0,18.0,155.0,76.0,486.0,32.449961479175904,1.5,58.0,False,True,small,GF6_WFV_E133.6_N33.6_20200305_L1A1119973496-2,WFV,2020-03-05
GF6_WFV_E133.6_N33.6_20200305_L1A1119973496-2_11264_3072.png,0,1,0,0.0888671875,0.103515625,0.025390625,0.03125,39.0,45.0,13.0,16.0,52.0,61.0,208.0,20.615528128088304,1.2307692307692308,39.0,False,True,small,GF6_WFV_E133.6_N33.6_20200305_L1A1119973496-2,WFV,2020-03-05
GF6_WFV_E133.6_N33.6_20200305_L1A1119973496-2_13824_512.png,0,1,0,0.859375,0.6533203125,0.0390625,0.037109375,430.0,325.0,20.0,19.0,450.0,344.0,380.0,27.586228448267445,1.0526315789473684,62.0,False,True,small,GF6_WFV_E133.6_N33.6_20200305_L1A1119973496-2,WFV,2020-03-05
GF6_WFV_E133.6_N33.6_20200305_L1A1119973496-2_1536_11264.png,0,1,0,0.651023890784983,0.12694300518134716,0.03754266211604096,0.0383419689119171,323.71331058020485,55.17927461139897,19.22184300341297,19.631088082901556,342.9351535836178,74.81036269430052,377.34569311570505,27.474695044103687,1.0212906264719737,55.17927461139897,False,True,small,GF6_WFV_E133.6_N33.6_20200305_L1A1119973496-2,WFV,2020-03-05
GF6_WFV_E133.6_N33.6_20200305_L1A1119973496-2_17408_1024.png,0,1,0,0.8720703125,0.7314453125,0.033203125,0.056640625,438.0,360.0,17.0,29.0,455.0,389.0,493.0,33.61547262794322,1.7058823529411764,57.0,False,True,small,GF6_WFV_E133.6_N33.6_20200305_L1A1119973496-2,WFV,2020-03-05
GF6_WFV_E133.6_N33.6_20200305_L1A1119973496-2_17920_1024.png,0,1,0,0.8583984375,0.232421875,0.037109375,0.0390625,430.0,109.0,19.0,20.0,449.0,129.0,380.0,27.586228448267445,1.0526315789473684,63.0,False,True,small,GF6_WFV_E133.6_N33.6_20200305_L1A1119973496-2,WFV,2020-03-05
GF6_WFV_E133.6_N33.6_20200305_L1A1119973496-2_17920_1024.png,1,2,0,0.36328125,0.8193359375,0.03125,0.041015625,178.0,409.0,16.0,21.0,194.0,430.0,336.0,26.40075756488817,1.3125,82.0,False,True,small,GF6_WFV_E133.6_N33.6_20200305_L1A1119973496-2,WFV,2020-03-05
GF6_WFV_E133.6_N33.6_20200305_L1A1119973496-2_2048_12288.png,0,1,0,0.28515625,0.4013671875,0.03125,0.033203125,138.0,197.0,16.0,17.0,154.0,214.0,272.0,23.345235059857504,1.0625,138.0,False,True,small,GF6_WFV_E133.6_N33.6_20200305_L1A1119973496-2,WFV,2020-03-05
GF6_WFV_E133.6_N33.6_20200305_L1A1119973496-2_2048_13312.png,0,1,0,0.783203125,0.916015625,0.02734375,0.03125,394.0,461.0,14.0,16.0,408.0,477.0,224.0,21.2602916254693,1.1428571428571428,35.0,False,True,small,GF6_WFV_E133.6_N33.6_20200305_L1A1119973496-2,WFV,2020-03-05
GF6_WFV_E133.6_N33.6_20200305_L1A1119973496-2_2048_9216.png,0,1,0,0.7005119453924915,0.3518134715025907,0.04436860068259385,0.030051813471502598,347.3037542662116,172.43523316062175,22.71672354948805,15.38652849740933,370.0204778156997,187.82176165803108,349.5315142619675,27.437106043193666,1.476403436507002,141.97952218430032,False,True,small,GF6_WFV_E133.6_N33.6_20200305_L1A1119973496-2,WFV,2020-03-05
GF6_WFV_E133.6_N33.6_20200305_L1A1119973496-2_2048_9216.png,1,2,0,0.8767064846416381,0.3963730569948186,0.03498293515358364,0.027979274611398985,439.9180887372013,195.780310880829,17.911262798634823,14.32538860103628,457.8293515358361,210.1056994818653,256.5857999257285,22.935345944904775,1.2503160156743773,54.17064846416389,False,True,small,GF6_WFV_E133.6_N33.6_20200305_L1A1119973496-2,WFV,2020-03-05
GF6_WFV_E133.6_N33.6_20200305_L1A1119973496-2_22928_8192.png,0,1,0,0.65234375,0.56640625,0.0390625,0.04296875,324.0,279.0,20.0,22.0,344.0,301.0,440.0,29.732137494637012,1.1,168.0,False,True,small,GF6_WFV_E133.6_N33.6_20200305_L1A1119973496-2,WFV,2020-03-05
GF6_WFV_E133.6_N33.6_20200305_L1A1119973496-2_2560_9216.png,0,1,0,0.869140625,0.8291015625,0.04296875,0.037109375,434.0,415.0,22.0,19.0,456.0,434.0,418.0,29.068883707497267,1.1578947368421053,56.0,False,True,small,GF6_WFV_E133.6_N33.6_20200305_L1A1119973496-2,WFV,2020-03-05
GF6_WFV_E133.6_N33.6_20200305_L1A1119973496-2_2560_9216.png,1,2,0,0.23378839590443687,0.26373056994818656,0.03412969283276451,0.030051813471502598,110.96245733788396,127.33678756476685,17.47440273037543,15.38652849740933,128.4368600682594,142.7233160621762,268.87039558612895,23.283041252915,1.1356949511592327,110.96245733788396,False,True,small,GF6_WFV_E133.6_N33.6_20200305_L1A1119973496-2,WFV,2020-03-05
GF6_WFV_E133.6_N33.6_20200305_L1A1119973496-2_3072_9216.png,0,1,0,0.125,0.2861328125,0.0234375,0.021484375,58.0,141.0,12.0,11.0,70.0,152.0,132.0,16.278820596099706,1.0909090909090908,58.0,False,True,small,GF6_WFV_E133.6_N33.6_20200305_L1A1119973496-2,WFV,2020-03-05
GF6_WFV_E133.6_N33.6_20200305_L1A1119973496-2_3072_9216.png,1,2,0,0.92578125,0.7216796875,0.03125,0.025390625,466.0,363.0,16.0,13.0,482.0,376.0,208.0,20.615528128088304,1.2307692307692308,30.0,False,True,small,GF6_WFV_E133.6_N33.6_20200305_L1A1119973496-2,WFV,2020-03-05
GF6_WFV_E133.6_N33.6_20200305_L1A1119973496-2_3584_9728.png,0,1,0,0.2353515625,0.1240234375,0.025390625,0.025390625,114.0,57.0,13.0,13.0,127.0,70.0,169.0,18.384776310850235,1.0,57.0,False,True,small,GF6_WFV_E133.6_N33.6_20200305_L1A1119973496-2,WFV,2020-03-05
GF6_WFV_E133.6_N33.6_20200305_L1A1119973496-2_4096_7680.png,0,1,0,0.18359375,0.9443359375,0.03125,0.025390625,86.0,477.0,16.0,13.0,102.0,490.0,208.0,20.615528128088304,1.2307692307692308,22.0,False,True,small,GF6_WFV_E133.6_N33.6_20200305_L1A1119973496-2,WFV,2020-03-05
GF6_WFV_E133.6_N33.6_20200305_L1A1119973496-2_4096_7680.png,1,2,0,0.01171875,0.92578125,0.01953125,0.02734375,1.0,467.0,10.0,14.0,11.0,481.0,140.0,17.204650534085253,1.4,1.0,False,True,small,GF6_WFV_E133.6_N33.6_20200305_L1A1119973496-2,WFV,2020-03-05
GF6_WFV_E133.6_N33.6_20200305_L1A1119973496-2_4608_7168.png,0,1,0,0.048828125,0.6220703125,0.0234375,0.029296875,19.0,311.0,12.0,15.0,31.0,326.0,180.0,19.209372712298546,1.25,19.0,False,True,small,GF6_WFV_E133.6_N33.6_20200305_L1A1119973496-2,WFV,2020-03-05
GF6_WFV_E133.6_N33.6_20200305_L1A1119973496-2_4608_7168.png,1,2,0,0.939453125,0.6904296875,0.03515625,0.037109375,472.0,344.0,18.0,19.0,490.0,363.0,342.0,26.1725046566048,1.0555555555555556,22.0,False,True,small,GF6_WFV_E133.6_N33.6_20200305_L1A1119973496-2,WFV,2020-03-05
GF6_WFV_E133.6_N33.6_20200305_L1A1119973496-2_5632_7168.png,0,1,0,0.361328125,0.212890625,0.03125,0.04296875,177.0,98.0,16.0,22.0,193.0,120.0,352.0,27.202941017470888,1.375,98.0,False,True,small,GF6_WFV_E133.6_N33.6_20200305_L1A1119973496-2,WFV,2020-03-05
GF6_WFV_E133.6_N33.6_20200305_L1A1119973496-2_5632_7168.png,1,2,0,0.4091796875,0.96484375,0.021484375,0.02734375,204.0,487.0,11.0,14.0,215.0,501.0,154.0,17.804493814764857,1.2727272727272727,11.0,False,True,small,GF6_WFV_E133.6_N33.6_20200305_L1A1119973496-2,WFV,2020-03-05
GF6_WFV_E133.6_N33.6_20200305_L1A1119973496-2_7168_5120.png,0,1,0,0.7431640625,0.9404296875,0.029296875,0.025390625,373.0,475.0,15.0,13.0,388.0,488.0,195.0,19.849433241279208,1.1538461538461537,24.0,False,True,small,GF6_WFV_E133.6_N33.6_20200305_L1A1119973496-2,WFV,2020-03-05
GF6_WFV_E133.6_N33.6_20200305_L1A1119973496-2_7168_5120.png,1,2,0,0.830078125,0.98828125,0.03125,0.0234375,417.0,500.0,16.0,12.0,433.0,512.0,192.0,20.0,1.3333333333333333,0.0,True,True,small,GF6_WFV_E133.6_N33.6_20200305_L1A1119973496-2,WFV,2020-03-05
GF6_WFV_E133.6_N33.6_20200305_L1A1119973496-2_7168_5632.png,0,1,0,0.4365234375,0.1787109375,0.033203125,0.021484375,215.0,86.0,17.0,11.0,232.0,97.0,187.0,20.248456731316587,1.5454545454545454,86.0,False,True,small,GF6_WFV_E133.6_N33.6_20200305_L1A1119973496-2,WFV,2020-03-05
GF6_WFV_E133.6_N33.6_20200305_L1A1119973496-2_7168_5632.png,1,2,0,0.7431640625,0.0751953125,0.029296875,0.033203125,373.0,30.0,15.0,17.0,388.0,47.0,255.0,22.67156809750927,1.1333333333333333,30.0,False,True,small,GF6_WFV_E133.6_N33.6_20200305_L1A1119973496-2,WFV,2020-03-05
GF6_WFV_E133.6_N33.6_20200305_L1A1119973496-2_7168_5632.png,2,3,0,0.5283203125,0.5185546875,0.025390625,0.025390625,264.0,259.0,13.0,13.0,277.0,272.0,169.0,18.384776310850235,1.0,235.0,False,True,small,GF6_WFV_E133.6_N33.6_20200305_L1A1119973496-2,WFV,2020-03-05
GF6_WFV_E133.6_N33.6_20200305_L1A1119973496-2_7168_5632.png,3,4,0,0.1640625,0.1650390625,0.02734375,0.029296875,77.0,77.0,14.0,15.0,91.0,92.0,210.0,20.518284528683193,1.0714285714285714,77.0,False,True,small,GF6_WFV_E133.6_N33.6_20200305_L1A1119973496-2,WFV,2020-03-05
GF6_WFV_E133.6_N33.6_20200305_L1A1119973496-2_7680_5120.png,0,1,0,0.0556640625,0.74609375,0.037109375,0.0390625,19.0,372.0,19.0,20.0,38.0,392.0,380.0,27.586228448267445,1.0526315789473684,19.0,False,True,small,GF6_WFV_E133.6_N33.6_20200305_L1A1119973496-2,WFV,2020-03-05
GF6_WFV_E133.6_N33.6_20200305_L1A1119973496-2_7680_5120.png,1,2,0,0.5439453125,0.24609375,0.033203125,0.02734375,270.0,119.0,17.0,14.0,287.0,133.0,238.0,22.02271554554524,1.2142857142857142,119.0,False,True,small,GF6_WFV_E133.6_N33.6_20200305_L1A1119973496-2,WFV,2020-03-05
GF6_WFV_E133.6_N33.6_20200305_L1A1119973496-2_7680_5120.png,2,3,0,0.1796875,0.439453125,0.02734375,0.02734375,85.0,218.0,14.0,14.0,99.0,232.0,196.0,19.79898987322333,1.0,85.0,False,True,small,GF6_WFV_E133.6_N33.6_20200305_L1A1119973496-2,WFV,2020-03-05
GF6_WFV_E133.6_N33.6_20200305_L1A1119973496-2_7680_5632.png,0,1,0,0.09375,0.8095703125,0.03125,0.025390625,40.0,408.0,16.0,13.0,56.0,421.0,208.0,20.615528128088304,1.2307692307692308,40.0,False,True,small,GF6_WFV_E133.6_N33.6_20200305_L1A1119973496-2,WFV,2020-03-05
GF6_WFV_E133.6_N33.6_20200305_L1A1119973496-2_8192_15360.png,0,1,0,0.56640625,0.740234375,0.046875,0.04296875,278.0,368.0,24.0,22.0,302.0,390.0,528.0,32.55764119219941,1.0909090909090908,122.0,False,True,small,GF6_WFV_E133.6_N33.6_20200305_L1A1119973496-2,WFV,2020-03-05
GF6_WFV_E133.6_N33.6_20200305_L1A1119973496-2_8192_15872.png,0,1,0,0.3828125,0.2548828125,0.04296875,0.033203125,185.0,122.0,22.0,17.0,207.0,139.0,374.0,27.80287754891569,1.2941176470588236,122.0,False,True,small,GF6_WFV_E133.6_N33.6_20200305_L1A1119973496-2,WFV,2020-03-05
GF6_WFV_E133.6_N33.6_20200305_L1A1119973496-2_8192_4608.png,0,1,0,0.43359375,0.326171875,0.03125,0.03125,214.0,159.0,16.0,16.0,230.0,175.0,256.0,22.627416997969522,1.0,159.0,False,True,small,GF6_WFV_E133.6_N33.6_20200305_L1A1119973496-2,WFV,2020-03-05
GF6_WFV_E133.6_N33.6_20200305_L1A1119973496-2_8192_5632.png,0,1,0,0.7685546875,0.2158203125,0.029296875,0.029296875,386.0,103.0,15.0,15.0,401.0,118.0,225.0,21.213203435596427,1.0,103.0,False,True,small,GF6_WFV_E133.6_N33.6_20200305_L1A1119973496-2,WFV,2020-03-05
GF6_WFV_E133.6_N33.6_20200305_L1A1119973496-2_8192_5632.png,1,2,0,0.8564453125,0.169921875,0.033203125,0.03125,430.0,79.0,17.0,16.0,447.0,95.0,272.0,23.345235059857504,1.0625,65.0,False,True,small,GF6_WFV_E133.6_N33.6_20200305_L1A1119973496-2,WFV,2020-03-05
GF6_WFV_E133.6_N33.6_20200305_L1A1119973496-2_8704_5120.png,0,1,0,0.7880859375,0.408203125,0.029296875,0.03515625,396.0,200.0,15.0,18.0,411.0,218.0,270.0,23.430749027719962,1.2,101.0,False,True,small,GF6_WFV_E133.6_N33.6_20200305_L1A1119973496-2,WFV,2020-03-05
GF6_WFV_E133.6_N33.6_20200305_L1A1119973496-2_8704_5120.png,1,2,0,0.6630859375,0.7080078125,0.029296875,0.025390625,332.0,356.0,15.0,13.0,347.0,369.0,195.0,19.849433241279208,1.1538461538461537,143.0,False,True,small,GF6_WFV_E133.6_N33.6_20200305_L1A1119973496-2,WFV,2020-03-05
GF6_WFV_E133.6_N33.6_20200305_L1A1119973496-2_9216_4608.png,0,1,0,0.6982421875,0.4189453125,0.029296875,0.029296875,350.0,207.0,15.0,15.0,365.0,222.0,225.0,21.213203435596427,1.0,147.0,False,True,small,GF6_WFV_E133.6_N33.6_20200305_L1A1119973496-2,WFV,2020-03-05
GF6_WFV_E133.6_N33.6_20200305_L1A1119973496-2_9216_4608.png,1,2,0,0.853515625,0.013671875,0.03125,0.02734375,429.0,0.0,16.0,14.0,445.0,14.0,224.0,21.2602916254693,1.1428571428571428,0.0,True,True,small,GF6_WFV_E133.6_N33.6_20200305_L1A1119973496-2,WFV,2020-03-05
GF6_WFV_E133.6_N33.6_20200305_L1A1119973496-2_9216_5120.png,0,1,0,0.1982421875,0.2666015625,0.025390625,0.025390625,95.0,130.0,13.0,13.0,108.0,143.0,169.0,18.384776310850235,1.0,95.0,False,True,small,GF6_WFV_E133.6_N33.6_20200305_L1A1119973496-2,WFV,2020-03-05
GF6_WFV_E134.3_N40.2_20200918_L1A1120036758-1_10240_8192.png,0,1,0,0.0947265625,0.177734375,0.037109375,0.05078125,39.0,78.0,19.0,26.0,58.0,104.0,494.0,32.202484376209235,1.368421052631579,39.0,False,True,small,GF6_WFV_E134.3_N40.2_20200918_L1A1120036758-1,WFV,2020-09-18
GF6_WFV_E134.3_N40.2_20200918_L1A1120036758-1_12928_6656.png,0,1,0,0.3828125,0.3037109375,0.0390625,0.044921875,186.0,144.0,20.0,23.0,206.0,167.0,460.0,30.479501308256342,1.15,144.0,False,True,small,GF6_WFV_E134.3_N40.2_20200918_L1A1120036758-1,WFV,2020-09-18
GF6_WFV_E134.3_N40.2_20200918_L1A1120036758-1_6144_10240.png,0,1,0,0.4404296875,0.689453125,0.033203125,0.03125,217.0,345.0,17.0,16.0,234.0,361.0,272.0,23.345235059857504,1.0625,151.0,False,True,small,GF6_WFV_E134.3_N40.2_20200918_L1A1120036758-1,WFV,2020-09-18
GF6_WFV_E134.3_N40.2_20200918_L1A1120036758-1_6656_8704.png,0,1,0,0.7021484375,0.0234375,0.029296875,0.0234375,352.0,6.0,15.0,12.0,367.0,18.0,180.0,19.209372712298546,1.25,6.0,False,True,small,GF6_WFV_E134.3_N40.2_20200918_L1A1120036758-1,WFV,2020-09-18
GF6_WFV_E134.3_N40.2_20200918_L1A1120036758-1_6656_8704.png,1,2,0,0.7587890625,0.0322265625,0.029296875,0.021484375,381.0,11.0,15.0,11.0,396.0,22.0,165.0,18.601075237738275,1.3636363636363635,11.0,False,True,small,GF6_WFV_E134.3_N40.2_20200918_L1A1120036758-1,WFV,2020-09-18
GF6_WFV_E134.3_N40.2_20200918_L1A1120036758-1_7168_12288.png,0,1,0,0.1650390625,0.2060546875,0.033203125,0.041015625,76.0,95.0,17.0,21.0,93.0,116.0,357.0,27.018512172212592,1.2352941176470589,76.0,False,True,small,GF6_WFV_E134.3_N40.2_20200918_L1A1120036758-1,WFV,2020-09-18
GF6_WFV_E134.3_N40.2_20200918_L1A1120036758-1_7680_12800.png,0,1,0,0.3623046875,0.6474609375,0.025390625,0.041015625,179.0,321.0,13.0,21.0,192.0,342.0,273.0,24.698178070456937,1.6153846153846154,170.0,False,True,small,GF6_WFV_E134.3_N40.2_20200918_L1A1120036758-1,WFV,2020-09-18
GF6_WFV_E134.3_N40.2_20200918_L1A1120036758-1_7680_16384.png,0,1,0,0.7841796875,0.8779296875,0.033203125,0.037109375,393.0,440.0,17.0,19.0,410.0,459.0,323.0,25.495097567963924,1.1176470588235294,53.0,False,True,small,GF6_WFV_E134.3_N40.2_20200918_L1A1120036758-1,WFV,2020-09-18
GF6_WFV_E134.3_N40.2_20200918_L1A1120036758-1_7680_16777.png,0,1,0,0.78515625,0.1123046875,0.03515625,0.041015625,393.0,47.0,18.0,21.0,411.0,68.0,378.0,27.65863337187866,1.1666666666666667,47.0,False,True,small,GF6_WFV_E134.3_N40.2_20200918_L1A1120036758-1,WFV,2020-09-18
GF6_WFV_E134.3_N40.2_20200918_L1A1120036758-1_7680_8192.png,0,1,0,0.650390625,0.748046875,0.02734375,0.04296875,326.0,372.0,14.0,22.0,340.0,394.0,308.0,26.076809620810597,1.5714285714285714,118.0,False,True,small,GF6_WFV_E134.3_N40.2_20200918_L1A1120036758-1,WFV,2020-09-18
GF6_WFV_E135.1_N24.7_20200107_L1A1119957266-1_3072_16384.png,0,1,0,0.470703125,0.9287109375,0.0703125,0.044921875,223.0,464.0,36.0,23.0,259.0,487.0,828.0,42.720018726587654,1.565217391304348,25.0,False,True,small,GF6_WFV_E135.1_N24.7_20200107_L1A1119957266-1,WFV,2020-01-07
GF6_WFV_E135.6_N26.9_20200107_L1A1119957261-1_12928_12288.png,0,1,0,0.34375,0.4892578125,0.046875,0.064453125,164.0,234.0,24.0,33.0,188.0,267.0,792.0,40.80441152620633,1.375,164.0,False,True,small,GF6_WFV_E135.6_N26.9_20200107_L1A1119957261-1,WFV,2020-01-07
GF6_WFV_E135.6_N26.9_20200107_L1A1119957261-1_6656_3072.png,0,1,0,0.259765625,0.6826171875,0.03515625,0.029296875,124.0,342.0,18.0,15.0,142.0,357.0,270.0,23.430749027719962,1.2,124.0,False,True,small,GF6_WFV_E135.6_N26.9_20200107_L1A1119957261-1,WFV,2020-01-07
GF6_WFV_E135.6_N26.9_20200107_L1A1119957261-2_2048_7680.png,0,1,0,0.3935546875,0.189453125,0.041015625,0.04296875,191.0,86.0,21.0,22.0,212.0,108.0,462.0,30.4138126514911,1.0476190476190477,86.0,False,True,small,GF6_WFV_E135.6_N26.9_20200107_L1A1119957261-2,WFV,2020-01-07
GF6_WFV_E135.6_N26.9_20200107_L1A1119957261-2_4608_10752.png,0,1,0,0.822265625,0.484375,0.03125,0.04296875,413.0,237.0,16.0,22.0,429.0,259.0,352.0,27.202941017470888,1.375,83.0,False,True,small,GF6_WFV_E135.6_N26.9_20200107_L1A1119957261-2,WFV,2020-01-07
GF6_WFV_E135.6_N26.9_20200107_L1A1119957261-2_5120_9728.png,0,1,0,0.3330078125,0.326171875,0.037109375,0.05078125,161.0,154.0,19.0,26.0,180.0,180.0,494.0,32.202484376209235,1.368421052631579,154.0,False,True,small,GF6_WFV_E135.6_N26.9_20200107_L1A1119957261-2,WFV,2020-01-07
GF6_WFV_E136.0_N26.9_20200913_L1A1120035638-1_1024_13824.png,0,1,0,0.5341796875,0.7392578125,0.041015625,0.052734375,263.0,365.0,21.0,27.0,284.0,392.0,567.0,34.20526275297414,1.2857142857142858,120.0,False,True,small,GF6_WFV_E136.0_N26.9_20200913_L1A1120035638-1,WFV,2020-09-13
GF6_WFV_E136.0_N26.9_20200913_L1A1120035638-1_10752_8192.png,0,1,0,0.0703125,0.9765625,0.03515625,0.046875,27.0,488.0,18.0,24.0,45.0,512.0,432.0,30.0,1.3333333333333333,0.0,True,True,small,GF6_WFV_E136.0_N26.9_20200913_L1A1120035638-1,WFV,2020-09-13
GF6_WFV_E136.0_N26.9_20200913_L1A1120035638-1_7680_16317.png,0,1,0,0.8828125,0.2705078125,0.04296875,0.033203125,441.0,130.0,22.0,17.0,463.0,147.0,374.0,27.80287754891569,1.2941176470588236,49.0,False,True,small,GF6_WFV_E136.0_N26.9_20200913_L1A1120035638-1,WFV,2020-09-13
GF6_WFV_E136.0_N26.9_20200913_L1A1120035638-2_15360_3072.png,0,1,0,0.609375,0.6357421875,0.046875,0.044921875,300.0,314.0,24.0,23.0,324.0,337.0,552.0,33.24154027718932,1.0434782608695652,175.0,False,True,small,GF6_WFV_E136.0_N26.9_20200913_L1A1120035638-2,WFV,2020-09-13
GF6_WFV_E136.0_N26.9_20200913_L1A1120035638-2_6656_16317.png,0,1,0,0.5107421875,0.2900390625,0.037109375,0.044921875,252.0,137.0,19.0,23.0,271.0,160.0,437.0,29.832867780352597,1.2105263157894737,137.0,False,True,small,GF6_WFV_E136.0_N26.9_20200913_L1A1120035638-2,WFV,2020-09-13
GF6_WFV_E136.0_N26.9_20200913_L1A1120035638-2_7168_13824.png,0,1,0,0.44140625,0.095703125,0.0546875,0.0546875,212.0,35.0,28.0,28.0,240.0,63.0,784.0,39.59797974644666,1.0,35.0,False,True,small,GF6_WFV_E136.0_N26.9_20200913_L1A1120035638-2,WFV,2020-09-13
GF6_WFV_E136.0_N26.9_20200913_L1A1120035638-2_8192_5632.png,0,1,0,0.671875,0.91015625,0.0390625,0.0390625,334.0,456.0,20.0,20.0,354.0,476.0,400.0,28.284271247461902,1.0,36.0,False,True,small,GF6_WFV_E136.0_N26.9_20200913_L1A1120035638-2,WFV,2020-09-13
GF6_WFV_E136.6_N24.7_20200521_L1A1119999504-1_0_7168.png,0,1,0,0.240234375,0.962890625,0.0390625,0.05078125,113.0,480.0,20.0,26.0,133.0,506.0,520.0,32.802438933713454,1.3,6.0,False,True,small,GF6_WFV_E136.6_N24.7_20200521_L1A1119999504-1,WFV,2020-05-21
GF6_WFV_E136.6_N24.7_20200521_L1A1119999504-2_2560_6144.png,0,1,0,0.404296875,0.2041015625,0.0390625,0.041015625,197.0,94.0,20.0,21.0,217.0,115.0,420.0,29.0,1.05,94.0,False,True,small,GF6_WFV_E136.6_N24.7_20200521_L1A1119999504-2,WFV,2020-05-21
GF6_WFV_E136.6_N24.7_20200521_L1A1119999504-3_11264_512.png,0,1,0,0.5537109375,0.5341796875,0.041015625,0.056640625,273.0,259.0,21.0,29.0,294.0,288.0,609.0,35.805027579936315,1.380952380952381,218.0,False,True,small,GF6_WFV_E136.6_N24.7_20200521_L1A1119999504-3,WFV,2020-05-21
GF6_WFV_E136.6_N24.7_20200521_L1A1119999504-3_11281_512.png,0,1,0,0.51953125,0.533203125,0.0390625,0.0546875,256.0,259.0,20.0,28.0,276.0,287.0,560.0,34.40930106817051,1.4,225.0,False,True,small,GF6_WFV_E136.6_N24.7_20200521_L1A1119999504-3,WFV,2020-05-21
GF6_WFV_E136.6_N29.1_20200913_L1A1120035632-1_10752_12800.png,0,1,0,0.56640625,0.2490234375,0.04296875,0.044921875,279.0,116.0,22.0,23.0,301.0,139.0,506.0,31.827660925679098,1.0454545454545454,116.0,False,True,small,GF6_WFV_E136.6_N29.1_20200913_L1A1120035632-1,WFV,2020-09-13
GF6_WFV_E136.6_N29.1_20200913_L1A1120035632-1_7168_13824.png,0,1,0,0.8525390625,0.4990234375,0.060546875,0.041015625,421.0,245.0,31.0,21.0,452.0,266.0,651.0,37.44329045369811,1.4761904761904763,60.0,False,True,small,GF6_WFV_E136.6_N29.1_20200913_L1A1120035632-1,WFV,2020-09-13
GF6_WFV_E136.6_N29.1_20200913_L1A1120035632-1_9216_14848.png,0,1,0,0.7470703125,0.5048828125,0.048828125,0.044921875,370.0,247.0,25.0,23.0,395.0,270.0,575.0,33.97057550292606,1.0869565217391304,117.0,False,True,small,GF6_WFV_E136.6_N29.1_20200913_L1A1120035632-1,WFV,2020-09-13
GF6_WFV_E136.6_N29.1_20200913_L1A1120035632-2_0_14848.png,0,1,0,0.2861328125,0.248046875,0.044921875,0.04296875,135.0,116.0,23.0,22.0,158.0,138.0,506.0,31.827660925679098,1.0454545454545454,116.0,False,True,small,GF6_WFV_E136.6_N29.1_20200913_L1A1120035632-2,WFV,2020-09-13
GF6_WFV_E136.6_N29.1_20200913_L1A1120035632-2_12800_15872.png,0,1,0,0.35546875,0.794921875,0.0390625,0.04296875,172.0,396.0,20.0,22.0,192.0,418.0,440.0,29.732137494637012,1.1,94.0,False,True,small,GF6_WFV_E136.6_N29.1_20200913_L1A1120035632-2,WFV,2020-09-13
GF6_WFV_E136.6_N29.1_20200913_L1A1120035632-2_12800_17285.png,0,1,0,0.4140625,0.6318359375,0.05078125,0.033203125,199.0,315.0,26.0,17.0,225.0,332.0,442.0,31.064449134018133,1.5294117647058822,180.0,False,True,small,GF6_WFV_E136.6_N29.1_20200913_L1A1120035632-2,WFV,2020-09-13
GF6_WFV_E136.6_N29.1_20200913_L1A1120035632-2_18432_12800.png,0,1,0,0.6513671875,0.2841796875,0.033203125,0.033203125,325.0,137.0,17.0,17.0,342.0,154.0,289.0,24.041630560342615,1.0,137.0,False,True,small,GF6_WFV_E136.6_N29.1_20200913_L1A1120035632-2,WFV,2020-09-13
GF6_WFV_E136.6_N29.1_20200913_L1A1120035632-2_19968_7680.png,0,1,0,0.4208984375,0.25,0.044921875,0.03515625,204.0,119.0,23.0,18.0,227.0,137.0,414.0,29.206163733020468,1.2777777777777777,119.0,False,True,small,GF6_WFV_E136.6_N29.1_20200913_L1A1120035632-2,WFV,2020-09-13
GF6_WFV_E136.6_N29.1_20200913_L1A1120035632-2_20992_7168.png,0,1,0,0.0625,0.6630859375,0.05078125,0.029296875,19.0,332.0,26.0,15.0,45.0,347.0,390.0,30.01666203960727,1.7333333333333334,19.0,False,True,small,GF6_WFV_E136.6_N29.1_20200913_L1A1120035632-2,WFV,2020-09-13
GF6_WFV_E136.6_N29.1_20200913_L1A1120035632-2_21904_5120.png,0,1,0,0.8740234375,0.8828125,0.052734375,0.0390625,434.0,442.0,27.0,20.0,461.0,462.0,540.0,33.60059523282288,1.35,50.0,False,True,small,GF6_WFV_E136.6_N29.1_20200913_L1A1120035632-2,WFV,2020-09-13
GF6_WFV_E136.6_N29.1_20200913_L1A1120035632-2_22016_5120.png,0,1,0,0.6552734375,0.88671875,0.033203125,0.03125,327.0,446.0,17.0,16.0,344.0,462.0,272.0,23.345235059857504,1.0625,50.0,False,True,small,GF6_WFV_E136.6_N29.1_20200913_L1A1120035632-2,WFV,2020-09-13
GF6_WFV_E136.6_N29.1_20200913_L1A1120035632-3_1536_2560.png,0,1,0,0.1591796875,0.4443359375,0.041015625,0.048828125,71.0,215.0,21.0,25.0,92.0,240.0,525.0,32.64965543462902,1.1904761904761905,71.0,False,True,small,GF6_WFV_E136.6_N29.1_20200913_L1A1120035632-3,WFV,2020-09-13
GF6_WFV_E137.2_N26.9_20200521_L1A1119999497-2_20992_6144.png,0,1,0,0.0234375,0.986328125,0.0390625,0.02734375,2.0,498.0,20.0,14.0,22.0,512.0,280.0,24.413111231467404,1.4285714285714286,0.0,True,True,small,GF6_WFV_E137.2_N26.9_20200521_L1A1119999497-2,WFV,2020-05-21
GF6_WFV_E137.2_N31.4_20200913_L1A1120035633-1_11264_3584.png,0,1,0,0.3720703125,0.0107421875,0.044921875,0.021484375,179.0,0.0,23.0,11.0,202.0,11.0,253.0,25.495097567963924,2.090909090909091,0.0,True,True,small,GF6_WFV_E137.2_N31.4_20200913_L1A1120035633-1,WFV,2020-09-13
GF6_WFV_E137.2_N31.4_20200913_L1A1120035633-1_5120_8704.png,0,1,0,0.607421875,0.2431640625,0.03125,0.037109375,303.0,115.0,16.0,19.0,319.0,134.0,304.0,24.839484696748443,1.1875,115.0,False,True,small,GF6_WFV_E137.2_N31.4_20200913_L1A1120035633-1,WFV,2020-09-13
GF6_WFV_E137.2_N31.4_20200913_L1A1120035633-1_512_2048.png,0,1,0,0.2275390625,0.962890625,0.037109375,0.03125,107.0,485.0,19.0,16.0,126.0,501.0,304.0,24.839484696748443,1.1875,11.0,False,True,small,GF6_WFV_E137.2_N31.4_20200913_L1A1120035633-1,WFV,2020-09-13
GF6_WFV_E137.2_N31.4_20200913_L1A1120035633-1_512_2048.png,1,2,0,0.36945392491467577,0.20259067357512953,0.029010238907849817,0.0383419689119171,181.73378839590444,93.91088082901554,14.853242320819106,19.631088082901556,196.58703071672355,113.5419689119171,291.585308316681,24.617035295900504,1.321670222493143,93.91088082901554,False,True,small,GF6_WFV_E137.2_N31.4_20200913_L1A1120035633-1,WFV,2020-09-13
GF6_WFV_E137.2_N31.4_20200913_L1A1120035633-1_6144_8704.png,0,1,0,0.685546875,0.7158203125,0.05859375,0.044921875,336.0,355.0,30.0,23.0,366.0,378.0,690.0,37.8021163428716,1.3043478260869565,134.0,False,True,small,GF6_WFV_E137.2_N31.4_20200913_L1A1120035633-1,WFV,2020-09-13
GF6_WFV_E137.2_N31.4_20200913_L1A1120035633-1_7680_1024.png,0,1,0,0.142578125,0.93359375,0.04296875,0.03125,62.0,470.0,22.0,16.0,84.0,486.0,352.0,27.202941017470888,1.375,26.0,False,True,small,GF6_WFV_E137.2_N31.4_20200913_L1A1120035633-1,WFV,2020-09-13
GF6_WFV_E137.2_N31.4_20200913_L1A1120035633-1_9216_4096.png,0,1,0,0.0869140625,0.154296875,0.044921875,0.046875,33.0,67.0,23.0,24.0,56.0,91.0,552.0,33.24154027718932,1.0434782608695652,33.0,False,True,small,GF6_WFV_E137.2_N31.4_20200913_L1A1120035633-1,WFV,2020-09-13
GF6_WFV_E137.2_N31.4_20200913_L1A1120035633-2_17408_9728.png,0,1,0,0.6982421875,0.412109375,0.041015625,0.04296875,347.0,200.0,21.0,22.0,368.0,222.0,462.0,30.4138126514911,1.0476190476190477,144.0,False,True,small,GF6_WFV_E137.2_N31.4_20200913_L1A1120035633-2,WFV,2020-09-13
GF6_WFV_E137.2_N31.4_20200913_L1A1120035633-2_19456_15360.png,0,1,0,0.552734375,0.1884765625,0.046875,0.033203125,271.0,88.0,24.0,17.0,295.0,105.0,408.0,29.410882339705484,1.411764705882353,88.0,False,True,small,GF6_WFV_E137.2_N31.4_20200913_L1A1120035633-2,WFV,2020-09-13
GF6_WFV_E137.2_N31.4_20200913_L1A1120035633-2_19456_2048.png,0,1,0,0.8271484375,0.0634765625,0.025390625,0.033203125,417.0,24.0,13.0,17.0,430.0,41.0,221.0,21.400934559032695,1.3076923076923077,24.0,False,True,small,GF6_WFV_E137.2_N31.4_20200913_L1A1120035633-2,WFV,2020-09-13
GF6_WFV_E137.2_N31.4_20200913_L1A1120035633-2_2048_8704.png,0,1,0,0.09765625,0.7998046875,0.04296875,0.044921875,39.0,398.0,22.0,23.0,61.0,421.0,506.0,31.827660925679098,1.0454545454545454,39.0,False,True,small,GF6_WFV_E137.2_N31.4_20200913_L1A1120035633-2,WFV,2020-09-13
GF6_WFV_E137.2_N31.4_20200913_L1A1120035633-2_21504_15360.png,0,1,0,0.625,0.234375,0.05078125,0.0390625,307.0,110.0,26.0,20.0,333.0,130.0,520.0,32.802438933713454,1.3,110.0,False,True,small,GF6_WFV_E137.2_N31.4_20200913_L1A1120035633-2,WFV,2020-09-13
GF6_WFV_E137.2_N31.4_20200913_L1A1120035633-2_3072_13312.png,0,1,0,0.720703125,0.4521484375,0.05078125,0.033203125,356.0,223.0,26.0,17.0,382.0,240.0,442.0,31.064449134018133,1.5294117647058822,130.0,False,True,small,GF6_WFV_E137.2_N31.4_20200913_L1A1120035633-2,WFV,2020-09-13
GF6_WFV_E137.2_N31.4_20200913_L1A1120035633-2_3584_4608.png,0,1,0,0.1591796875,0.1630859375,0.041015625,0.041015625,71.0,73.0,21.0,21.0,92.0,94.0,441.0,29.698484809834994,1.0,71.0,False,True,small,GF6_WFV_E137.2_N31.4_20200913_L1A1120035633-2,WFV,2020-09-13
GF6_WFV_E137.2_N31.4_20200913_L1A1120035633-2_512_5120.png,0,1,0,0.33203125,0.7265625,0.0390625,0.0234375,160.0,366.0,20.0,12.0,180.0,378.0,240.0,23.323807579381203,1.6666666666666667,134.0,False,True,small,GF6_WFV_E137.2_N31.4_20200913_L1A1120035633-2,WFV,2020-09-13
GF6_WFV_E137.2_N31.4_20200913_L1A1120035633-2_7680_8192.png,0,1,0,0.197265625,0.26953125,0.03515625,0.046875,92.0,126.0,18.0,24.0,110.0,150.0,432.0,30.0,1.3333333333333333,92.0,False,True,small,GF6_WFV_E137.2_N31.4_20200913_L1A1120035633-2,WFV,2020-09-13
GF6_WFV_E137.7_N29.1_20200521_L1A1119999499-2_16384_512.png,0,1,0,0.4453125,0.849609375,0.05859375,0.0390625,213.0,425.0,30.0,20.0,243.0,445.0,600.0,36.05551275463989,1.5,67.0,False,True,small,GF6_WFV_E137.7_N29.1_20200521_L1A1119999499-2,WFV,2020-05-21
GF6_WFV_E137.7_N29.1_20200521_L1A1119999499-2_17408_4608.png,0,1,0,0.63671875,0.5615234375,0.05078125,0.052734375,313.0,274.0,26.0,27.0,339.0,301.0,702.0,37.48332962798263,1.0384615384615385,173.0,False,True,small,GF6_WFV_E137.7_N29.1_20200521_L1A1119999499-2,WFV,2020-05-21
GF6_WFV_E137.7_N29.1_20200521_L1A1119999499-2_21904_7168.png,0,1,0,0.9912109375,0.5859375,0.017578125,0.04296875,503.0,289.0,9.0,22.0,512.0,311.0,198.0,23.769728648009426,2.4444444444444446,0.0,True,True,small,GF6_WFV_E137.7_N29.1_20200521_L1A1119999499-2,WFV,2020-05-21
GF6_WFV_E137.7_N29.1_20200521_L1A1119999499-2_4096_1536.png,0,1,0,0.236328125,0.615234375,0.046875,0.02734375,109.0,308.0,24.0,14.0,133.0,322.0,336.0,27.784887978899608,1.7142857142857142,109.0,False,True,small,GF6_WFV_E137.7_N29.1_20200521_L1A1119999499-2,WFV,2020-05-21
GF6_WFV_E138.3_N31.4_20200521_L1A1119999493-1_10240_8704.png,0,1,0,0.3916015625,0.947265625,0.041015625,0.046875,190.0,473.0,21.0,24.0,211.0,497.0,504.0,31.89043743820395,1.1428571428571428,15.0,False,True,small,GF6_WFV_E138.3_N31.4_20200521_L1A1119999493-1,WFV,2020-05-21
GF6_WFV_E138.3_N31.4_20200521_L1A1119999493-1_2560_15360.png,0,1,0,0.6875,0.80859375,0.03125,0.02734375,344.0,407.0,16.0,14.0,360.0,421.0,224.0,21.2602916254693,1.1428571428571428,91.0,False,True,small,GF6_WFV_E138.3_N31.4_20200521_L1A1119999493-1,WFV,2020-05-21
GF6_WFV_E138.3_N31.4_20200521_L1A1119999493-1_3072_512.png,0,1,0,0.4296875,0.6904296875,0.02734375,0.021484375,213.0,348.0,14.0,11.0,227.0,359.0,154.0,17.804493814764857,1.2727272727272727,153.0,False,True,small,GF6_WFV_E138.3_N31.4_20200521_L1A1119999493-1,WFV,2020-05-21
GF6_WFV_E138.3_N31.4_20200521_L1A1119999493-1_3072_512.png,1,2,0,0.5595703125,0.779296875,0.037109375,0.03125,277.0,391.0,19.0,16.0,296.0,407.0,304.0,24.839484696748443,1.1875,105.0,False,True,small,GF6_WFV_E138.3_N31.4_20200521_L1A1119999493-1,WFV,2020-05-21
GF6_WFV_E138.3_N31.4_20200521_L1A1119999493-1_5120_512.png,0,1,0,0.626953125,0.51953125,0.02734375,0.03125,314.0,258.0,14.0,16.0,328.0,274.0,224.0,21.2602916254693,1.1428571428571428,184.0,False,True,small,GF6_WFV_E138.3_N31.4_20200521_L1A1119999493-1,WFV,2020-05-21
GF6_WFV_E138.3_N31.4_20200521_L1A1119999493-1_5632_3072.png,0,1,0,0.513671875,0.7353515625,0.03125,0.037109375,255.0,367.0,16.0,19.0,271.0,386.0,304.0,24.839484696748443,1.1875,126.0,False,True,small,GF6_WFV_E138.3_N31.4_20200521_L1A1119999493-1,WFV,2020-05-21
GF6_WFV_E138.3_N31.4_20200521_L1A1119999493-1_5632_512.png,0,1,0,0.4716796875,0.6123046875,0.041015625,0.041015625,231.0,303.0,21.0,21.0,252.0,324.0,441.0,29.698484809834994,1.0,188.0,False,True,small,GF6_WFV_E138.3_N31.4_20200521_L1A1119999493-1,WFV,2020-05-21
GF6_WFV_E138.3_N31.4_20200521_L1A1119999493-1_8192_1536.png,0,1,0,0.783203125,0.01171875,0.0546875,0.0234375,387.0,0.0,28.0,12.0,415.0,12.0,336.0,30.463092423455635,2.3333333333333335,0.0,True,True,small,GF6_WFV_E138.3_N31.4_20200521_L1A1119999493-1,WFV,2020-05-21
GF6_WFV_E138.3_N31.4_20200521_L1A1119999493-1_9216_1024.png,0,1,0,0.9296875,0.087890625,0.04296875,0.046875,465.0,33.0,22.0,24.0,487.0,57.0,528.0,32.55764119219941,1.0909090909090908,25.0,False,True,small,GF6_WFV_E138.3_N31.4_20200521_L1A1119999493-1,WFV,2020-05-21
GF6_WFV_E138.3_N31.4_20200521_L1A1119999493-2_15872_9216.png,0,1,0,0.7734375,0.6484375,0.0625,0.03125,380.0,324.0,32.0,16.0,412.0,340.0,512.0,35.77708763999664,2.0,100.0,False,True,small,GF6_WFV_E138.3_N31.4_20200521_L1A1119999493-2,WFV,2020-05-21
GF6_WFV_E138.3_N31.4_20200521_L1A1119999493-2_16384_16777.png,0,1,0,0.4443359375,0.9716796875,0.064453125,0.037109375,211.0,488.0,33.0,19.0,244.0,507.0,627.0,38.07886552931954,1.736842105263158,5.0,False,True,small,GF6_WFV_E138.3_N31.4_20200521_L1A1119999493-2,WFV,2020-05-21
GF6_WFV_E138.3_N31.4_20200521_L1A1119999493-2_16384_16896.png,0,1,0,0.4404296875,0.744140625,0.060546875,0.03515625,210.0,372.0,31.0,18.0,241.0,390.0,558.0,35.84689665786984,1.7222222222222223,122.0,False,True,small,GF6_WFV_E138.3_N31.4_20200521_L1A1119999493-2,WFV,2020-05-21
GF6_WFV_E138.3_N31.4_20200521_L1A1119999493-2_18432_1536.png,0,1,0,0.2548828125,0.7021484375,0.044921875,0.033203125,119.0,351.0,23.0,17.0,142.0,368.0,391.0,28.600699292150182,1.3529411764705883,119.0,False,True,small,GF6_WFV_E138.3_N31.4_20200521_L1A1119999493-2,WFV,2020-05-21
GF6_WFV_E138.3_N31.4_20200521_L1A1119999493-2_19456_1024.png,0,1,0,0.2021484375,0.2470703125,0.044921875,0.037109375,92.0,117.0,23.0,19.0,115.0,136.0,437.0,29.832867780352597,1.2105263157894737,92.0,False,True,small,GF6_WFV_E138.3_N31.4_20200521_L1A1119999493-2,WFV,2020-05-21
GF6_WFV_E138.3_N31.4_20200521_L1A1119999493-2_2560_1024.png,0,1,0,0.4423828125,0.443359375,0.052734375,0.03125,213.0,219.0,27.0,16.0,240.0,235.0,432.0,31.38470965295043,1.6875,213.0,False,True,small,GF6_WFV_E138.3_N31.4_20200521_L1A1119999493-2,WFV,2020-05-21
GF6_WFV_E138.3_N31.4_20200521_L1A1119999493-2_7680_14336.png,0,1,0,0.427734375,0.384765625,0.03125,0.04296875,211.0,186.0,16.0,22.0,227.0,208.0,352.0,27.202941017470888,1.375,186.0,False,True,small,GF6_WFV_E138.3_N31.4_20200521_L1A1119999493-2,WFV,2020-05-21
GF6_WFV_E138.3_N31.4_20200521_L1A1119999493-3_4096_15872.png,0,1,0,0.3623046875,0.958984375,0.033203125,0.0390625,177.0,481.0,17.0,20.0,194.0,501.0,340.0,26.248809496813376,1.1764705882352942,11.0,False,True,small,GF6_WFV_E138.3_N31.4_20200521_L1A1119999493-3,WFV,2020-05-21
GF6_WFV_E138.3_N31.4_20200521_L1A1119999493-3_8704_10240.png,0,1,0,0.82421875,0.0556640625,0.03515625,0.033203125,413.0,20.0,18.0,17.0,431.0,37.0,306.0,24.758836806279895,1.0588235294117647,20.0,False,True,small,GF6_WFV_E138.3_N31.4_20200521_L1A1119999493-3,WFV,2020-05-21
GF6_WFV_E138.4_N26.9_20200529_L1A1120002143-1_8192_13312.png,0,1,0,0.2685546875,0.4287109375,0.056640625,0.041015625,123.0,209.0,29.0,21.0,152.0,230.0,609.0,35.805027579936315,1.380952380952381,123.0,False,True,small,GF6_WFV_E138.4_N26.9_20200529_L1A1120002143-1,WFV,2020-05-29
GF6_WFV_E138.4_N26.9_20200529_L1A1120002143-2_4096_2560.png,0,1,0,0.443359375,0.5205078125,0.03125,0.029296875,219.0,259.0,16.0,15.0,235.0,274.0,240.0,21.93171219946131,1.0666666666666667,219.0,False,True,small,GF6_WFV_E138.4_N26.9_20200529_L1A1120002143-2,WFV,2020-05-29
GF6_WFV_E139.0_N29.1_20200529_L1A1120002145-1_12416_17289.png,0,1,0,0.8544921875,0.25390625,0.033203125,0.03125,429.0,122.0,17.0,16.0,446.0,138.0,272.0,23.345235059857504,1.0625,66.0,False,True,small,GF6_WFV_E139.0_N29.1_20200529_L1A1120002145-1,WFV,2020-05-29
GF6_WFV_E139.0_N29.1_20200529_L1A1120002145-2_1024_9216.png,0,1,0,0.4658203125,0.9306640625,0.029296875,0.060546875,231.0,461.0,15.0,31.0,246.0,492.0,465.0,34.438350715445125,2.066666666666667,20.0,False,True,small,GF6_WFV_E139.0_N29.1_20200529_L1A1120002145-2,WFV,2020-05-29
GF6_WFV_E139.0_N29.1_20200529_L1A1120002145-2_21904_4608.png,0,1,0,0.4482421875,0.048828125,0.056640625,0.0390625,215.0,15.0,29.0,20.0,244.0,35.0,580.0,35.22782990761707,1.45,15.0,False,True,small,GF6_WFV_E139.0_N29.1_20200529_L1A1120002145-2,WFV,2020-05-29
GF6_WFV_E139.0_N29.1_20200529_L1A1120002145-2_22016_4608.png,0,1,0,0.23046875,0.044921875,0.046875,0.03515625,106.0,14.0,24.0,18.0,130.0,32.0,432.0,30.0,1.3333333333333333,14.0,False,True,small,GF6_WFV_E139.0_N29.1_20200529_L1A1120002145-2,WFV,2020-05-29
GF6_WFV_E139.0_N29.1_20200529_L1A1120002145-2_9216_1536.png,0,1,0,0.8828125,0.375,0.02734375,0.02734375,445.0,185.0,14.0,14.0,459.0,199.0,196.0,19.79898987322333,1.0,53.0,False,True,small,GF6_WFV_E139.0_N29.1_20200529_L1A1120002145-2,WFV,2020-05-29
GF6_WFV_E139.0_N29.1_20200529_L1A1120002145-3_1024_5120.png,0,1,0,0.90234375,0.3076171875,0.05859375,0.037109375,447.0,148.0,30.0,19.0,477.0,167.0,570.0,35.510561809129406,1.5789473684210527,35.0,False,True,small,GF6_WFV_E139.0_N29.1_20200529_L1A1120002145-3,WFV,2020-05-29
